{"features":[{"geometry":{"coordinates":[-81.54651452543965,35.89473769568106],"type":"Point"},"id":"cam_im3_campus_00009474864","properties":{"county_fipses":["37027"],"data_status":"provisional_source_record","display_name":"Google Data Center","entity_id":"cam_im3_campus_00009474864","entity_type":"campus","footprint_sqft":3407194.0,"geography_assignment_method":"point_in_polygon","primary_county_fips":"37027","release_vintage":"2026.02.09","source_layer":"campus","source_name":"Google Data Center","source_operator":"Google","source_record_id":"00009474864","source_ref":null,"source_reported_county_fipses":["37027"]},"type":"Feature"},{"geometry":{"coordinates":[-93.71182964871085,41.515966831711985],"type":"Point"},"id":"cam_im3_campus_00013924557","properties":{"county_fipses":["19153"],"data_status":"provisional_source_record","display_name":"Project Alluvion","entity_id":"cam_im3_campus_00013924557","entity_type":"campus","footprint_sqft":11169421.0,"geography_assignment_method":"point_in_polygon","primary_county_fips":"19153","release_vintage":"2026.02.09","source_layer":"campus","source_name":"Project Alluvion","source_operator":"Microsoft","source_record_id":"00013924557","source_ref":null,"source_reported_county_fipses":["19153"]},"type":"Feature"},{"geometry":{"coordinates":[-81.26180877040838,35.588771360781784],"type":"Point"},"id":"cam_im3_campus_00014593270","properties":{"county_fipses":["37035"],"data_status":"provisional_source_record","display_name":"Apple - Maiden Data Center","entity_id":"cam_im3_campus_00014593270","entity_type":"campus","footprint_sqft":5431080.0,"geography_assignment_method":"point_in_polygon","primary_county_fips":"37035","release_vintage":"2026.02.09","source_layer":"campus","source_name":"Apple - Maiden Data Center","source_operator":null,"source_record_id":"00014593270","source_ref":null,"source_reported_county_fipses":["37035"]},"type":"Feature"},{"geometry":{"coordinates":[-77.23645509442149,37.482763284885785],"type":"Point"},"id":"cam_im3_campus_00014997588","properties":{"county_fipses":["51087"],"data_status":"provisional_source_record","display_name":"Meta Henrico Data Center","entity_id":"cam_im3_campus_00014997588","entity_type":"campus","footprint_sqft":4671056.0,"geography_assignment_method":"point_in_polygon","primary_county_fips":"51087","release_vintage":"2026.02.09","source_layer":"campus","source_name":"Meta Henrico Data Center","source_operator":"Meta","source_record_id":"00014997588","source_ref":null,"source_reported_county_fipses":["51087"]},"type":"Feature"},{"geometry":{"coordinates":[-86.62831680386925,34.844244678024516],"type":"Point"},"id":"cam_im3_campus_00018518989","properties":{"county_fipses":["01089"],"data_status":"provisional_source_record","display_name":"Meta Huntsville Data Center","entity_id":"cam_im3_campus_00018518989","entity_type":"campus","footprint_sqft":14435561.0,"geography_assignment_method":"point_in_polygon","primary_county_fips":"01089","release_vintage":"2026.02.09","source_layer":"campus","source_name":"Meta Huntsville Data Center","source_operator":"Meta","source_record_id":"00018518989","source_ref":null,"source_reported_county_fipses":["01089"]},"type":"Feature"},{"geometry":{"coordinates":[-120.88638228128598,44.29844323079028],"type":"Point"},"id":"cam_im3_campus_00019988712","properties":{"county_fipses":["41013"],"data_status":"provisional_source_record","display_name":"Meta Prineville Datacenter","entity_id":"cam_im3_campus_00019988712","entity_type":"campus","footprint_sqft":17379079.0,"geography_assignment_method":"point_in_polygon","primary_county_fips":"41013","release_vintage":"2026.02.09","source_layer":"campus","source_name":"Meta Prineville Datacenter","source_operator":"Meta","source_record_id":"00019988712","source_ref":null,"source_reported_county_fipses":["41013"]},"type":"Feature"},{"geometry":{"coordinates":[-120.86588333153831,44.28455821302781],"type":"Point"},"id":"cam_im3_campus_00019993392","properties":{"county_fipses":["41013"],"data_status":"provisional_source_record","display_name":"Apple Prineville Datacenter","entity_id":"cam_im3_campus_00019993392","entity_type":"campus","footprint_sqft":15637431.0,"geography_assignment_method":"point_in_polygon","primary_county_fips":"41013","release_vintage":"2026.02.09","source_layer":"campus","source_name":"Apple Prineville Datacenter","source_operator":"Apple","source_record_id":"00019993392","source_ref":null,"source_reported_county_fipses":["41013"]},"type":"Feature"},{"geometry":{"coordinates":[-84.26744994290632,34.0822260639216],"type":"Point"},"id":"cam_im3_campus_00034770750","properties":{"county_fipses":["13121"],"data_status":"provisional_source_record","display_name":"Hewlett-Packard","entity_id":"cam_im3_campus_00034770750","entity_type":"campus","footprint_sqft":1294301.0,"geography_assignment_method":"point_in_polygon","primary_county_fips":"13121","release_vintage":"2026.02.09","source_layer":"campus","source_name":"Hewlett-Packard","source_operator":null,"source_record_id":"00034770750","source_ref":null,"source_reported_county_fipses":["13121"]},"type":"Feature"},{"geometry":{"coordinates":[-121.20130223060461,45.63204799165709],"type":"Point"},"id":"cam_im3_campus_00231769626","properties":{"county_fipses":["41065"],"data_status":"provisional_source_record","display_name":"Google Data Center The Dalles Oregon","entity_id":"cam_im3_campus_00231769626","entity_type":"campus","footprint_sqft":1487396.0,"geography_assignment_method":"point_in_polygon","primary_county_fips":"41065","release_vintage":"2026.02.09","source_layer":"campus","source_name":"Google Data Center The Dalles Oregon","source_operator":"Google","source_record_id":"00231769626","source_ref":null,"source_reported_county_fipses":["41065"]},"type":"Feature"},{"geometry":{"coordinates":[-115.08338594607392,36.143716212884904],"type":"Point"},"id":"cam_im3_campus_00254756938","properties":{"county_fipses":["32003"],"data_status":"provisional_source_record","display_name":"CenturyLink","entity_id":"cam_im3_campus_00254756938","entity_type":"campus","footprint_sqft":49212.0,"geography_assignment_method":"point_in_polygon","primary_county_fips":"32003","release_vintage":"2026.02.09","source_layer":"campus","source_name":"CenturyLink","source_operator":"Lumen Technologies","source_record_id":"00254756938","source_ref":null,"source_reported_county_fipses":["32003"]},"type":"Feature"},{"geometry":{"coordinates":[-119.81593119578889,47.24532712863972],"type":"Point"},"id":"cam_im3_campus_00283051472","properties":{"county_fipses":["53025"],"data_status":"provisional_source_record","display_name":"Intergate Quincy Data Center","entity_id":"cam_im3_campus_00283051472","entity_type":"campus","footprint_sqft":4318512.0,"geography_assignment_method":"point_in_polygon","primary_county_fips":"53025","release_vintage":"2026.02.09","source_layer":"campus","source_name":"Intergate Quincy Data Center","source_operator":"Sabey Data Centers","source_record_id":"00283051472","source_ref":null,"source_reported_county_fipses":["53025"]},"type":"Feature"},{"geometry":{"coordinates":[-119.8187531190913,47.251411489874954],"type":"Point"},"id":"cam_im3_campus_00283051474","properties":{"county_fipses":["53025"],"data_status":"provisional_source_record","display_name":"H5 Data Center","entity_id":"cam_im3_campus_00283051474","entity_type":"campus","footprint_sqft":2700606.0,"geography_assignment_method":"point_in_polygon","primary_county_fips":"53025","release_vintage":"2026.02.09","source_layer":"campus","source_name":"H5 Data Center","source_operator":"Intuit","source_record_id":"00283051474","source_ref":null,"source_reported_county_fipses":["53025"]},"type":"Feature"},{"geometry":{"coordinates":[-119.82778184700375,47.24698453090597],"type":"Point"},"id":"cam_im3_campus_00283051477","properties":{"county_fipses":["53025"],"data_status":"provisional_source_record","display_name":"Yahoo Data Center","entity_id":"cam_im3_campus_00283051477","entity_type":"campus","footprint_sqft":2171290.0,"geography_assignment_method":"point_in_polygon","primary_county_fips":"53025","release_vintage":"2026.02.09","source_layer":"campus","source_name":"Yahoo Data Center","source_operator":"Yahoo","source_record_id":"00283051477","source_ref":null,"source_reported_county_fipses":["53025"]},"type":"Feature"},{"geometry":{"coordinates":[-119.86463264336115,47.24435998530277],"type":"Point"},"id":"cam_im3_campus_00283051487","properties":{"county_fipses":["53025"],"data_status":"provisional_source_record","display_name":"NTTData Data Center","entity_id":"cam_im3_campus_00283051487","entity_type":"campus","footprint_sqft":3068566.0,"geography_assignment_method":"point_in_polygon","primary_county_fips":"53025","release_vintage":"2026.02.09","source_layer":"campus","source_name":"NTTData Data Center","source_operator":null,"source_record_id":"00283051487","source_ref":null,"source_reported_county_fipses":["53025"]},"type":"Feature"},{"geometry":{"coordinates":[-104.90530165717429,41.12341444962218],"type":"Point"},"id":"cam_im3_campus_00414055237","properties":{"county_fipses":["56021"],"data_status":"provisional_source_record","display_name":"Microsoft CYS Datacenter","entity_id":"cam_im3_campus_00414055237","entity_type":"campus","footprint_sqft":8353216.0,"geography_assignment_method":"point_in_polygon","primary_county_fips":"56021","release_vintage":"2026.02.09","source_layer":"campus","source_name":"Microsoft CYS Datacenter","source_operator":"Microsoft","source_record_id":"00414055237","source_ref":"CYS","source_reported_county_fipses":["56021"]},"type":"Feature"},{"geometry":{"coordinates":[-77.97818714607277,38.454936889103365],"type":"Point"},"id":"cam_im3_campus_00450078003","properties":{"county_fipses":["51047"],"data_status":"provisional_source_record","display_name":"Equinix CU2","entity_id":"cam_im3_campus_00450078003","entity_type":"campus","footprint_sqft":1299936.0,"geography_assignment_method":"point_in_polygon","primary_county_fips":"51047","release_vintage":"2026.02.09","source_layer":"campus","source_name":"Equinix CU2","source_operator":"Equinix","source_record_id":"00450078003","source_ref":null,"source_reported_county_fipses":["51047"]},"type":"Feature"},{"geometry":{"coordinates":[-77.45106545332197,39.0265748165722],"type":"Point"},"id":"cam_im3_campus_00460053028","properties":{"county_fipses":["51107"],"data_status":"provisional_source_record","display_name":"Amazon Web Services Datacenter Complex","entity_id":"cam_im3_campus_00460053028","entity_type":"campus","footprint_sqft":1088049.0,"geography_assignment_method":"point_in_polygon","primary_county_fips":"51107","release_vintage":"2026.02.09","source_layer":"campus","source_name":"Amazon Web Services Datacenter Complex","source_operator":"Amazon Web Services","source_record_id":"00460053028","source_ref":null,"source_reported_county_fipses":["51107"]},"type":"Feature"},{"geometry":{"coordinates":[-77.4586618970949,39.02886985735719],"type":"Point"},"id":"cam_im3_campus_00460053030","properties":{"county_fipses":["51107"],"data_status":"provisional_source_record","display_name":"Amazon Web Services","entity_id":"cam_im3_campus_00460053030","entity_type":"campus","footprint_sqft":1022344.0,"geography_assignment_method":"point_in_polygon","primary_county_fips":"51107","release_vintage":"2026.02.09","source_layer":"campus","source_name":"Amazon Web Services","source_operator":"Amazon Web Services","source_record_id":"00460053030","source_ref":null,"source_reported_county_fipses":["51107"]},"type":"Feature"},{"geometry":{"coordinates":[-77.44219586774605,38.9865020849492],"type":"Point"},"id":"cam_im3_campus_00460056018","properties":{"county_fipses":["51107"],"data_status":"provisional_source_record","display_name":"Unnamed IM3 campus 00460056018","entity_id":"cam_im3_campus_00460056018","entity_type":"campus","footprint_sqft":709715.0,"geography_assignment_method":"point_in_polygon","primary_county_fips":"51107","release_vintage":"2026.02.09","source_layer":"campus","source_name":null,"source_operator":null,"source_record_id":"00460056018","source_ref":null,"source_reported_county_fipses":["51107"]},"type":"Feature"},{"geometry":{"coordinates":[-82.75171093377944,40.09388273554784],"type":"Point"},"id":"cam_im3_campus_00460067220","properties":{"county_fipses":["39089"],"data_status":"provisional_source_record","display_name":"Amazon Web Services Datacenter Complex","entity_id":"cam_im3_campus_00460067220","entity_type":"campus","footprint_sqft":1106310.0,"geography_assignment_method":"point_in_polygon","primary_county_fips":"39089","release_vintage":"2026.02.09","source_layer":"campus","source_name":"Amazon Web Services Datacenter Complex","source_operator":"Amazon Web Services","source_record_id":"00460067220","source_ref":null,"source_reported_county_fipses":["39089"]},"type":"Feature"},{"geometry":{"coordinates":[-83.13425799033122,40.059902191478876],"type":"Point"},"id":"cam_im3_campus_00460067225","properties":{"county_fipses":["39049"],"data_status":"provisional_source_record","display_name":"Amazon AWS: Hilliard Data Center","entity_id":"cam_im3_campus_00460067225","entity_type":"campus","footprint_sqft":2578490.0,"geography_assignment_method":"point_in_polygon","primary_county_fips":"39049","release_vintage":"2026.02.09","source_layer":"campus","source_name":"Amazon AWS: Hilliard Data Center","source_operator":"Amazon Web Services us-east-2 datacenter","source_record_id":"00460067225","source_ref":null,"source_reported_county_fipses":["39049"]},"type":"Feature"},{"geometry":{"coordinates":[-120.19173054919484,47.40758787947685],"type":"Point"},"id":"cam_im3_campus_00460167190","properties":{"county_fipses":["53017"],"data_status":"provisional_source_record","display_name":"Intergate Columbia","entity_id":"cam_im3_campus_00460167190","entity_type":"campus","footprint_sqft":2771098.0,"geography_assignment_method":"point_in_polygon","primary_county_fips":"53017","release_vintage":"2026.02.09","source_layer":"campus","source_name":"Intergate Columbia","source_operator":null,"source_record_id":"00460167190","source_ref":null,"source_reported_county_fipses":["53017"]},"type":"Feature"},{"geometry":{"coordinates":[-118.2555689501841,34.04791495021397],"type":"Point"},"id":"cam_im3_campus_00495115494","properties":{"county_fipses":["06037"],"data_status":"provisional_source_record","display_name":"Unnamed IM3 campus 00495115494","entity_id":"cam_im3_campus_00495115494","entity_type":"campus","footprint_sqft":25505.0,"geography_assignment_method":"point_in_polygon","primary_county_fips":"06037","release_vintage":"2026.02.09","source_layer":"campus","source_name":null,"source_operator":null,"source_record_id":"00495115494","source_ref":null,"source_reported_county_fipses":["06037"]},"type":"Feature"},{"geometry":{"coordinates":[-98.64068795395536,29.447408414068715],"type":"Point"},"id":"cam_im3_campus_00509611414","properties":{"county_fipses":["48029"],"data_status":"provisional_source_record","display_name":"Texas Cryptologic Center","entity_id":"cam_im3_campus_00509611414","entity_type":"campus","footprint_sqft":465165.0,"geography_assignment_method":"point_in_polygon","primary_county_fips":"48029","release_vintage":"2026.02.09","source_layer":"campus","source_name":"Texas Cryptologic Center","source_operator":"National Security Agency","source_record_id":"00509611414","source_ref":null,"source_reported_county_fipses":["48029"]},"type":"Feature"},{"geometry":{"coordinates":[-111.67591118204943,33.35397593532737],"type":"Point"},"id":"cam_im3_campus_00518921099","properties":{"county_fipses":["04013"],"data_status":"provisional_source_record","display_name":"Google Data Center","entity_id":"cam_im3_campus_00518921099","entity_type":"campus","footprint_sqft":7905597.0,"geography_assignment_method":"point_in_polygon","primary_county_fips":"04013","release_vintage":"2026.02.09","source_layer":"campus","source_name":"Google Data Center","source_operator":"Google","source_record_id":"00518921099","source_ref":null,"source_reported_county_fipses":["04013"]},"type":"Feature"},{"geometry":{"coordinates":[-93.51143854964342,41.66969372876868],"type":"Point"},"id":"cam_im3_campus_00545730285","properties":{"county_fipses":["19153"],"data_status":"provisional_source_record","display_name":"Altoona Meta Data Center","entity_id":"cam_im3_campus_00545730285","entity_type":"campus","footprint_sqft":26568553.0,"geography_assignment_method":"point_in_polygon","primary_county_fips":"19153","release_vintage":"2026.02.09","source_layer":"campus","source_name":"Altoona Meta Data Center","source_operator":"Meta","source_record_id":"00545730285","source_ref":null,"source_reported_county_fipses":["19153"]},"type":"Feature"},{"geometry":{"coordinates":[-111.60431805940925,33.34679827603292],"type":"Point"},"id":"cam_im3_campus_00567575428","properties":{"county_fipses":["04013"],"data_status":"provisional_source_record","display_name":"Apple Mesa Data Center","entity_id":"cam_im3_campus_00567575428","entity_type":"campus","footprint_sqft":3983906.0,"geography_assignment_method":"point_in_polygon","primary_county_fips":"04013","release_vintage":"2026.02.09","source_layer":"campus","source_name":"Apple Mesa Data Center","source_operator":"Apple","source_record_id":"00567575428","source_ref":null,"source_reported_county_fipses":["04013"]},"type":"Feature"},{"geometry":{"coordinates":[-106.77989614196927,34.8302282334924],"type":"Point"},"id":"cam_im3_campus_00578412815","properties":{"county_fipses":["35061"],"data_status":"provisional_source_record","display_name":"Meta Los Lunas Data Center","entity_id":"cam_im3_campus_00578412815","entity_type":"campus","footprint_sqft":21836553.0,"geography_assignment_method":"point_in_polygon","primary_county_fips":"35061","release_vintage":"2026.02.09","source_layer":"campus","source_name":"Meta Los Lunas Data Center","source_operator":"Meta","source_record_id":"00578412815","source_ref":null,"source_reported_county_fipses":["35061"]},"type":"Feature"},{"geometry":{"coordinates":[-84.58522343651347,33.7505902365265],"type":"Point"},"id":"cam_im3_campus_00578435601","properties":{"county_fipses":["13097"],"data_status":"provisional_source_record","display_name":"Google Datacenter - Douglas County","entity_id":"cam_im3_campus_00578435601","entity_type":"campus","footprint_sqft":2608502.0,"geography_assignment_method":"point_in_polygon","primary_county_fips":"13097","release_vintage":"2026.02.09","source_layer":"campus","source_name":"Google Datacenter - Douglas County","source_operator":"Google","source_record_id":"00578435601","source_ref":null,"source_reported_county_fipses":["13097"]},"type":"Feature"},{"geometry":{"coordinates":[-95.86449775401766,41.22165804807755],"type":"Point"},"id":"cam_im3_campus_00578438011","properties":{"county_fipses":["19155"],"data_status":"provisional_source_record","display_name":"Google","entity_id":"cam_im3_campus_00578438011","entity_type":"campus","footprint_sqft":2304742.0,"geography_assignment_method":"point_in_polygon","primary_county_fips":"19155","release_vintage":"2026.02.09","source_layer":"campus","source_name":"Google","source_operator":"Google","source_record_id":"00578438011","source_ref":null,"source_reported_county_fipses":["19155"]},"type":"Feature"},{"geometry":{"coordinates":[-80.04215854242156,33.06378014460109],"type":"Point"},"id":"cam_im3_campus_00626226408","properties":{"county_fipses":["45015"],"data_status":"provisional_source_record","display_name":"Google Berkeley County Data Center","entity_id":"cam_im3_campus_00626226408","entity_type":"campus","footprint_sqft":8310940.0,"geography_assignment_method":"point_in_polygon","primary_county_fips":"45015","release_vintage":"2026.02.09","source_layer":"campus","source_name":"Google Berkeley County Data Center","source_operator":"Google","source_record_id":"00626226408","source_ref":null,"source_reported_county_fipses":["45015"]},"type":"Feature"},{"geometry":{"coordinates":[-84.27302456443608,34.05713671179483],"type":"Point"},"id":"cam_im3_campus_00635022480","properties":{"county_fipses":["13121"],"data_status":"provisional_source_record","display_name":"Ascent - Atlanta Data Center","entity_id":"cam_im3_campus_00635022480","entity_type":"campus","footprint_sqft":595317.0,"geography_assignment_method":"point_in_polygon","primary_county_fips":"13121","release_vintage":"2026.02.09","source_layer":"campus","source_name":"Ascent - Atlanta Data Center","source_operator":"Ascent","source_record_id":"00635022480","source_ref":null,"source_reported_county_fipses":["13121"]},"type":"Feature"},{"geometry":{"coordinates":[-119.86960399091235,47.243696120678365],"type":"Point"},"id":"cam_im3_campus_00640148472","properties":{"county_fipses":["53025"],"data_status":"provisional_source_record","display_name":"CyrusOne Quincy","entity_id":"cam_im3_campus_00640148472","entity_type":"campus","footprint_sqft":1779563.0,"geography_assignment_method":"point_in_polygon","primary_county_fips":"53025","release_vintage":"2026.02.09","source_layer":"campus","source_name":"CyrusOne Quincy","source_operator":"CyrusOne","source_record_id":"00640148472","source_ref":null,"source_reported_county_fipses":["53025"]},"type":"Feature"},{"geometry":{"coordinates":[-77.47198105085518,39.017730318422956],"type":"Point"},"id":"cam_im3_campus_00649365745","properties":{"county_fipses":["51107"],"data_status":"provisional_source_record","display_name":"NTT Ashburn Campus","entity_id":"cam_im3_campus_00649365745","entity_type":"campus","footprint_sqft":2116133.0,"geography_assignment_method":"point_in_polygon","primary_county_fips":"51107","release_vintage":"2026.02.09","source_layer":"campus","source_name":"NTT Ashburn Campus","source_operator":null,"source_record_id":"00649365745","source_ref":null,"source_reported_county_fipses":["51107"]},"type":"Feature"},{"geometry":{"coordinates":[-78.37655327186563,36.685373308018725],"type":"Point"},"id":"cam_im3_campus_00675108684","properties":{"county_fipses":["51117"],"data_status":"provisional_source_record","display_name":"Microsoft Boydton Data Center","entity_id":"cam_im3_campus_00675108684","entity_type":"campus","footprint_sqft":11273954.0,"geography_assignment_method":"point_in_polygon","primary_county_fips":"51117","release_vintage":"2026.02.09","source_layer":"campus","source_name":"Microsoft Boydton Data Center","source_operator":"Microsoft","source_record_id":"00675108684","source_ref":null,"source_reported_county_fipses":["51117"]},"type":"Feature"},{"geometry":{"coordinates":[-122.2796841184508,47.15959194833818],"type":"Point"},"id":"cam_im3_campus_00680666647","properties":{"county_fipses":["53053"],"data_status":"provisional_source_record","display_name":"Centeris","entity_id":"cam_im3_campus_00680666647","entity_type":"campus","footprint_sqft":1848925.0,"geography_assignment_method":"point_in_polygon","primary_county_fips":"53053","release_vintage":"2026.02.09","source_layer":"campus","source_name":"Centeris","source_operator":null,"source_record_id":"00680666647","source_ref":null,"source_reported_county_fipses":["53053"]},"type":"Feature"},{"geometry":{"coordinates":[-111.97730491362317,33.45214088175117],"type":"Point"},"id":"cam_im3_campus_00685011021","properties":{"county_fipses":["04013"],"data_status":"provisional_source_record","display_name":"Iron Mountain AZP-2","entity_id":"cam_im3_campus_00685011021","entity_type":"campus","footprint_sqft":463636.0,"geography_assignment_method":"point_in_polygon","primary_county_fips":"04013","release_vintage":"2026.02.09","source_layer":"campus","source_name":"Iron Mountain AZP-2","source_operator":"Iron Mountain","source_record_id":"00685011021","source_ref":"AZP-2","source_reported_county_fipses":["04013"]},"type":"Feature"},{"geometry":{"coordinates":[-77.23828608770066,37.49580861055279],"type":"Point"},"id":"cam_im3_campus_00688722307","properties":{"county_fipses":["51087"],"data_status":"provisional_source_record","display_name":"Bank of America Data Center","entity_id":"cam_im3_campus_00688722307","entity_type":"campus","footprint_sqft":2209960.0,"geography_assignment_method":"point_in_polygon","primary_county_fips":"51087","release_vintage":"2026.02.09","source_layer":"campus","source_name":"Bank of America Data Center","source_operator":null,"source_record_id":"00688722307","source_ref":null,"source_reported_county_fipses":["51087"]},"type":"Feature"},{"geometry":{"coordinates":[-77.4498761385079,38.99945874398648],"type":"Point"},"id":"cam_im3_campus_00696985482","properties":{"county_fipses":["51107"],"data_status":"provisional_source_record","display_name":"Unnamed IM3 campus 00696985482","entity_id":"cam_im3_campus_00696985482","entity_type":"campus","footprint_sqft":402308.0,"geography_assignment_method":"point_in_polygon","primary_county_fips":"51107","release_vintage":"2026.02.09","source_layer":"campus","source_name":null,"source_operator":null,"source_record_id":"00696985482","source_ref":null,"source_reported_county_fipses":["51107"]},"type":"Feature"},{"geometry":{"coordinates":[-77.54831684502851,38.79098152194525],"type":"Point"},"id":"cam_im3_campus_00696992451","properties":{"county_fipses":["51153"],"data_status":"provisional_source_record","display_name":"Unnamed IM3 campus 00696992451","entity_id":"cam_im3_campus_00696992451","entity_type":"campus","footprint_sqft":989045.0,"geography_assignment_method":"point_in_polygon","primary_county_fips":"51153","release_vintage":"2026.02.09","source_layer":"campus","source_name":null,"source_operator":null,"source_record_id":"00696992451","source_ref":null,"source_reported_county_fipses":["51153"]},"type":"Feature"},{"geometry":{"coordinates":[-77.65269565653946,38.81581597741176],"type":"Point"},"id":"cam_im3_campus_00697021949","properties":{"county_fipses":["51153"],"data_status":"provisional_source_record","display_name":"Amazon","entity_id":"cam_im3_campus_00697021949","entity_type":"campus","footprint_sqft":1278242.0,"geography_assignment_method":"point_in_polygon","primary_county_fips":"51153","release_vintage":"2026.02.09","source_layer":"campus","source_name":null,"source_operator":"Amazon","source_record_id":"00697021949","source_ref":null,"source_reported_county_fipses":["51153"]},"type":"Feature"},{"geometry":{"coordinates":[-119.88771018102906,47.23776925865819],"type":"Point"},"id":"cam_im3_campus_00700001774","properties":{"county_fipses":["53025"],"data_status":"provisional_source_record","display_name":"Microsoft MWH Data Center","entity_id":"cam_im3_campus_00700001774","entity_type":"campus","footprint_sqft":8381014.0,"geography_assignment_method":"point_in_polygon","primary_county_fips":"53025","release_vintage":"2026.02.09","source_layer":"campus","source_name":"Microsoft MWH Data Center","source_operator":"Microsoft","source_record_id":"00700001774","source_ref":null,"source_reported_county_fipses":["53025"]},"type":"Feature"},{"geometry":{"coordinates":[-121.20240398131145,45.63852891759573],"type":"Point"},"id":"cam_im3_campus_00700431553","properties":{"county_fipses":["41065"],"data_status":"provisional_source_record","display_name":"Google Taylor Lake Data Center","entity_id":"cam_im3_campus_00700431553","entity_type":"campus","footprint_sqft":1100932.0,"geography_assignment_method":"point_in_polygon","primary_county_fips":"41065","release_vintage":"2026.02.09","source_layer":"campus","source_name":"Google Taylor Lake Data Center","source_operator":"Google","source_record_id":"00700431553","source_ref":null,"source_reported_county_fipses":["41065"]},"type":"Feature"},{"geometry":{"coordinates":[-77.53939966702264,39.051431729239994],"type":"Point"},"id":"cam_im3_campus_00706726088","properties":{"county_fipses":["51107"],"data_status":"provisional_source_record","display_name":"Stonewall Creek Business Park","entity_id":"cam_im3_campus_00706726088","entity_type":"campus","footprint_sqft":1291753.0,"geography_assignment_method":"point_in_polygon","primary_county_fips":"51107","release_vintage":"2026.02.09","source_layer":"campus","source_name":"Stonewall Creek Business Park","source_operator":"Google","source_record_id":"00706726088","source_ref":null,"source_reported_county_fipses":["51107"]},"type":"Feature"},{"geometry":{"coordinates":[-77.24588647315302,37.48900065235947],"type":"Point"},"id":"cam_im3_campus_00708155014","properties":{"county_fipses":["51087"],"data_status":"provisional_source_record","display_name":"QTS Richmond Data Center","entity_id":"cam_im3_campus_00708155014","entity_type":"campus","footprint_sqft":3801096.0,"geography_assignment_method":"point_in_polygon","primary_county_fips":"51087","release_vintage":"2026.02.09","source_layer":"campus","source_name":"QTS Richmond Data Center","source_operator":"Quality Technology Services","source_record_id":"00708155014","source_ref":null,"source_reported_county_fipses":["51087"]},"type":"Feature"},{"geometry":{"coordinates":[-87.2600112195247,36.628576033072235],"type":"Point"},"id":"cam_im3_campus_00708931343","properties":{"county_fipses":["47125"],"data_status":"provisional_source_record","display_name":"Google Montgomery Data Center","entity_id":"cam_im3_campus_00708931343","entity_type":"campus","footprint_sqft":26612163.0,"geography_assignment_method":"point_in_polygon","primary_county_fips":"47125","release_vintage":"2026.02.09","source_layer":"campus","source_name":"Google Montgomery Data Center","source_operator":"Google LLC","source_record_id":"00708931343","source_ref":null,"source_reported_county_fipses":["47125"]},"type":"Feature"},{"geometry":{"coordinates":[-104.89703157236751,41.12869983787105],"type":"Point"},"id":"cam_im3_campus_00711811006","properties":{"county_fipses":["56021"],"data_status":"provisional_source_record","display_name":"University Corporation for Atmospheric Research","entity_id":"cam_im3_campus_00711811006","entity_type":"campus","footprint_sqft":571755.0,"geography_assignment_method":"point_in_polygon","primary_county_fips":"56021","release_vintage":"2026.02.09","source_layer":"campus","source_name":null,"source_operator":"University Corporation for Atmospheric Research","source_record_id":"00711811006","source_ref":null,"source_reported_county_fipses":["56021"]},"type":"Feature"},{"geometry":{"coordinates":[-97.70066952274375,30.207137561725276],"type":"Point"},"id":"cam_im3_campus_00713411278","properties":{"county_fipses":["48453"],"data_status":"provisional_source_record","display_name":"Unnamed IM3 campus 00713411278","entity_id":"cam_im3_campus_00713411278","entity_type":"campus","footprint_sqft":505061.0,"geography_assignment_method":"point_in_polygon","primary_county_fips":"48453","release_vintage":"2026.02.09","source_layer":"campus","source_name":null,"source_operator":null,"source_record_id":"00713411278","source_ref":null,"source_reported_county_fipses":["48453"]},"type":"Feature"},{"geometry":{"coordinates":[-97.69793314800336,30.205950600248734],"type":"Point"},"id":"cam_im3_campus_00713411279","properties":{"county_fipses":["48453"],"data_status":"provisional_source_record","display_name":"Unnamed IM3 campus 00713411279","entity_id":"cam_im3_campus_00713411279","entity_type":"campus","footprint_sqft":249430.0,"geography_assignment_method":"point_in_polygon","primary_county_fips":"48453","release_vintage":"2026.02.09","source_layer":"campus","source_name":null,"source_operator":null,"source_record_id":"00713411279","source_ref":null,"source_reported_county_fipses":["48453"]},"type":"Feature"},{"geometry":{"coordinates":[-96.81513069944252,33.08756902002124],"type":"Point"},"id":"cam_im3_campus_00714120969","properties":{"county_fipses":["48085"],"data_status":"provisional_source_record","display_name":"DataBank Plano Data Center","entity_id":"cam_im3_campus_00714120969","entity_type":"campus","footprint_sqft":375691.0,"geography_assignment_method":"point_in_polygon","primary_county_fips":"48085","release_vintage":"2026.02.09","source_layer":"campus","source_name":"DataBank Plano Data Center","source_operator":null,"source_record_id":"00714120969","source_ref":"DFW3","source_reported_county_fipses":["48085"]},"type":"Feature"},{"geometry":{"coordinates":[-74.0686769901749,40.77506789883385],"type":"Point"},"id":"cam_im3_campus_00714139864","properties":{"county_fipses":["34017"],"data_status":"provisional_source_record","display_name":"Equinix","entity_id":"cam_im3_campus_00714139864","entity_type":"campus","footprint_sqft":535110.0,"geography_assignment_method":"point_in_polygon","primary_county_fips":"34017","release_vintage":"2026.02.09","source_layer":"campus","source_name":"Equinix","source_operator":"Equinix","source_record_id":"00714139864","source_ref":null,"source_reported_county_fipses":["34017"]},"type":"Feature"},{"geometry":{"coordinates":[-74.06526820534951,40.78433424839382],"type":"Point"},"id":"cam_im3_campus_00714139868","properties":{"county_fipses":["34017"],"data_status":"provisional_source_record","display_name":"CoreSite Secaucus Campus","entity_id":"cam_im3_campus_00714139868","entity_type":"campus","footprint_sqft":438062.0,"geography_assignment_method":"point_in_polygon","primary_county_fips":"34017","release_vintage":"2026.02.09","source_layer":"campus","source_name":"CoreSite Secaucus Campus","source_operator":"CoreSite","source_record_id":"00714139868","source_ref":null,"source_reported_county_fipses":["34017"]},"type":"Feature"},{"geometry":{"coordinates":[-77.52625036711285,38.942771434884214],"type":"Point"},"id":"cam_im3_campus_00714622339","properties":{"county_fipses":["51107"],"data_status":"provisional_source_record","display_name":"Google Data Center","entity_id":"cam_im3_campus_00714622339","entity_type":"campus","footprint_sqft":2143143.0,"geography_assignment_method":"point_in_polygon","primary_county_fips":"51107","release_vintage":"2026.02.09","source_layer":"campus","source_name":"Google Data Center","source_operator":"Google","source_record_id":"00714622339","source_ref":null,"source_reported_county_fipses":["51107"]},"type":"Feature"},{"geometry":{"coordinates":[-77.5215991553083,38.94833223285257],"type":"Point"},"id":"cam_im3_campus_00714622340","properties":{"county_fipses":["51107"],"data_status":"provisional_source_record","display_name":"Amazon Fadeley III","entity_id":"cam_im3_campus_00714622340","entity_type":"campus","footprint_sqft":1654964.0,"geography_assignment_method":"point_in_polygon","primary_county_fips":"51107","release_vintage":"2026.02.09","source_layer":"campus","source_name":"Amazon Fadeley III","source_operator":null,"source_record_id":"00714622340","source_ref":null,"source_reported_county_fipses":["51107"]},"type":"Feature"},{"geometry":{"coordinates":[-95.75545033077461,29.80286842346413],"type":"Point"},"id":"cam_im3_campus_00714776107","properties":{"county_fipses":["48201"],"data_status":"provisional_source_record","display_name":"Skybox Houston One","entity_id":"cam_im3_campus_00714776107","entity_type":"campus","footprint_sqft":344540.0,"geography_assignment_method":"point_in_polygon","primary_county_fips":"48201","release_vintage":"2026.02.09","source_layer":"campus","source_name":"Skybox Houston One","source_operator":"Skybox","source_record_id":"00714776107","source_ref":null,"source_reported_county_fipses":["48201"]},"type":"Feature"},{"geometry":{"coordinates":[-85.74826082398661,34.914333709146234],"type":"Point"},"id":"cam_im3_campus_00714889192","properties":{"county_fipses":["01071"],"data_status":"provisional_source_record","display_name":"Google Jackson County Data Center","entity_id":"cam_im3_campus_00714889192","entity_type":"campus","footprint_sqft":7582142.0,"geography_assignment_method":"point_in_polygon","primary_county_fips":"01071","release_vintage":"2026.02.09","source_layer":"campus","source_name":"Google Jackson County Data Center","source_operator":"Google LLC","source_record_id":"00714889192","source_ref":null,"source_reported_county_fipses":["01071"]},"type":"Feature"},{"geometry":{"coordinates":[-96.14372146857282,41.121753730397295],"type":"Point"},"id":"cam_im3_campus_00714941629","properties":{"county_fipses":["31153"],"data_status":"provisional_source_record","display_name":"Sarpy Meta Data Center","entity_id":"cam_im3_campus_00714941629","entity_type":"campus","footprint_sqft":5922319.0,"geography_assignment_method":"point_in_polygon","primary_county_fips":"31153","release_vintage":"2026.02.09","source_layer":"campus","source_name":"Sarpy Meta Data Center","source_operator":"Meta","source_record_id":"00714941629","source_ref":null,"source_reported_county_fipses":["31153"]},"type":"Feature"},{"geometry":{"coordinates":[-81.3950094307914,35.25044990396285],"type":"Point"},"id":"cam_im3_campus_00715098032","properties":{"county_fipses":["37045"],"data_status":"provisional_source_record","display_name":"T5 Charlotte Campus","entity_id":"cam_im3_campus_00715098032","entity_type":"campus","footprint_sqft":379990.0,"geography_assignment_method":"point_in_polygon","primary_county_fips":"37045","release_vintage":"2026.02.09","source_layer":"campus","source_name":"T5 Charlotte Campus","source_operator":null,"source_record_id":"00715098032","source_ref":null,"source_reported_county_fipses":["37045"]},"type":"Feature"},{"geometry":{"coordinates":[-82.8007477594743,40.106353701609386],"type":"Point"},"id":"cam_im3_campus_00723117951","properties":{"county_fipses":["39049"],"data_status":"provisional_source_record","display_name":"STACK New Albany","entity_id":"cam_im3_campus_00723117951","entity_type":"campus","footprint_sqft":563283.0,"geography_assignment_method":"point_in_polygon","primary_county_fips":"39049","release_vintage":"2026.02.09","source_layer":"campus","source_name":"STACK New Albany","source_operator":null,"source_record_id":"00723117951","source_ref":"NAL01","source_reported_county_fipses":["39049"]},"type":"Feature"},{"geometry":{"coordinates":[-96.13364372425686,41.12194722186616],"type":"Point"},"id":"cam_im3_campus_00795853621","properties":{"county_fipses":["31153"],"data_status":"provisional_source_record","display_name":"Sarpy Meta Data Center","entity_id":"cam_im3_campus_00795853621","entity_type":"campus","footprint_sqft":6242843.0,"geography_assignment_method":"point_in_polygon","primary_county_fips":"31153","release_vintage":"2026.02.09","source_layer":"campus","source_name":"Sarpy Meta Data Center","source_operator":"Meta","source_record_id":"00795853621","source_ref":null,"source_reported_county_fipses":["31153"]},"type":"Feature"},{"geometry":{"coordinates":[-120.21413428085418,47.407417055353164],"type":"Point"},"id":"cam_im3_campus_00813688320","properties":{"county_fipses":["53017"],"data_status":"provisional_source_record","display_name":"Actapio","entity_id":"cam_im3_campus_00813688320","entity_type":"campus","footprint_sqft":362519.0,"geography_assignment_method":"point_in_polygon","primary_county_fips":"53017","release_vintage":"2026.02.09","source_layer":"campus","source_name":"Actapio","source_operator":"Actapio","source_record_id":"00813688320","source_ref":null,"source_reported_county_fipses":["53017"]},"type":"Feature"},{"geometry":{"coordinates":[-86.85568727257493,35.92450968308544],"type":"Point"},"id":"cam_im3_campus_00819981908","properties":{"county_fipses":["47187"],"data_status":"provisional_source_record","display_name":"TierPoint","entity_id":"cam_im3_campus_00819981908","entity_type":"campus","footprint_sqft":285740.0,"geography_assignment_method":"point_in_polygon","primary_county_fips":"47187","release_vintage":"2026.02.09","source_layer":"campus","source_name":"TierPoint","source_operator":null,"source_record_id":"00819981908","source_ref":null,"source_reported_county_fipses":["47187"]},"type":"Feature"},{"geometry":{"coordinates":[-86.7915321749878,36.02321854497319],"type":"Point"},"id":"cam_im3_campus_00826001605","properties":{"county_fipses":["47187"],"data_status":"provisional_source_record","display_name":"Unnamed IM3 campus 00826001605","entity_id":"cam_im3_campus_00826001605","entity_type":"campus","footprint_sqft":1834566.0,"geography_assignment_method":"point_in_polygon","primary_county_fips":"47187","release_vintage":"2026.02.09","source_layer":"campus","source_name":null,"source_operator":null,"source_record_id":"00826001605","source_ref":null,"source_reported_county_fipses":["47187"]},"type":"Feature"},{"geometry":{"coordinates":[-111.62196431898784,33.3442978188128],"type":"Point"},"id":"cam_im3_campus_00827888890","properties":{"county_fipses":["04013"],"data_status":"provisional_source_record","display_name":"EdgeCore Digital","entity_id":"cam_im3_campus_00827888890","entity_type":"campus","footprint_sqft":1602504.0,"geography_assignment_method":"point_in_polygon","primary_county_fips":"04013","release_vintage":"2026.02.09","source_layer":"campus","source_name":"EdgeCore Digital","source_operator":null,"source_record_id":"00827888890","source_ref":null,"source_reported_county_fipses":["04013"]},"type":"Feature"},{"geometry":{"coordinates":[-93.78856494092211,41.4982126945884],"type":"Point"},"id":"cam_im3_campus_00830885779","properties":{"county_fipses":["19121","19181"],"data_status":"provisional_source_record","display_name":"Project Osmium","entity_id":"cam_im3_campus_00830885779","entity_type":"campus","footprint_sqft":3691114.0,"geography_assignment_method":"geometry_intersection","primary_county_fips":"19121","release_vintage":"2026.02.09","source_layer":"campus","source_name":"Project Osmium","source_operator":"Microsoft","source_record_id":"00830885779","source_ref":null,"source_reported_county_fipses":["19121","19181"]},"type":"Feature"},{"geometry":{"coordinates":[-86.91145719083487,33.40471562419184],"type":"Point"},"id":"cam_im3_campus_00836908998","properties":{"county_fipses":["01073"],"data_status":"provisional_source_record","display_name":"Sungard Systems International","entity_id":"cam_im3_campus_00836908998","entity_type":"campus","footprint_sqft":665569.0,"geography_assignment_method":"point_in_polygon","primary_county_fips":"01073","release_vintage":"2026.02.09","source_layer":"campus","source_name":"Sungard Systems International","source_operator":null,"source_record_id":"00836908998","source_ref":null,"source_reported_county_fipses":["01073"]},"type":"Feature"},{"geometry":{"coordinates":[-78.29095951194115,39.017644447296405],"type":"Point"},"id":"cam_im3_campus_00840582927","properties":{"county_fipses":["51069"],"data_status":"provisional_source_record","display_name":"Middletown Data Center","entity_id":"cam_im3_campus_00840582927","entity_type":"campus","footprint_sqft":273198.0,"geography_assignment_method":"point_in_polygon","primary_county_fips":"51069","release_vintage":"2026.02.09","source_layer":"campus","source_name":"Middletown Data Center","source_operator":null,"source_record_id":"00840582927","source_ref":null,"source_reported_county_fipses":["51069"]},"type":"Feature"},{"geometry":{"coordinates":[-115.00905166700049,36.05779722778458],"type":"Point"},"id":"cam_im3_campus_00844359205","properties":{"county_fipses":["32003"],"data_status":"provisional_source_record","display_name":"Google Data Center","entity_id":"cam_im3_campus_00844359205","entity_type":"campus","footprint_sqft":2037873.0,"geography_assignment_method":"point_in_polygon","primary_county_fips":"32003","release_vintage":"2026.02.09","source_layer":"campus","source_name":"Google Data Center","source_operator":null,"source_record_id":"00844359205","source_ref":null,"source_reported_county_fipses":["32003"]},"type":"Feature"},{"geometry":{"coordinates":[-82.76621082766692,40.05820687502756],"type":"Point"},"id":"cam_im3_campus_00844391357","properties":{"county_fipses":["39049","39089"],"data_status":"provisional_source_record","display_name":"Google Data Center","entity_id":"cam_im3_campus_00844391357","entity_type":"campus","footprint_sqft":22688090.0,"geography_assignment_method":"geometry_intersection","primary_county_fips":"39049","release_vintage":"2026.02.09","source_layer":"campus","source_name":"Google Data Center","source_operator":"Google","source_record_id":"00844391357","source_ref":null,"source_reported_county_fipses":["39049","39089"]},"type":"Feature"},{"geometry":{"coordinates":[-78.8567969651793,38.46254477041857],"type":"Point"},"id":"cam_im3_campus_00876120402","properties":{"county_fipses":["51660"],"data_status":"provisional_source_record","display_name":"DBT Data - Harrisonburg Center","entity_id":"cam_im3_campus_00876120402","entity_type":"campus","footprint_sqft":505755.0,"geography_assignment_method":"point_in_polygon","primary_county_fips":"51660","release_vintage":"2026.02.09","source_layer":"campus","source_name":"DBT Data - Harrisonburg Center","source_operator":null,"source_record_id":"00876120402","source_ref":null,"source_reported_county_fipses":["51660"]},"type":"Feature"},{"geometry":{"coordinates":[-81.82474729583835,35.315698382784056],"type":"Point"},"id":"cam_im3_campus_00883809862","properties":{"county_fipses":["37161"],"data_status":"provisional_source_record","display_name":"Facebook Forest City Data Center","entity_id":"cam_im3_campus_00883809862","entity_type":"campus","footprint_sqft":4849510.0,"geography_assignment_method":"point_in_polygon","primary_county_fips":"37161","release_vintage":"2026.02.09","source_layer":"campus","source_name":"Facebook Forest City Data Center","source_operator":"Meta","source_record_id":"00883809862","source_ref":null,"source_reported_county_fipses":["37161"]},"type":"Feature"},{"geometry":{"coordinates":[-77.5594854254625,38.949312045394976],"type":"Point"},"id":"cam_im3_campus_00897226569","properties":{"county_fipses":["51107"],"data_status":"provisional_source_record","display_name":"Microsoft Data Center","entity_id":"cam_im3_campus_00897226569","entity_type":"campus","footprint_sqft":1575278.0,"geography_assignment_method":"point_in_polygon","primary_county_fips":"51107","release_vintage":"2026.02.09","source_layer":"campus","source_name":"Microsoft Data Center","source_operator":"Microsoft","source_record_id":"00897226569","source_ref":null,"source_reported_county_fipses":["51107"]},"type":"Feature"},{"geometry":{"coordinates":[-77.55535615935244,38.94928209940735],"type":"Point"},"id":"cam_im3_campus_00897226573","properties":{"county_fipses":["51107"],"data_status":"provisional_source_record","display_name":"Arcola Tech Park","entity_id":"cam_im3_campus_00897226573","entity_type":"campus","footprint_sqft":1735467.0,"geography_assignment_method":"point_in_polygon","primary_county_fips":"51107","release_vintage":"2026.02.09","source_layer":"campus","source_name":"Arcola Tech Park","source_operator":null,"source_record_id":"00897226573","source_ref":null,"source_reported_county_fipses":["51107"]},"type":"Feature"},{"geometry":{"coordinates":[-80.57017464245234,35.179383199219835],"type":"Point"},"id":"cam_im3_campus_00923167491","properties":{"county_fipses":["37179"],"data_status":"provisional_source_record","display_name":"Unnamed IM3 campus 00923167491","entity_id":"cam_im3_campus_00923167491","entity_type":"campus","footprint_sqft":608141.0,"geography_assignment_method":"point_in_polygon","primary_county_fips":"37179","release_vintage":"2026.02.09","source_layer":"campus","source_name":null,"source_operator":null,"source_record_id":"00923167491","source_ref":null,"source_reported_county_fipses":["37179"]},"type":"Feature"},{"geometry":{"coordinates":[-117.23884634999425,33.15360010009989],"type":"Point"},"id":"cam_im3_campus_00930540164","properties":{"county_fipses":["06073"],"data_status":"provisional_source_record","display_name":"Unnamed IM3 campus 00930540164","entity_id":"cam_im3_campus_00930540164","entity_type":"campus","footprint_sqft":13597.0,"geography_assignment_method":"point_in_polygon","primary_county_fips":"06073","release_vintage":"2026.02.09","source_layer":"campus","source_name":null,"source_operator":null,"source_record_id":"00930540164","source_ref":null,"source_reported_county_fipses":["06073"]},"type":"Feature"},{"geometry":{"coordinates":[-96.67610355446038,33.00895262021403],"type":"Point"},"id":"cam_im3_campus_00931729011","properties":{"county_fipses":["48085"],"data_status":"provisional_source_record","display_name":"Unnamed IM3 campus 00931729011","entity_id":"cam_im3_campus_00931729011","entity_type":"campus","footprint_sqft":605006.0,"geography_assignment_method":"point_in_polygon","primary_county_fips":"48085","release_vintage":"2026.02.09","source_layer":"campus","source_name":null,"source_operator":null,"source_record_id":"00931729011","source_ref":null,"source_reported_county_fipses":["48085"]},"type":"Feature"},{"geometry":{"coordinates":[-74.54801971324707,40.5242144195126],"type":"Point"},"id":"cam_im3_campus_00936368014","properties":{"county_fipses":["34035"],"data_status":"provisional_source_record","display_name":"Unnamed IM3 campus 00936368014","entity_id":"cam_im3_campus_00936368014","entity_type":"campus","footprint_sqft":284322.0,"geography_assignment_method":"point_in_polygon","primary_county_fips":"34035","release_vintage":"2026.02.09","source_layer":"campus","source_name":null,"source_operator":null,"source_record_id":"00936368014","source_ref":null,"source_reported_county_fipses":["34035"]},"type":"Feature"},{"geometry":{"coordinates":[-122.62504386293934,46.94142447057516],"type":"Point"},"id":"cam_im3_campus_00943987942","properties":{"county_fipses":["53067"],"data_status":"provisional_source_record","display_name":"Wave Broadband Tahoma Terra Facility","entity_id":"cam_im3_campus_00943987942","entity_type":"campus","footprint_sqft":9139.0,"geography_assignment_method":"point_in_polygon","primary_county_fips":"53067","release_vintage":"2026.02.09","source_layer":"campus","source_name":"Wave Broadband Tahoma Terra Facility","source_operator":null,"source_record_id":"00943987942","source_ref":null,"source_reported_county_fipses":["53067"]},"type":"Feature"},{"geometry":{"coordinates":[-84.88357121180205,32.4980963034713],"type":"Point"},"id":"cam_im3_campus_00958153769","properties":{"county_fipses":["13215"],"data_status":"provisional_source_record","display_name":"DLI ONE","entity_id":"cam_im3_campus_00958153769","entity_type":"campus","footprint_sqft":420795.0,"geography_assignment_method":"point_in_polygon","primary_county_fips":"13215","release_vintage":"2026.02.09","source_layer":"campus","source_name":"DLI ONE","source_operator":"DLI ONE","source_record_id":"00958153769","source_ref":null,"source_reported_county_fipses":["13215"]},"type":"Feature"},{"geometry":{"coordinates":[-74.53843497464507,40.543339080969226],"type":"Point"},"id":"cam_im3_campus_00989352911","properties":{"county_fipses":["34035"],"data_status":"provisional_source_record","display_name":"Unnamed IM3 campus 00989352911","entity_id":"cam_im3_campus_00989352911","entity_type":"campus","footprint_sqft":259234.0,"geography_assignment_method":"point_in_polygon","primary_county_fips":"34035","release_vintage":"2026.02.09","source_layer":"campus","source_name":null,"source_operator":null,"source_record_id":"00989352911","source_ref":null,"source_reported_county_fipses":["34035"]},"type":"Feature"},{"geometry":{"coordinates":[-88.13389076420349,42.07695198404611],"type":"Point"},"id":"cam_im3_campus_00998245264","properties":{"county_fipses":["17031"],"data_status":"provisional_source_record","display_name":"Microsoft Data Center - Hoffman Estates","entity_id":"cam_im3_campus_00998245264","entity_type":"campus","footprint_sqft":2105271.0,"geography_assignment_method":"point_in_polygon","primary_county_fips":"17031","release_vintage":"2026.02.09","source_layer":"campus","source_name":"Microsoft Data Center - Hoffman Estates","source_operator":null,"source_record_id":"00998245264","source_ref":null,"source_reported_county_fipses":["17031"]},"type":"Feature"},{"geometry":{"coordinates":[-84.27398204266025,34.06098518875687],"type":"Point"},"id":"cam_im3_campus_01012918195","properties":{"county_fipses":["13121"],"data_status":"provisional_source_record","display_name":"Unnamed IM3 campus 01012918195","entity_id":"cam_im3_campus_01012918195","entity_type":"campus","footprint_sqft":174649.0,"geography_assignment_method":"point_in_polygon","primary_county_fips":"13121","release_vintage":"2026.02.09","source_layer":"campus","source_name":null,"source_operator":null,"source_record_id":"01012918195","source_ref":null,"source_reported_county_fipses":["13121"]},"type":"Feature"},{"geometry":{"coordinates":[-88.72856898056978,41.889040347505414],"type":"Point"},"id":"cam_im3_campus_01019770124","properties":{"county_fipses":["17037"],"data_status":"provisional_source_record","display_name":"DeKalb Meta Data Center","entity_id":"cam_im3_campus_01019770124","entity_type":"campus","footprint_sqft":12793294.0,"geography_assignment_method":"point_in_polygon","primary_county_fips":"17037","release_vintage":"2026.02.09","source_layer":"campus","source_name":"DeKalb Meta Data Center","source_operator":"Meta Platforms","source_record_id":"01019770124","source_ref":null,"source_reported_county_fipses":["17037"]},"type":"Feature"},{"geometry":{"coordinates":[-77.48497952310191,39.0046791526227],"type":"Point"},"id":"cam_im3_campus_01020953454","properties":{"county_fipses":["51107"],"data_status":"provisional_source_record","display_name":"Digital Loudoun Plaza","entity_id":"cam_im3_campus_01020953454","entity_type":"campus","footprint_sqft":686547.0,"geography_assignment_method":"point_in_polygon","primary_county_fips":"51107","release_vintage":"2026.02.09","source_layer":"campus","source_name":"Digital Loudoun Plaza","source_operator":null,"source_record_id":"01020953454","source_ref":null,"source_reported_county_fipses":["51107"]},"type":"Feature"},{"geometry":{"coordinates":[-77.48159549467017,39.00169800147741],"type":"Point"},"id":"cam_im3_campus_01020953461","properties":{"county_fipses":["51107"],"data_status":"provisional_source_record","display_name":"Digital Loudoun Plaza","entity_id":"cam_im3_campus_01020953461","entity_type":"campus","footprint_sqft":2859895.0,"geography_assignment_method":"point_in_polygon","primary_county_fips":"51107","release_vintage":"2026.02.09","source_layer":"campus","source_name":"Digital Loudoun Plaza","source_operator":null,"source_record_id":"01020953461","source_ref":null,"source_reported_county_fipses":["51107"]},"type":"Feature"},{"geometry":{"coordinates":[-77.41779460624687,38.98103411725457],"type":"Point"},"id":"cam_im3_campus_01022744244","properties":{"county_fipses":["51107"],"data_status":"provisional_source_record","display_name":"AWS","entity_id":"cam_im3_campus_01022744244","entity_type":"campus","footprint_sqft":1789925.0,"geography_assignment_method":"point_in_polygon","primary_county_fips":"51107","release_vintage":"2026.02.09","source_layer":"campus","source_name":"AWS","source_operator":null,"source_record_id":"01022744244","source_ref":null,"source_reported_county_fipses":["51107"]},"type":"Feature"},{"geometry":{"coordinates":[-77.41110852642319,38.98782988809138],"type":"Point"},"id":"cam_im3_campus_01022744248","properties":{"county_fipses":["51107"],"data_status":"provisional_source_record","display_name":"AWS","entity_id":"cam_im3_campus_01022744248","entity_type":"campus","footprint_sqft":1069380.0,"geography_assignment_method":"point_in_polygon","primary_county_fips":"51107","release_vintage":"2026.02.09","source_layer":"campus","source_name":"AWS","source_operator":null,"source_record_id":"01022744248","source_ref":null,"source_reported_county_fipses":["51107"]},"type":"Feature"},{"geometry":{"coordinates":[-77.42605829279701,38.981619328745744],"type":"Point"},"id":"cam_im3_campus_01022757169","properties":{"county_fipses":["51107"],"data_status":"provisional_source_record","display_name":"AWS","entity_id":"cam_im3_campus_01022757169","entity_type":"campus","footprint_sqft":1128056.0,"geography_assignment_method":"point_in_polygon","primary_county_fips":"51107","release_vintage":"2026.02.09","source_layer":"campus","source_name":"AWS","source_operator":null,"source_record_id":"01022757169","source_ref":null,"source_reported_county_fipses":["51107"]},"type":"Feature"},{"geometry":{"coordinates":[-77.4257836910691,38.98473223230382],"type":"Point"},"id":"cam_im3_campus_01022757170","properties":{"county_fipses":["51107"],"data_status":"provisional_source_record","display_name":"Unnamed IM3 campus 01022757170","entity_id":"cam_im3_campus_01022757170","entity_type":"campus","footprint_sqft":384105.0,"geography_assignment_method":"point_in_polygon","primary_county_fips":"51107","release_vintage":"2026.02.09","source_layer":"campus","source_name":null,"source_operator":null,"source_record_id":"01022757170","source_ref":null,"source_reported_county_fipses":["51107"]},"type":"Feature"},{"geometry":{"coordinates":[-112.01771937397096,40.26819070295294],"type":"Point"},"id":"cam_im3_campus_01035123482","properties":{"county_fipses":["49049"],"data_status":"provisional_source_record","display_name":"Meta Eagle Mountain Data Center","entity_id":"cam_im3_campus_01035123482","entity_type":"campus","footprint_sqft":22734233.0,"geography_assignment_method":"point_in_polygon","primary_county_fips":"49049","release_vintage":"2026.02.09","source_layer":"campus","source_name":"Meta Eagle Mountain Data Center","source_operator":null,"source_record_id":"01035123482","source_ref":null,"source_reported_county_fipses":["49049"]},"type":"Feature"},{"geometry":{"coordinates":[-96.14365637259768,41.11410707210003],"type":"Point"},"id":"cam_im3_campus_01038780426","properties":{"county_fipses":["31153"],"data_status":"provisional_source_record","display_name":"Sarpy Meta Data Center","entity_id":"cam_im3_campus_01038780426","entity_type":"campus","footprint_sqft":7817408.0,"geography_assignment_method":"point_in_polygon","primary_county_fips":"31153","release_vintage":"2026.02.09","source_layer":"campus","source_name":"Sarpy Meta Data Center","source_operator":null,"source_record_id":"01038780426","source_ref":null,"source_reported_county_fipses":["31153"]},"type":"Feature"},{"geometry":{"coordinates":[-112.07061506346676,33.49340636611736],"type":"Point"},"id":"cam_im3_campus_01052182309","properties":{"county_fipses":["04013"],"data_status":"provisional_source_record","display_name":"Unnamed IM3 campus 01052182309","entity_id":"cam_im3_campus_01052182309","entity_type":"campus","footprint_sqft":365629.0,"geography_assignment_method":"point_in_polygon","primary_county_fips":"04013","release_vintage":"2026.02.09","source_layer":"campus","source_name":null,"source_operator":null,"source_record_id":"01052182309","source_ref":null,"source_reported_county_fipses":["04013"]},"type":"Feature"},{"geometry":{"coordinates":[-83.70034219452744,33.60076107577663],"type":"Point"},"id":"cam_im3_campus_01054387470","properties":{"county_fipses":["13217"],"data_status":"provisional_source_record","display_name":"Meta Stanton Springs Data Center","entity_id":"cam_im3_campus_01054387470","entity_type":"campus","footprint_sqft":9032398.0,"geography_assignment_method":"point_in_polygon","primary_county_fips":"13217","release_vintage":"2026.02.09","source_layer":"campus","source_name":"Meta Stanton Springs Data Center","source_operator":"Meta","source_record_id":"01054387470","source_ref":null,"source_reported_county_fipses":["13217"]},"type":"Feature"},{"geometry":{"coordinates":[-111.6303055253432,33.343592283212516],"type":"Point"},"id":"cam_im3_campus_01083297858","properties":{"county_fipses":["04013"],"data_status":"provisional_source_record","display_name":"Meta Data Center","entity_id":"cam_im3_campus_01083297858","entity_type":"campus","footprint_sqft":14850970.0,"geography_assignment_method":"point_in_polygon","primary_county_fips":"04013","release_vintage":"2026.02.09","source_layer":"campus","source_name":"Meta Data Center","source_operator":"Meta","source_record_id":"01083297858","source_ref":null,"source_reported_county_fipses":["04013"]},"type":"Feature"},{"geometry":{"coordinates":[-99.03832882211478,40.72592346991134],"type":"Point"},"id":"cam_im3_campus_01092757323","properties":{"county_fipses":["31019"],"data_status":"provisional_source_record","display_name":"Compute North","entity_id":"cam_im3_campus_01092757323","entity_type":"campus","footprint_sqft":356125.0,"geography_assignment_method":"point_in_polygon","primary_county_fips":"31019","release_vintage":"2026.02.09","source_layer":"campus","source_name":"Compute North","source_operator":null,"source_record_id":"01092757323","source_ref":null,"source_reported_county_fipses":["31019"]},"type":"Feature"},{"geometry":{"coordinates":[-94.59555838490552,39.32235240495545],"type":"Point"},"id":"cam_im3_campus_01126774147","properties":{"county_fipses":["29047","29165"],"data_status":"provisional_source_record","display_name":"Meta Kansas City Data Center","entity_id":"cam_im3_campus_01126774147","entity_type":"campus","footprint_sqft":13516765.0,"geography_assignment_method":"geometry_intersection","primary_county_fips":"29047","release_vintage":"2026.02.09","source_layer":"campus","source_name":"Meta Kansas City Data Center","source_operator":"Meta","source_record_id":"01126774147","source_ref":null,"source_reported_county_fipses":["29047","29165"]},"type":"Feature"},{"geometry":{"coordinates":[-77.49759322033701,38.95733457436757],"type":"Point"},"id":"cam_im3_campus_01161730862","properties":{"county_fipses":["51107"],"data_status":"provisional_source_record","display_name":"Unnamed IM3 campus 01161730862","entity_id":"cam_im3_campus_01161730862","entity_type":"campus","footprint_sqft":1524370.0,"geography_assignment_method":"point_in_polygon","primary_county_fips":"51107","release_vintage":"2026.02.09","source_layer":"campus","source_name":null,"source_operator":null,"source_record_id":"01161730862","source_ref":null,"source_reported_county_fipses":["51107"]},"type":"Feature"},{"geometry":{"coordinates":[-116.26750729921301,43.4631412647369],"type":"Point"},"id":"cam_im3_campus_01178649864","properties":{"county_fipses":["16001"],"data_status":"provisional_source_record","display_name":"Meta Kuna Data Center","entity_id":"cam_im3_campus_01178649864","entity_type":"campus","footprint_sqft":15951730.0,"geography_assignment_method":"point_in_polygon","primary_county_fips":"16001","release_vintage":"2026.02.09","source_layer":"campus","source_name":"Meta Kuna Data Center","source_operator":"Meta","source_record_id":"01178649864","source_ref":null,"source_reported_county_fipses":["16001"]},"type":"Feature"},{"geometry":{"coordinates":[-84.05926627312874,34.03623058231168],"type":"Point"},"id":"cam_im3_campus_01207052719","properties":{"county_fipses":["13135"],"data_status":"provisional_source_record","display_name":"QTS Suwanee","entity_id":"cam_im3_campus_01207052719","entity_type":"campus","footprint_sqft":1452037.0,"geography_assignment_method":"point_in_polygon","primary_county_fips":"13135","release_vintage":"2026.02.09","source_layer":"campus","source_name":"QTS Suwanee","source_operator":"Quality Technology Services","source_record_id":"01207052719","source_ref":null,"source_reported_county_fipses":["13135"]},"type":"Feature"},{"geometry":{"coordinates":[-86.37031411803846,36.408653770477216],"type":"Point"},"id":"cam_im3_campus_01213758201","properties":{"county_fipses":["47165"],"data_status":"provisional_source_record","display_name":"Gallatin Data Center","entity_id":"cam_im3_campus_01213758201","entity_type":"campus","footprint_sqft":17045005.0,"geography_assignment_method":"point_in_polygon","primary_county_fips":"47165","release_vintage":"2026.02.09","source_layer":"campus","source_name":"Gallatin Data Center","source_operator":"Meta","source_record_id":"01213758201","source_ref":null,"source_reported_county_fipses":["47165"]},"type":"Feature"},{"geometry":{"coordinates":[-95.87801936248775,41.2122139766782],"type":"Point"},"id":"cam_im3_campus_01226436457","properties":{"county_fipses":["19155"],"data_status":"provisional_source_record","display_name":"CyrusOne OCB1 Council Bluffs","entity_id":"cam_im3_campus_01226436457","entity_type":"campus","footprint_sqft":382799.0,"geography_assignment_method":"point_in_polygon","primary_county_fips":"19155","release_vintage":"2026.02.09","source_layer":"campus","source_name":"CyrusOne OCB1 Council Bluffs","source_operator":"CyrusOne","source_record_id":"01226436457","source_ref":"OCB1","source_reported_county_fipses":["19155"]},"type":"Feature"},{"geometry":{"coordinates":[-77.51061642582921,38.803345027236205],"type":"Point"},"id":"cam_im3_campus_01227539675","properties":{"county_fipses":["51153"],"data_status":"provisional_source_record","display_name":"Equinix DC14","entity_id":"cam_im3_campus_01227539675","entity_type":"campus","footprint_sqft":222846.0,"geography_assignment_method":"point_in_polygon","primary_county_fips":"51153","release_vintage":"2026.02.09","source_layer":"campus","source_name":"Equinix DC14","source_operator":"Equinix","source_record_id":"01227539675","source_ref":"DC14","source_reported_county_fipses":["51153"]},"type":"Feature"},{"geometry":{"coordinates":[-87.54712130515388,37.362990903258414],"type":"Point"},"id":"cam_im3_campus_01254161871","properties":{"county_fipses":["21107"],"data_status":"provisional_source_record","display_name":"Dynamics Mining","entity_id":"cam_im3_campus_01254161871","entity_type":"campus","footprint_sqft":442423.0,"geography_assignment_method":"point_in_polygon","primary_county_fips":"21107","release_vintage":"2026.02.09","source_layer":"campus","source_name":"Dynamics Mining","source_operator":null,"source_record_id":"01254161871","source_ref":null,"source_reported_county_fipses":["21107"]},"type":"Feature"},{"geometry":{"coordinates":[-82.99616096097107,39.848752677367955],"type":"Point"},"id":"cam_im3_campus_01281982556","properties":{"county_fipses":["39049"],"data_status":"provisional_source_record","display_name":"Google Lockbourne, OH","entity_id":"cam_im3_campus_01281982556","entity_type":"campus","footprint_sqft":11463730.0,"geography_assignment_method":"point_in_polygon","primary_county_fips":"39049","release_vintage":"2026.02.09","source_layer":"campus","source_name":"Google Lockbourne, OH","source_operator":"Google","source_record_id":"01281982556","source_ref":null,"source_reported_county_fipses":["39049"]},"type":"Feature"},{"geometry":{"coordinates":[-82.75147401690785,40.09907370699043],"type":"Point"},"id":"cam_im3_campus_01281982572","properties":{"county_fipses":["39089"],"data_status":"provisional_source_record","display_name":"Amazon New Albany: Jug and Beach Road","entity_id":"cam_im3_campus_01281982572","entity_type":"campus","footprint_sqft":1524640.0,"geography_assignment_method":"point_in_polygon","primary_county_fips":"39089","release_vintage":"2026.02.09","source_layer":"campus","source_name":"Amazon New Albany: Jug and Beach Road","source_operator":null,"source_record_id":"01281982572","source_ref":null,"source_reported_county_fipses":["39089"]},"type":"Feature"},{"geometry":{"coordinates":[-104.89498384404324,41.125124440694],"type":"Point"},"id":"cam_im3_campus_01282875386","properties":{"county_fipses":["56021"],"data_status":"provisional_source_record","display_name":"MineOne Wyoming Data Center","entity_id":"cam_im3_campus_01282875386","entity_type":"campus","footprint_sqft":306030.0,"geography_assignment_method":"point_in_polygon","primary_county_fips":"56021","release_vintage":"2026.02.09","source_layer":"campus","source_name":"MineOne Wyoming Data Center","source_operator":"MineOne","source_record_id":"01282875386","source_ref":null,"source_reported_county_fipses":["56021"]},"type":"Feature"},{"geometry":{"coordinates":[-81.80285198960169,41.44249497050612],"type":"Point"},"id":"cam_im3_campus_01292169104","properties":{"county_fipses":["39035"],"data_status":"provisional_source_record","display_name":"T5@Cleveland","entity_id":"cam_im3_campus_01292169104","entity_type":"campus","footprint_sqft":974789.0,"geography_assignment_method":"point_in_polygon","primary_county_fips":"39035","release_vintage":"2026.02.09","source_layer":"campus","source_name":"T5@Cleveland","source_operator":"T5 Data Centers","source_record_id":"01292169104","source_ref":null,"source_reported_county_fipses":["39035"]},"type":"Feature"},{"geometry":{"coordinates":[-97.73122803004239,32.34174517429652],"type":"Point"},"id":"cam_im3_campus_01301559332","properties":{"county_fipses":["48221"],"data_status":"provisional_source_record","display_name":"MARA Data Center","entity_id":"cam_im3_campus_01301559332","entity_type":"campus","footprint_sqft":1768886.0,"geography_assignment_method":"point_in_polygon","primary_county_fips":"48221","release_vintage":"2026.02.09","source_layer":"campus","source_name":"MARA Data Center","source_operator":"Marathon Digital Holdings","source_record_id":"01301559332","source_ref":null,"source_reported_county_fipses":["48221"]},"type":"Feature"},{"geometry":{"coordinates":[-81.84262698059472,33.642273149086826],"type":"Point"},"id":"cam_im3_campus_01312295357","properties":{"county_fipses":["45003"],"data_status":"provisional_source_record","display_name":"Meta Aiken Data Center","entity_id":"cam_im3_campus_01312295357","entity_type":"campus","footprint_sqft":3608146.0,"geography_assignment_method":"point_in_polygon","primary_county_fips":"45003","release_vintage":"2026.02.09","source_layer":"campus","source_name":"Meta Aiken Data Center","source_operator":"Meta","source_record_id":"01312295357","source_ref":null,"source_reported_county_fipses":["45003"]},"type":"Feature"},{"geometry":{"coordinates":[-115.21038851286191,36.05813028989026],"type":"Point"},"id":"cam_im3_campus_01314355599","properties":{"county_fipses":["32003"],"data_status":"provisional_source_record","display_name":"Switch Las Vegas 12","entity_id":"cam_im3_campus_01314355599","entity_type":"campus","footprint_sqft":484037.0,"geography_assignment_method":"point_in_polygon","primary_county_fips":"32003","release_vintage":"2026.02.09","source_layer":"campus","source_name":"Switch Las Vegas 12","source_operator":null,"source_record_id":"01314355599","source_ref":null,"source_reported_county_fipses":["32003"]},"type":"Feature"},{"geometry":{"coordinates":[-77.45319381679391,39.02194771328794],"type":"Point"},"id":"cam_im3_campus_01317915930","properties":{"county_fipses":["51107"],"data_status":"provisional_source_record","display_name":"Centersquare Ashburn IAD4 Data Center","entity_id":"cam_im3_campus_01317915930","entity_type":"campus","footprint_sqft":287687.0,"geography_assignment_method":"point_in_polygon","primary_county_fips":"51107","release_vintage":"2026.02.09","source_layer":"campus","source_name":"Centersquare Ashburn IAD4 Data Center","source_operator":"Centersquare","source_record_id":"01317915930","source_ref":"IAD4","source_reported_county_fipses":["51107"]},"type":"Feature"},{"geometry":{"coordinates":[-93.06262672085373,44.73502983558099],"type":"Point"},"id":"cam_im3_campus_01333289545","properties":{"county_fipses":["27037"],"data_status":"provisional_source_record","display_name":"Meta Rosemount Data Center","entity_id":"cam_im3_campus_01333289545","entity_type":"campus","footprint_sqft":10334558.0,"geography_assignment_method":"point_in_polygon","primary_county_fips":"27037","release_vintage":"2026.02.09","source_layer":"campus","source_name":"Meta Rosemount Data Center","source_operator":"Meta","source_record_id":"01333289545","source_ref":null,"source_reported_county_fipses":["27037"]},"type":"Feature"},{"geometry":{"coordinates":[-96.09132616357905,41.3425757499019],"type":"Point"},"id":"cam_im3_campus_01339825480","properties":{"county_fipses":["31055"],"data_status":"provisional_source_record","display_name":"Unnamed IM3 campus 01339825480","entity_id":"cam_im3_campus_01339825480","entity_type":"campus","footprint_sqft":21448981.0,"geography_assignment_method":"point_in_polygon","primary_county_fips":"31055","release_vintage":"2026.02.09","source_layer":"campus","source_name":null,"source_operator":null,"source_record_id":"01339825480","source_ref":null,"source_reported_county_fipses":["31055"]},"type":"Feature"},{"geometry":{"coordinates":[-77.47494238152574,38.998536773549944],"type":"Point"},"id":"cam_im3_campus_01343769701","properties":{"county_fipses":["51107"],"data_status":"provisional_source_record","display_name":"QTS Ashburn-Shellhorn","entity_id":"cam_im3_campus_01343769701","entity_type":"campus","footprint_sqft":829536.0,"geography_assignment_method":"point_in_polygon","primary_county_fips":"51107","release_vintage":"2026.02.09","source_layer":"campus","source_name":"QTS Ashburn-Shellhorn","source_operator":null,"source_record_id":"01343769701","source_ref":null,"source_reported_county_fipses":["51107"]},"type":"Feature"},{"geometry":{"coordinates":[-77.46211284959409,39.01071824022996],"type":"Point"},"id":"cam_im3_campus_01343774537","properties":{"county_fipses":["51107"],"data_status":"provisional_source_record","display_name":"CloudHQ Ashburn Campus","entity_id":"cam_im3_campus_01343774537","entity_type":"campus","footprint_sqft":1553192.0,"geography_assignment_method":"point_in_polygon","primary_county_fips":"51107","release_vintage":"2026.02.09","source_layer":"campus","source_name":"CloudHQ Ashburn Campus","source_operator":null,"source_record_id":"01343774537","source_ref":null,"source_reported_county_fipses":["51107"]},"type":"Feature"},{"geometry":{"coordinates":[-98.78780547219755,29.418348645320783],"type":"Point"},"id":"cam_im3_campus_01344366214","properties":{"county_fipses":["48029"],"data_status":"provisional_source_record","display_name":"CyrusOne SAT10 & SAT11","entity_id":"cam_im3_campus_01344366214","entity_type":"campus","footprint_sqft":934177.0,"geography_assignment_method":"point_in_polygon","primary_county_fips":"48029","release_vintage":"2026.02.09","source_layer":"campus","source_name":"CyrusOne SAT10 & SAT11","source_operator":"CyrusOne","source_record_id":"01344366214","source_ref":null,"source_reported_county_fipses":["48029"]},"type":"Feature"},{"geometry":{"coordinates":[-121.95536447297926,37.36897448736602],"type":"Point"},"id":"cam_im3_campus_01344376232","properties":{"county_fipses":["06085"],"data_status":"provisional_source_record","display_name":"NTT Silicon Valley data center campus","entity_id":"cam_im3_campus_01344376232","entity_type":"campus","footprint_sqft":143246.0,"geography_assignment_method":"point_in_polygon","primary_county_fips":"06085","release_vintage":"2026.02.09","source_layer":"campus","source_name":"NTT Silicon Valley data center campus","source_operator":null,"source_record_id":"01344376232","source_ref":null,"source_reported_county_fipses":["06085"]},"type":"Feature"},{"geometry":{"coordinates":[-84.5661312857646,39.38523874936671],"type":"Point"},"id":"cam_im3_campus_01346610234","properties":{"county_fipses":["39017"],"data_status":"provisional_source_record","display_name":"CyrusOne Cincinnati-Hamilton CIN4","entity_id":"cam_im3_campus_01346610234","entity_type":"campus","footprint_sqft":1543625.0,"geography_assignment_method":"point_in_polygon","primary_county_fips":"39017","release_vintage":"2026.02.09","source_layer":"campus","source_name":"CyrusOne Cincinnati-Hamilton CIN4","source_operator":"CyrusOne","source_record_id":"01346610234","source_ref":"CIN4","source_reported_county_fipses":["39017"]},"type":"Feature"},{"geometry":{"coordinates":[-111.61234316481308,33.353820971794995],"type":"Point"},"id":"cam_im3_campus_01356594646","properties":{"county_fipses":["04013"],"data_status":"provisional_source_record","display_name":"NTT PH1 Datacenter","entity_id":"cam_im3_campus_01356594646","entity_type":"campus","footprint_sqft":3498780.0,"geography_assignment_method":"point_in_polygon","primary_county_fips":"04013","release_vintage":"2026.02.09","source_layer":"campus","source_name":"NTT PH1 Datacenter","source_operator":"NTT","source_record_id":"01356594646","source_ref":null,"source_reported_county_fipses":["04013"]},"type":"Feature"},{"geometry":{"coordinates":[-111.97645506133327,33.45448755055384],"type":"Point"},"id":"cam_im3_campus_01357825755","properties":{"county_fipses":["04013"],"data_status":"provisional_source_record","display_name":"Iron Mountain AZP-1","entity_id":"cam_im3_campus_01357825755","entity_type":"campus","footprint_sqft":1290579.0,"geography_assignment_method":"point_in_polygon","primary_county_fips":"04013","release_vintage":"2026.02.09","source_layer":"campus","source_name":"Iron Mountain AZP-1","source_operator":"Iron Mountain","source_record_id":"01357825755","source_ref":"AZP-1","source_reported_county_fipses":["04013"]},"type":"Feature"},{"geometry":{"coordinates":[-83.63835552524,41.46529826036125],"type":"Point"},"id":"cam_im3_campus_01377162298","properties":{"county_fipses":["39173"],"data_status":"provisional_source_record","display_name":"Meta Bowling Green Data Center","entity_id":"cam_im3_campus_01377162298","entity_type":"campus","footprint_sqft":21498189.0,"geography_assignment_method":"point_in_polygon","primary_county_fips":"39173","release_vintage":"2026.02.09","source_layer":"campus","source_name":"Meta Bowling Green Data Center","source_operator":null,"source_record_id":"01377162298","source_ref":null,"source_reported_county_fipses":["39173"]},"type":"Feature"},{"geometry":{"coordinates":[-77.53741191978271,39.04372564306367],"type":"Point"},"id":"cam_im3_campus_01387391200","properties":{"county_fipses":["51107"],"data_status":"provisional_source_record","display_name":"True North Data Centers","entity_id":"cam_im3_campus_01387391200","entity_type":"campus","footprint_sqft":4583218.0,"geography_assignment_method":"point_in_polygon","primary_county_fips":"51107","release_vintage":"2026.02.09","source_layer":"campus","source_name":"True North Data Centers","source_operator":"True North Data Solutions","source_record_id":"01387391200","source_ref":null,"source_reported_county_fipses":["51107"]},"type":"Feature"},{"geometry":{"coordinates":[-98.57244091744637,46.013549459536904],"type":"Point"},"id":"cam_im3_campus_01422191450","properties":{"county_fipses":["38021"],"data_status":"provisional_source_record","display_name":"Applied Digital / Ellendale Data Center","entity_id":"cam_im3_campus_01422191450","entity_type":"campus","footprint_sqft":2706037.0,"geography_assignment_method":"point_in_polygon","primary_county_fips":"38021","release_vintage":"2026.02.09","source_layer":"campus","source_name":"Applied Digital / Ellendale Data Center","source_operator":"Applied Digital","source_record_id":"01422191450","source_ref":null,"source_reported_county_fipses":["38021"]},"type":"Feature"},{"geometry":{"coordinates":[-97.08018498547703,30.57331452461579],"type":"Point"},"id":"cam_im3_campus_01450418654","properties":{"county_fipses":["48331"],"data_status":"provisional_source_record","display_name":"Riot Rockdale","entity_id":"cam_im3_campus_01450418654","entity_type":"campus","footprint_sqft":4357993.0,"geography_assignment_method":"point_in_polygon","primary_county_fips":"48331","release_vintage":"2026.02.09","source_layer":"campus","source_name":"Riot Rockdale","source_operator":null,"source_record_id":"01450418654","source_ref":null,"source_reported_county_fipses":["48331"]},"type":"Feature"},{"geometry":{"coordinates":[-96.51328904143112,31.969859243171552],"type":"Point"},"id":"cam_im3_campus_01450422488","properties":{"county_fipses":["48349"],"data_status":"provisional_source_record","display_name":"Riot Corsiana","entity_id":"cam_im3_campus_01450422488","entity_type":"campus","footprint_sqft":11717820.0,"geography_assignment_method":"point_in_polygon","primary_county_fips":"48349","release_vintage":"2026.02.09","source_layer":"campus","source_name":"Riot Corsiana","source_operator":null,"source_record_id":"01450422488","source_ref":null,"source_reported_county_fipses":["48349"]},"type":"Feature"},{"geometry":{"coordinates":[-88.70305756107939,37.08923909811934],"type":"Point"},"id":"cam_im3_campus_01450788161","properties":{"county_fipses":["21145"],"data_status":"provisional_source_record","display_name":"Riot Kentucky","entity_id":"cam_im3_campus_01450788161","entity_type":"campus","footprint_sqft":223516.0,"geography_assignment_method":"point_in_polygon","primary_county_fips":"21145","release_vintage":"2026.02.09","source_layer":"campus","source_name":"Riot Kentucky","source_operator":null,"source_record_id":"01450788161","source_ref":null,"source_reported_county_fipses":["21145"]},"type":"Feature"},{"geometry":{"coordinates":[-88.81652212808933,43.510374241426895],"type":"Point"},"id":"cam_im3_campus_01453996659","properties":{"county_fipses":["55027"],"data_status":"provisional_source_record","display_name":"Meta Beaver Dam Data Center","entity_id":"cam_im3_campus_01453996659","entity_type":"campus","footprint_sqft":18261491.0,"geography_assignment_method":"point_in_polygon","primary_county_fips":"55027","release_vintage":"2026.02.09","source_layer":"campus","source_name":"Meta Beaver Dam Data Center","source_operator":"Meta","source_record_id":"01453996659","source_ref":null,"source_reported_county_fipses":["55027"]},"type":"Feature"},{"geometry":{"coordinates":[-104.82549757192865,41.0779035259037],"type":"Point"},"id":"cam_im3_campus_01455907959","properties":{"county_fipses":["56021"],"data_status":"provisional_source_record","display_name":"Meta Cheyenne Data Center","entity_id":"cam_im3_campus_01455907959","entity_type":"campus","footprint_sqft":11352010.0,"geography_assignment_method":"point_in_polygon","primary_county_fips":"56021","release_vintage":"2026.02.09","source_layer":"campus","source_name":"Meta Cheyenne Data Center","source_operator":"Meta","source_record_id":"01455907959","source_ref":null,"source_reported_county_fipses":["56021"]},"type":"Feature"},{"geometry":{"coordinates":[-88.32007315006497,36.3270316008224],"type":"Point"},"id":"cam_im3_campus_01459680304","properties":{"county_fipses":["47079"],"data_status":"provisional_source_record","display_name":"Newrays Two LLC Mining","entity_id":"cam_im3_campus_01459680304","entity_type":"campus","footprint_sqft":85491.0,"geography_assignment_method":"point_in_polygon","primary_county_fips":"47079","release_vintage":"2026.02.09","source_layer":"campus","source_name":"Newrays Two LLC Mining","source_operator":null,"source_record_id":"01459680304","source_ref":null,"source_reported_county_fipses":["47079"]},"type":"Feature"},{"geometry":{"coordinates":[-90.0918524305196,32.597993067055405],"type":"Point"},"id":"cam_im3_campus_01459880367","properties":{"county_fipses":["28089"],"data_status":"provisional_source_record","display_name":"Amazon Canton Data Center","entity_id":"cam_im3_campus_01459880367","entity_type":"campus","footprint_sqft":16581378.0,"geography_assignment_method":"point_in_polygon","primary_county_fips":"28089","release_vintage":"2026.02.09","source_layer":"campus","source_name":"Amazon Canton Data Center","source_operator":null,"source_record_id":"01459880367","source_ref":null,"source_reported_county_fipses":["28089"]},"type":"Feature"},{"geometry":{"coordinates":[-122.91848930131913,45.572027578605635],"type":"Point"},"id":"cam_im3_campus_01465196735","properties":{"county_fipses":["41067"],"data_status":"provisional_source_record","display_name":"QTS North HIL3 North Building","entity_id":"cam_im3_campus_01465196735","entity_type":"campus","footprint_sqft":176342.0,"geography_assignment_method":"point_in_polygon","primary_county_fips":"41067","release_vintage":"2026.02.09","source_layer":"campus","source_name":"QTS North HIL3 North Building","source_operator":"Quality Technology Services","source_record_id":"01465196735","source_ref":null,"source_reported_county_fipses":["41067"]},"type":"Feature"},{"geometry":{"coordinates":[-122.91989791093344,45.57007707507895],"type":"Point"},"id":"cam_im3_campus_01465196736","properties":{"county_fipses":["41067"],"data_status":"provisional_source_record","display_name":"QTS North HIL3 South Building","entity_id":"cam_im3_campus_01465196736","entity_type":"campus","footprint_sqft":215922.0,"geography_assignment_method":"point_in_polygon","primary_county_fips":"41067","release_vintage":"2026.02.09","source_layer":"campus","source_name":"QTS North HIL3 South Building","source_operator":"Quality Technology Services","source_record_id":"01465196736","source_ref":null,"source_reported_county_fipses":["41067"]},"type":"Feature"},{"geometry":{"coordinates":[-74.49652096447575,40.54425557630532],"type":"Point"},"id":"fac_im3_building_00002744301","properties":{"county_fipses":["34023"],"data_status":"provisional_source_record","display_name":"Verizon","entity_id":"fac_im3_building_00002744301","entity_type":"facility","footprint_sqft":105786.0,"geography_assignment_method":"point_in_polygon","primary_county_fips":"34023","release_vintage":"2026.02.09","source_layer":"building","source_name":"Verizon","source_operator":null,"source_record_id":"00002744301","source_ref":null,"source_reported_county_fipses":["34023"]},"type":"Feature"},{"geometry":{"coordinates":[-106.54282203991323,35.04994198074902],"type":"Point"},"id":"fac_im3_building_00014930068","properties":{"county_fipses":["35001"],"data_status":"provisional_source_record","display_name":"HPC","entity_id":"fac_im3_building_00014930068","entity_type":"facility","footprint_sqft":158463.0,"geography_assignment_method":"point_in_polygon","primary_county_fips":"35001","release_vintage":"2026.02.09","source_layer":"building","source_name":"HPC","source_operator":"Sandia National Laboratories","source_record_id":"00014930068","source_ref":"880","source_reported_county_fipses":["35001"]},"type":"Feature"},{"geometry":{"coordinates":[-74.28548116880219,40.64375303338713],"type":"Point"},"id":"fac_im3_building_00015884451","properties":{"county_fipses":["34039"],"data_status":"provisional_source_record","display_name":"Barclays Datacenter","entity_id":"fac_im3_building_00015884451","entity_type":"facility","footprint_sqft":94373.0,"geography_assignment_method":"point_in_polygon","primary_county_fips":"34039","release_vintage":"2026.02.09","source_layer":"building","source_name":"Barclays Datacenter","source_operator":"Barclays","source_record_id":"00015884451","source_ref":null,"source_reported_county_fipses":["34039"]},"type":"Feature"},{"geometry":{"coordinates":[-76.60643112453295,39.14024170717737],"type":"Point"},"id":"fac_im3_building_00016282459","properties":{"county_fipses":["24003"],"data_status":"provisional_source_record","display_name":"CyberNAP Glen Burnie","entity_id":"fac_im3_building_00016282459","entity_type":"facility","footprint_sqft":89879.0,"geography_assignment_method":"point_in_polygon","primary_county_fips":"24003","release_vintage":"2026.02.09","source_layer":"building","source_name":"CyberNAP Glen Burnie","source_operator":"AiNET","source_record_id":"00016282459","source_ref":null,"source_reported_county_fipses":["24003"]},"type":"Feature"},{"geometry":{"coordinates":[-96.84432644156146,46.81509687104177],"type":"Point"},"id":"fac_im3_building_00019390019","properties":{"county_fipses":["38017"],"data_status":"provisional_source_record","display_name":"Dakota Carrier Network","entity_id":"fac_im3_building_00019390019","entity_type":"facility","footprint_sqft":25931.0,"geography_assignment_method":"point_in_polygon","primary_county_fips":"38017","release_vintage":"2026.02.09","source_layer":"building","source_name":"Dakota Carrier Network","source_operator":null,"source_record_id":"00019390019","source_ref":null,"source_reported_county_fipses":["38017"]},"type":"Feature"},{"geometry":{"coordinates":[-77.58237918867958,38.8024111256264],"type":"Point"},"id":"fac_im3_building_00019787207","properties":{"county_fipses":["51153"],"data_status":"provisional_source_record","display_name":"Microsoft Data Center 1","entity_id":"fac_im3_building_00019787207","entity_type":"facility","footprint_sqft":248706.0,"geography_assignment_method":"point_in_polygon","primary_county_fips":"51153","release_vintage":"2026.02.09","source_layer":"building","source_name":"Microsoft Data Center 1","source_operator":"Microsoft","source_record_id":"00019787207","source_ref":"1","source_reported_county_fipses":["51153"]},"type":"Feature"},{"geometry":{"coordinates":[-97.0410416432689,32.83271789571454],"type":"Point"},"id":"fac_im3_building_00025706343","properties":{"county_fipses":["48439"],"data_status":"provisional_source_record","display_name":"Cyxtera Dallas-Fort Worth Data Center","entity_id":"fac_im3_building_00025706343","entity_type":"facility","footprint_sqft":309104.0,"geography_assignment_method":"point_in_polygon","primary_county_fips":"48439","release_vintage":"2026.02.09","source_layer":"building","source_name":"Cyxtera Dallas-Fort Worth Data Center","source_operator":"Cyxtera","source_record_id":"00025706343","source_ref":null,"source_reported_county_fipses":["48439"]},"type":"Feature"},{"geometry":{"coordinates":[-96.81951054637986,32.800943222986994],"type":"Point"},"id":"fac_im3_building_00028544618","properties":{"county_fipses":["48113"],"data_status":"provisional_source_record","display_name":"Equinix Infomart","entity_id":"fac_im3_building_00028544618","entity_type":"facility","footprint_sqft":239835.0,"geography_assignment_method":"point_in_polygon","primary_county_fips":"48113","release_vintage":"2026.02.09","source_layer":"building","source_name":"Equinix Infomart","source_operator":"Equinix","source_record_id":"00028544618","source_ref":null,"source_reported_county_fipses":["48113"]},"type":"Feature"},{"geometry":{"coordinates":[-71.07975761756323,42.37670588382176],"type":"Point"},"id":"fac_im3_building_00029827954","properties":{"county_fipses":["25017"],"data_status":"provisional_source_record","display_name":"CoreSite BO1","entity_id":"fac_im3_building_00029827954","entity_type":"facility","footprint_sqft":133960.0,"geography_assignment_method":"point_in_polygon","primary_county_fips":"25017","release_vintage":"2026.02.09","source_layer":"building","source_name":"CoreSite BO1","source_operator":null,"source_record_id":"00029827954","source_ref":"BO1","source_reported_county_fipses":["25017"]},"type":"Feature"},{"geometry":{"coordinates":[-118.23539293645689,34.05810223824728],"type":"Point"},"id":"fac_im3_building_00030666790","properties":{"county_fipses":["06037"],"data_status":"provisional_source_record","display_name":"USPO Terminal Annex","entity_id":"fac_im3_building_00030666790","entity_type":"facility","footprint_sqft":99270.0,"geography_assignment_method":"point_in_polygon","primary_county_fips":"06037","release_vintage":"2026.02.09","source_layer":"building","source_name":"USPO Terminal Annex","source_operator":"United States Postal Service","source_record_id":"00030666790","source_ref":null,"source_reported_county_fipses":["06037"]},"type":"Feature"},{"geometry":{"coordinates":[-96.79843729449847,32.77830147632332],"type":"Point"},"id":"fac_im3_building_00030827429","properties":{"county_fipses":["48113"],"data_status":"provisional_source_record","display_name":"DataBank","entity_id":"fac_im3_building_00030827429","entity_type":"facility","footprint_sqft":43564.0,"geography_assignment_method":"point_in_polygon","primary_county_fips":"48113","release_vintage":"2026.02.09","source_layer":"building","source_name":"DataBank","source_operator":null,"source_record_id":"00030827429","source_ref":null,"source_reported_county_fipses":["48113"]},"type":"Feature"},{"geometry":{"coordinates":[-84.31157999997258,39.303895806613035],"type":"Point"},"id":"fac_im3_building_00031250931","properties":{"county_fipses":["39165"],"data_status":"provisional_source_record","display_name":"CyrusOne Cincinnati-Mason CIN3","entity_id":"fac_im3_building_00031250931","entity_type":"facility","footprint_sqft":82813.0,"geography_assignment_method":"point_in_polygon","primary_county_fips":"39165","release_vintage":"2026.02.09","source_layer":"building","source_name":"CyrusOne Cincinnati-Mason CIN3","source_operator":"CyrusOne","source_record_id":"00031250931","source_ref":"CIN3","source_reported_county_fipses":["39165"]},"type":"Feature"},{"geometry":{"coordinates":[-117.12993394622255,32.827865524456854],"type":"Point"},"id":"fac_im3_building_00031800424","properties":{"county_fipses":["06073"],"data_status":"provisional_source_record","display_name":"LightEdge SAN1","entity_id":"fac_im3_building_00031800424","entity_type":"facility","footprint_sqft":83576.0,"geography_assignment_method":"point_in_polygon","primary_county_fips":"06073","release_vintage":"2026.02.09","source_layer":"building","source_name":"LightEdge SAN1","source_operator":null,"source_record_id":"00031800424","source_ref":null,"source_reported_county_fipses":["06073"]},"type":"Feature"},{"geometry":{"coordinates":[-117.1693449894231,32.842308661647536],"type":"Point"},"id":"fac_im3_building_00031803515","properties":{"county_fipses":["06073"],"data_status":"provisional_source_record","display_name":"EdgeConneX San Diego","entity_id":"fac_im3_building_00031803515","entity_type":"facility","footprint_sqft":39204.0,"geography_assignment_method":"point_in_polygon","primary_county_fips":"06073","release_vintage":"2026.02.09","source_layer":"building","source_name":"EdgeConneX San Diego","source_operator":"EdgeConneX","source_record_id":"00031803515","source_ref":null,"source_reported_county_fipses":["06073"]},"type":"Feature"},{"geometry":{"coordinates":[-121.49194609960875,38.6503995314376],"type":"Point"},"id":"fac_im3_building_00032560290","properties":{"county_fipses":["06067"],"data_status":"provisional_source_record","display_name":"RagingWire CA2","entity_id":"fac_im3_building_00032560290","entity_type":"facility","footprint_sqft":204702.0,"geography_assignment_method":"point_in_polygon","primary_county_fips":"06067","release_vintage":"2026.02.09","source_layer":"building","source_name":"RagingWire CA2","source_operator":"NTT","source_record_id":"00032560290","source_ref":"CA2","source_reported_county_fipses":["06067"]},"type":"Feature"},{"geometry":{"coordinates":[-121.48918647250004,38.65043183405982],"type":"Point"},"id":"fac_im3_building_00032560292","properties":{"county_fipses":["06067"],"data_status":"provisional_source_record","display_name":"RagingWire CA1","entity_id":"fac_im3_building_00032560292","entity_type":"facility","footprint_sqft":192302.0,"geography_assignment_method":"point_in_polygon","primary_county_fips":"06067","release_vintage":"2026.02.09","source_layer":"building","source_name":"RagingWire CA1","source_operator":"NTT","source_record_id":"00032560292","source_ref":"CA1","source_reported_county_fipses":["06067"]},"type":"Feature"},{"geometry":{"coordinates":[-121.7833201255276,37.241586803667886],"type":"Point"},"id":"fac_im3_building_00035491576","properties":{"county_fipses":["06085"],"data_status":"provisional_source_record","display_name":"Equinix SV1","entity_id":"fac_im3_building_00035491576","entity_type":"facility","footprint_sqft":135022.0,"geography_assignment_method":"point_in_polygon","primary_county_fips":"06085","release_vintage":"2026.02.09","source_layer":"building","source_name":"Equinix SV1","source_operator":"Equinix","source_record_id":"00035491576","source_ref":"SV1","source_reported_county_fipses":["06085"]},"type":"Feature"},{"geometry":{"coordinates":[-84.41211321346512,39.29404817733801],"type":"Point"},"id":"fac_im3_building_00036897140","properties":{"county_fipses":["39061"],"data_status":"provisional_source_record","display_name":"Unnamed IM3 building 00036897140","entity_id":"fac_im3_building_00036897140","entity_type":"facility","footprint_sqft":13074.0,"geography_assignment_method":"point_in_polygon","primary_county_fips":"39061","release_vintage":"2026.02.09","source_layer":"building","source_name":null,"source_operator":null,"source_record_id":"00036897140","source_ref":null,"source_reported_county_fipses":["39061"]},"type":"Feature"},{"geometry":{"coordinates":[-121.98781298697565,37.37343914789955],"type":"Point"},"id":"fac_im3_building_00037877544","properties":{"county_fipses":["06085"],"data_status":"provisional_source_record","display_name":"Lumen Sunnyvale 1","entity_id":"fac_im3_building_00037877544","entity_type":"facility","footprint_sqft":77132.0,"geography_assignment_method":"point_in_polygon","primary_county_fips":"06085","release_vintage":"2026.02.09","source_layer":"building","source_name":"Lumen Sunnyvale 1","source_operator":"Lumen Technologies","source_record_id":"00037877544","source_ref":null,"source_reported_county_fipses":["06085"]},"type":"Feature"},{"geometry":{"coordinates":[-121.95593725165453,37.37881629201175],"type":"Point"},"id":"fac_im3_building_00037947313","properties":{"county_fipses":["06085"],"data_status":"provisional_source_record","display_name":"OpenColo","entity_id":"fac_im3_building_00037947313","entity_type":"facility","footprint_sqft":65471.0,"geography_assignment_method":"point_in_polygon","primary_county_fips":"06085","release_vintage":"2026.02.09","source_layer":"building","source_name":"OpenColo","source_operator":null,"source_record_id":"00037947313","source_ref":null,"source_reported_county_fipses":["06085"]},"type":"Feature"},{"geometry":{"coordinates":[-121.95499188020412,37.378433690080165],"type":"Point"},"id":"fac_im3_building_00037947314","properties":{"county_fipses":["06085"],"data_status":"provisional_source_record","display_name":"Equinix Santa Clara SV2","entity_id":"fac_im3_building_00037947314","entity_type":"facility","footprint_sqft":81106.0,"geography_assignment_method":"point_in_polygon","primary_county_fips":"06085","release_vintage":"2026.02.09","source_layer":"building","source_name":"Equinix Santa Clara SV2","source_operator":"Equinix","source_record_id":"00037947314","source_ref":"SV2","source_reported_county_fipses":["06085"]},"type":"Feature"},{"geometry":{"coordinates":[-121.95415110304295,37.378039948434136],"type":"Point"},"id":"fac_im3_building_00037947315","properties":{"county_fipses":["06085"],"data_status":"provisional_source_record","display_name":"Layer42 Santa Clara","entity_id":"fac_im3_building_00037947315","entity_type":"facility","footprint_sqft":25031.0,"geography_assignment_method":"point_in_polygon","primary_county_fips":"06085","release_vintage":"2026.02.09","source_layer":"building","source_name":"Layer42 Santa Clara","source_operator":"Layer42","source_record_id":"00037947315","source_ref":null,"source_reported_county_fipses":["06085"]},"type":"Feature"},{"geometry":{"coordinates":[-121.97361948715526,37.37238819523252],"type":"Point"},"id":"fac_im3_building_00038305431","properties":{"county_fipses":["06085"],"data_status":"provisional_source_record","display_name":"Digital Realty Silicon Valley SJC34","entity_id":"fac_im3_building_00038305431","entity_type":"facility","footprint_sqft":129242.0,"geography_assignment_method":"point_in_polygon","primary_county_fips":"06085","release_vintage":"2026.02.09","source_layer":"building","source_name":"Digital Realty Silicon Valley SJC34","source_operator":"Digital Realty","source_record_id":"00038305431","source_ref":null,"source_reported_county_fipses":["06085"]},"type":"Feature"},{"geometry":{"coordinates":[-121.96969744738088,37.371519049598696],"type":"Point"},"id":"fac_im3_building_00038305568","properties":{"county_fipses":["06085"],"data_status":"provisional_source_record","display_name":"Csquare SFO1","entity_id":"fac_im3_building_00038305568","entity_type":"facility","footprint_sqft":92193.0,"geography_assignment_method":"point_in_polygon","primary_county_fips":"06085","release_vintage":"2026.02.09","source_layer":"building","source_name":"Csquare SFO1","source_operator":"Csquare","source_record_id":"00038305568","source_ref":null,"source_reported_county_fipses":["06085"]},"type":"Feature"},{"geometry":{"coordinates":[-121.97269293993045,37.37338590954395],"type":"Point"},"id":"fac_im3_building_00038305611","properties":{"county_fipses":["06085"],"data_status":"provisional_source_record","display_name":"Vantage","entity_id":"fac_im3_building_00038305611","entity_type":"facility","footprint_sqft":89293.0,"geography_assignment_method":"point_in_polygon","primary_county_fips":"06085","release_vintage":"2026.02.09","source_layer":"building","source_name":null,"source_operator":"Vantage","source_record_id":"00038305611","source_ref":null,"source_reported_county_fipses":["06085"]},"type":"Feature"},{"geometry":{"coordinates":[-84.23569669904141,34.09479739753544],"type":"Point"},"id":"fac_im3_building_00039083541","properties":{"county_fipses":["13121"],"data_status":"provisional_source_record","display_name":"Strategic Datasphere","entity_id":"fac_im3_building_00039083541","entity_type":"facility","footprint_sqft":127487.0,"geography_assignment_method":"point_in_polygon","primary_county_fips":"13121","release_vintage":"2026.02.09","source_layer":"building","source_name":"Strategic Datasphere","source_operator":null,"source_record_id":"00039083541","source_ref":null,"source_reported_county_fipses":["13121"]},"type":"Feature"},{"geometry":{"coordinates":[-84.25175214535511,34.08700522087238],"type":"Point"},"id":"fac_im3_building_00039083797","properties":{"county_fipses":["13121"],"data_status":"provisional_source_record","display_name":"Flexential Atlanta - Alpharetta Data Center","entity_id":"fac_im3_building_00039083797","entity_type":"facility","footprint_sqft":74814.0,"geography_assignment_method":"point_in_polygon","primary_county_fips":"13121","release_vintage":"2026.02.09","source_layer":"building","source_name":"Flexential Atlanta - Alpharetta Data Center","source_operator":"Flexential","source_record_id":"00039083797","source_ref":null,"source_reported_county_fipses":["13121"]},"type":"Feature"},{"geometry":{"coordinates":[-84.25087563127063,34.09370761226],"type":"Point"},"id":"fac_im3_building_00039083830","properties":{"county_fipses":["13121"],"data_status":"provisional_source_record","display_name":"Secure Data Center","entity_id":"fac_im3_building_00039083830","entity_type":"facility","footprint_sqft":184012.0,"geography_assignment_method":"point_in_polygon","primary_county_fips":"13121","release_vintage":"2026.02.09","source_layer":"building","source_name":"Secure Data Center","source_operator":null,"source_record_id":"00039083830","source_ref":null,"source_reported_county_fipses":["13121"]},"type":"Feature"},{"geometry":{"coordinates":[-121.96170042164619,37.365332809551084],"type":"Point"},"id":"fac_im3_building_00040608200","properties":{"county_fipses":["06085"],"data_status":"provisional_source_record","display_name":"Cologix Santa Clara SV1 Data Center","entity_id":"fac_im3_building_00040608200","entity_type":"facility","footprint_sqft":80686.0,"geography_assignment_method":"point_in_polygon","primary_county_fips":"06085","release_vintage":"2026.02.09","source_layer":"building","source_name":"Cologix Santa Clara SV1 Data Center","source_operator":"Cologix","source_record_id":"00040608200","source_ref":"SV1","source_reported_county_fipses":["06085"]},"type":"Feature"},{"geometry":{"coordinates":[-90.197174834978,38.62926158352849],"type":"Point"},"id":"fac_im3_building_00042323063","properties":{"county_fipses":["29510"],"data_status":"provisional_source_record","display_name":"Netrality Data Centers","entity_id":"fac_im3_building_00042323063","entity_type":"facility","footprint_sqft":23093.0,"geography_assignment_method":"point_in_polygon","primary_county_fips":"29510","release_vintage":"2026.02.09","source_layer":"building","source_name":"Netrality Data Centers","source_operator":null,"source_record_id":"00042323063","source_ref":null,"source_reported_county_fipses":["29510"]},"type":"Feature"},{"geometry":{"coordinates":[-93.28029157225949,44.99145768142225],"type":"Point"},"id":"fac_im3_building_00045448535","properties":{"county_fipses":["27053"],"data_status":"provisional_source_record","display_name":"Unnamed IM3 building 00045448535","entity_id":"fac_im3_building_00045448535","entity_type":"facility","footprint_sqft":51180.0,"geography_assignment_method":"point_in_polygon","primary_county_fips":"27053","release_vintage":"2026.02.09","source_layer":"building","source_name":null,"source_operator":null,"source_record_id":"00045448535","source_ref":null,"source_reported_county_fipses":["27053"]},"type":"Feature"},{"geometry":{"coordinates":[-77.51057747962513,38.80341459582856],"type":"Point"},"id":"fac_im3_building_00045583050","properties":{"county_fipses":["51153"],"data_status":"provisional_source_record","display_name":"Unnamed IM3 building 00045583050","entity_id":"fac_im3_building_00045583050","entity_type":"facility","footprint_sqft":52906.0,"geography_assignment_method":"point_in_polygon","primary_county_fips":"51153","release_vintage":"2026.02.09","source_layer":"building","source_name":null,"source_operator":null,"source_record_id":"00045583050","source_ref":null,"source_reported_county_fipses":["51153"]},"type":"Feature"},{"geometry":{"coordinates":[-77.54111111954948,38.790500006452135],"type":"Point"},"id":"fac_im3_building_00045776978","properties":{"county_fipses":["51153"],"data_status":"provisional_source_record","display_name":"Amazon IAD11","entity_id":"fac_im3_building_00045776978","entity_type":"facility","footprint_sqft":122474.0,"geography_assignment_method":"point_in_polygon","primary_county_fips":"51153","release_vintage":"2026.02.09","source_layer":"building","source_name":"Amazon IAD11","source_operator":"Amazon Web Services","source_record_id":"00045776978","source_ref":"Amazon IAD11","source_reported_county_fipses":["51153"]},"type":"Feature"},{"geometry":{"coordinates":[-77.54000633908686,38.79035015175034],"type":"Point"},"id":"fac_im3_building_00045776979","properties":{"county_fipses":["51153"],"data_status":"provisional_source_record","display_name":"Amazon IAD24","entity_id":"fac_im3_building_00045776979","entity_type":"facility","footprint_sqft":31388.0,"geography_assignment_method":"point_in_polygon","primary_county_fips":"51153","release_vintage":"2026.02.09","source_layer":"building","source_name":"Amazon IAD24","source_operator":"Amazon Web Services","source_record_id":"00045776979","source_ref":"IAD24","source_reported_county_fipses":["51153"]},"type":"Feature"},{"geometry":{"coordinates":[-77.53827709301147,38.791203751967444],"type":"Point"},"id":"fac_im3_building_00045776988","properties":{"county_fipses":["51153"],"data_status":"provisional_source_record","display_name":"Amazon IAD7","entity_id":"fac_im3_building_00045776988","entity_type":"facility","footprint_sqft":109423.0,"geography_assignment_method":"point_in_polygon","primary_county_fips":"51153","release_vintage":"2026.02.09","source_layer":"building","source_name":"Amazon IAD7","source_operator":"Amazon Web Services","source_record_id":"00045776988","source_ref":"Amazon IAD-7","source_reported_county_fipses":["51153"]},"type":"Feature"},{"geometry":{"coordinates":[-84.51789753744696,39.102694860367215],"type":"Point"},"id":"fac_im3_building_00046128119","properties":{"county_fipses":["39061"],"data_status":"provisional_source_record","display_name":"CyrusOne CIN2","entity_id":"fac_im3_building_00046128119","entity_type":"facility","footprint_sqft":29534.0,"geography_assignment_method":"point_in_polygon","primary_county_fips":"39061","release_vintage":"2026.02.09","source_layer":"building","source_name":"CyrusOne CIN2","source_operator":"CyrusOne","source_record_id":"00046128119","source_ref":"CIN2","source_reported_county_fipses":["39061"]},"type":"Feature"},{"geometry":{"coordinates":[-77.594876153305,38.778111268742116],"type":"Point"},"id":"fac_im3_building_00046831933","properties":{"county_fipses":["51153"],"data_status":"provisional_source_record","display_name":"VA 4","entity_id":"fac_im3_building_00046831933","entity_type":"facility","footprint_sqft":263538.0,"geography_assignment_method":"point_in_polygon","primary_county_fips":"51153","release_vintage":"2026.02.09","source_layer":"building","source_name":"VA 4","source_operator":"Digital Realty","source_record_id":"00046831933","source_ref":null,"source_reported_county_fipses":["51153"]},"type":"Feature"},{"geometry":{"coordinates":[-77.43287558139869,39.0216455535984],"type":"Point"},"id":"fac_im3_building_00048242814","properties":{"county_fipses":["51107"],"data_status":"provisional_source_record","display_name":"Amazon IAD10","entity_id":"fac_im3_building_00048242814","entity_type":"facility","footprint_sqft":112726.0,"geography_assignment_method":"point_in_polygon","primary_county_fips":"51107","release_vintage":"2026.02.09","source_layer":"building","source_name":"Amazon IAD10","source_operator":"Amazon Web Services","source_record_id":"00048242814","source_ref":"IAD10","source_reported_county_fipses":["51107"]},"type":"Feature"},{"geometry":{"coordinates":[-77.43479445422666,39.021569324291804],"type":"Point"},"id":"fac_im3_building_00048242816","properties":{"county_fipses":["51107"],"data_status":"provisional_source_record","display_name":"Amazon IAD32","entity_id":"fac_im3_building_00048242816","entity_type":"facility","footprint_sqft":35700.0,"geography_assignment_method":"point_in_polygon","primary_county_fips":"51107","release_vintage":"2026.02.09","source_layer":"building","source_name":"Amazon IAD32","source_operator":"Amazon Web Services","source_record_id":"00048242816","source_ref":"IAD32","source_reported_county_fipses":["51107"]},"type":"Feature"},{"geometry":{"coordinates":[-122.93739288182853,45.549583992290586],"type":"Point"},"id":"fac_im3_building_00052059176","properties":{"county_fipses":["41067"],"data_status":"provisional_source_record","display_name":"NTT RagingWire Data Center","entity_id":"fac_im3_building_00052059176","entity_type":"facility","footprint_sqft":260339.0,"geography_assignment_method":"point_in_polygon","primary_county_fips":"41067","release_vintage":"2026.02.09","source_layer":"building","source_name":"NTT RagingWire Data Center","source_operator":"NTT","source_record_id":"00052059176","source_ref":null,"source_reported_county_fipses":["41067"]},"type":"Feature"},{"geometry":{"coordinates":[-77.41518975933123,39.02390730425034],"type":"Point"},"id":"fac_im3_building_00052094269","properties":{"county_fipses":["51107"],"data_status":"provisional_source_record","display_name":"Centersquare IAD1-B","entity_id":"fac_im3_building_00052094269","entity_type":"facility","footprint_sqft":79070.0,"geography_assignment_method":"point_in_polygon","primary_county_fips":"51107","release_vintage":"2026.02.09","source_layer":"building","source_name":"Centersquare IAD1-B","source_operator":"Centersquare","source_record_id":"00052094269","source_ref":"IAD1-B","source_reported_county_fipses":["51107"]},"type":"Feature"},{"geometry":{"coordinates":[-77.4132010228583,39.023321212075864],"type":"Point"},"id":"fac_im3_building_00052094270","properties":{"county_fipses":["51107"],"data_status":"provisional_source_record","display_name":"Centersquare IAD1-A","entity_id":"fac_im3_building_00052094270","entity_type":"facility","footprint_sqft":89830.0,"geography_assignment_method":"point_in_polygon","primary_county_fips":"51107","release_vintage":"2026.02.09","source_layer":"building","source_name":"Centersquare IAD1-A","source_operator":"Centersquare","source_record_id":"00052094270","source_ref":"IAD1-A","source_reported_county_fipses":["51107"]},"type":"Feature"},{"geometry":{"coordinates":[-77.41220365945969,39.02475554990798],"type":"Point"},"id":"fac_im3_building_00052094294","properties":{"county_fipses":["51107"],"data_status":"provisional_source_record","display_name":"Centersquare IAD1-C","entity_id":"fac_im3_building_00052094294","entity_type":"facility","footprint_sqft":135383.0,"geography_assignment_method":"point_in_polygon","primary_county_fips":"51107","release_vintage":"2026.02.09","source_layer":"building","source_name":"Centersquare IAD1-C","source_operator":"Centersquare","source_record_id":"00052094294","source_ref":"IAD1-C","source_reported_county_fipses":["51107"]},"type":"Feature"},{"geometry":{"coordinates":[-93.59883127427163,44.851592871190945],"type":"Point"},"id":"fac_im3_building_00052227492","properties":{"county_fipses":["27019"],"data_status":"provisional_source_record","display_name":"Flexential Minneapolis - Chaska","entity_id":"fac_im3_building_00052227492","entity_type":"facility","footprint_sqft":135505.0,"geography_assignment_method":"point_in_polygon","primary_county_fips":"27019","release_vintage":"2026.02.09","source_layer":"building","source_name":"Flexential Minneapolis - Chaska","source_operator":"Flexential","source_record_id":"00052227492","source_ref":null,"source_reported_county_fipses":["27019"]},"type":"Feature"},{"geometry":{"coordinates":[-104.97933224935198,39.74523035286353],"type":"Point"},"id":"fac_im3_building_00052958203","properties":{"county_fipses":["08031"],"data_status":"provisional_source_record","display_name":"Pearl Plaza Office Building","entity_id":"fac_im3_building_00052958203","entity_type":"facility","footprint_sqft":48787.0,"geography_assignment_method":"point_in_polygon","primary_county_fips":"08031","release_vintage":"2026.02.09","source_layer":"building","source_name":"Pearl Plaza Office Building","source_operator":null,"source_record_id":"00052958203","source_ref":null,"source_reported_county_fipses":["08031"]},"type":"Feature"},{"geometry":{"coordinates":[-121.98086935105141,37.39757919675742],"type":"Point"},"id":"fac_im3_building_00054119665","properties":{"county_fipses":["06085"],"data_status":"provisional_source_record","display_name":"Csquare SFO2","entity_id":"fac_im3_building_00054119665","entity_type":"facility","footprint_sqft":146098.0,"geography_assignment_method":"point_in_polygon","primary_county_fips":"06085","release_vintage":"2026.02.09","source_layer":"building","source_name":"Csquare SFO2","source_operator":"Csquare","source_record_id":"00054119665","source_ref":"SFO2","source_reported_county_fipses":["06085"]},"type":"Feature"},{"geometry":{"coordinates":[-121.98111165280665,37.39861833320087],"type":"Point"},"id":"fac_im3_building_00054119667","properties":{"county_fipses":["06085"],"data_status":"provisional_source_record","display_name":"Csquare SFO2","entity_id":"fac_im3_building_00054119667","entity_type":"facility","footprint_sqft":115693.0,"geography_assignment_method":"point_in_polygon","primary_county_fips":"06085","release_vintage":"2026.02.09","source_layer":"building","source_name":"Csquare SFO2","source_operator":"Csquare","source_record_id":"00054119667","source_ref":"SFO2","source_reported_county_fipses":["06085"]},"type":"Feature"},{"geometry":{"coordinates":[-121.97830969442313,37.39398377756207],"type":"Point"},"id":"fac_im3_building_00054121151","properties":{"county_fipses":["06085"],"data_status":"provisional_source_record","display_name":"QTS Santa Clara 1","entity_id":"fac_im3_building_00054121151","entity_type":"facility","footprint_sqft":32173.0,"geography_assignment_method":"point_in_polygon","primary_county_fips":"06085","release_vintage":"2026.02.09","source_layer":"building","source_name":"QTS Santa Clara 1","source_operator":"Quality Technology Services","source_record_id":"00054121151","source_ref":null,"source_reported_county_fipses":["06085"]},"type":"Feature"},{"geometry":{"coordinates":[-121.97170937322579,37.37514209318246],"type":"Point"},"id":"fac_im3_building_00054173383","properties":{"county_fipses":["06085"],"data_status":"provisional_source_record","display_name":"CoreSite SV3","entity_id":"fac_im3_building_00054173383","entity_type":"facility","footprint_sqft":57809.0,"geography_assignment_method":"point_in_polygon","primary_county_fips":"06085","release_vintage":"2026.02.09","source_layer":"building","source_name":"CoreSite SV3","source_operator":"CoreSite","source_record_id":"00054173383","source_ref":"SV3","source_reported_county_fipses":["06085"]},"type":"Feature"},{"geometry":{"coordinates":[-121.97208379973041,37.37630188023717],"type":"Point"},"id":"fac_im3_building_00054173753","properties":{"county_fipses":["06085"],"data_status":"provisional_source_record","display_name":"CoreSite SV6","entity_id":"fac_im3_building_00054173753","entity_type":"facility","footprint_sqft":61065.0,"geography_assignment_method":"point_in_polygon","primary_county_fips":"06085","release_vintage":"2026.02.09","source_layer":"building","source_name":"CoreSite SV6","source_operator":"CoreSite","source_record_id":"00054173753","source_ref":"SV6","source_reported_county_fipses":["06085"]},"type":"Feature"},{"geometry":{"coordinates":[-121.97184005109759,37.37738265750685],"type":"Point"},"id":"fac_im3_building_00054173755","properties":{"county_fipses":["06085"],"data_status":"provisional_source_record","display_name":"CoreSite SV8","entity_id":"fac_im3_building_00054173755","entity_type":"facility","footprint_sqft":41609.0,"geography_assignment_method":"point_in_polygon","primary_county_fips":"06085","release_vintage":"2026.02.09","source_layer":"building","source_name":"CoreSite SV8","source_operator":"CoreSite","source_record_id":"00054173755","source_ref":"SV8","source_reported_county_fipses":["06085"]},"type":"Feature"},{"geometry":{"coordinates":[-121.97068979280725,37.37519609854625],"type":"Point"},"id":"fac_im3_building_00054383196","properties":{"county_fipses":["06085"],"data_status":"provisional_source_record","display_name":"CoreSite SV5","entity_id":"fac_im3_building_00054383196","entity_type":"facility","footprint_sqft":50856.0,"geography_assignment_method":"point_in_polygon","primary_county_fips":"06085","release_vintage":"2026.02.09","source_layer":"building","source_name":"CoreSite SV5","source_operator":"CoreSite","source_record_id":"00054383196","source_ref":"SV5","source_reported_county_fipses":["06085"]},"type":"Feature"},{"geometry":{"coordinates":[-121.9696099700251,37.37555851580601],"type":"Point"},"id":"fac_im3_building_00054383197","properties":{"county_fipses":["06085"],"data_status":"provisional_source_record","display_name":"CoreSite SV9","entity_id":"fac_im3_building_00054383197","entity_type":"facility","footprint_sqft":60403.0,"geography_assignment_method":"point_in_polygon","primary_county_fips":"06085","release_vintage":"2026.02.09","source_layer":"building","source_name":"CoreSite SV9","source_operator":"CoreSite","source_record_id":"00054383197","source_ref":"SV9","source_reported_county_fipses":["06085"]},"type":"Feature"},{"geometry":{"coordinates":[-121.97839685451906,37.392721680154914],"type":"Point"},"id":"fac_im3_building_00058708529","properties":{"county_fipses":["06085"],"data_status":"provisional_source_record","display_name":"QTS Santa Clara 2","entity_id":"fac_im3_building_00058708529","entity_type":"facility","footprint_sqft":36808.0,"geography_assignment_method":"point_in_polygon","primary_county_fips":"06085","release_vintage":"2026.02.09","source_layer":"building","source_name":"QTS Santa Clara 2","source_operator":"Quality Technology Services","source_record_id":"00058708529","source_ref":null,"source_reported_county_fipses":["06085"]},"type":"Feature"},{"geometry":{"coordinates":[-77.44176406797281,39.00469915120877],"type":"Point"},"id":"fac_im3_building_00059294476","properties":{"county_fipses":["51107"],"data_status":"provisional_source_record","display_name":"STACK NVA01A - Northern Virginia","entity_id":"fac_im3_building_00059294476","entity_type":"facility","footprint_sqft":179330.0,"geography_assignment_method":"point_in_polygon","primary_county_fips":"51107","release_vintage":"2026.02.09","source_layer":"building","source_name":"STACK NVA01A - Northern Virginia","source_operator":"Stack Infrastructure","source_record_id":"00059294476","source_ref":"NVA01A","source_reported_county_fipses":["51107"]},"type":"Feature"},{"geometry":{"coordinates":[-93.25465186805063,44.97130185223087],"type":"Point"},"id":"fac_im3_building_00063619642","properties":{"county_fipses":["27053"],"data_status":"provisional_source_record","display_name":"Minnesota Gateway Data Center","entity_id":"fac_im3_building_00063619642","entity_type":"facility","footprint_sqft":87697.0,"geography_assignment_method":"point_in_polygon","primary_county_fips":"27053","release_vintage":"2026.02.09","source_layer":"building","source_name":"Minnesota Gateway Data Center","source_operator":null,"source_record_id":"00063619642","source_ref":null,"source_reported_county_fipses":["27053"]},"type":"Feature"},{"geometry":{"coordinates":[-73.7527452452726,42.64935307487593],"type":"Point"},"id":"fac_im3_building_00069827429","properties":{"county_fipses":["36001"],"data_status":"provisional_source_record","display_name":"IBM Building","entity_id":"fac_im3_building_00069827429","entity_type":"facility","footprint_sqft":15355.0,"geography_assignment_method":"point_in_polygon","primary_county_fips":"36001","release_vintage":"2026.02.09","source_layer":"building","source_name":"IBM Building","source_operator":null,"source_record_id":"00069827429","source_ref":null,"source_reported_county_fipses":["36001"]},"type":"Feature"},{"geometry":{"coordinates":[-83.07698605760793,42.32626638236376],"type":"Point"},"id":"fac_im3_building_00071187940","properties":{"county_fipses":["26163"],"data_status":"provisional_source_record","display_name":"Verizon Wireless","entity_id":"fac_im3_building_00071187940","entity_type":"facility","footprint_sqft":24933.0,"geography_assignment_method":"point_in_polygon","primary_county_fips":"26163","release_vintage":"2026.02.09","source_layer":"building","source_name":null,"source_operator":"Verizon Wireless","source_record_id":"00071187940","source_ref":"DTRT.PP2","source_reported_county_fipses":["26163"]},"type":"Feature"},{"geometry":{"coordinates":[-70.95247263069143,43.14361852296161],"type":"Point"},"id":"fac_im3_building_00079056848","properties":{"county_fipses":["33017"],"data_status":"provisional_source_record","display_name":"University of New Hampshire","entity_id":"fac_im3_building_00079056848","entity_type":"facility","footprint_sqft":30553.0,"geography_assignment_method":"point_in_polygon","primary_county_fips":"33017","release_vintage":"2026.02.09","source_layer":"building","source_name":null,"source_operator":"University of New Hampshire","source_record_id":"00079056848","source_ref":null,"source_reported_county_fipses":["33017"]},"type":"Feature"},{"geometry":{"coordinates":[-77.32729535242555,38.94846385493133],"type":"Point"},"id":"fac_im3_building_00079158387","properties":{"county_fipses":["51059"],"data_status":"provisional_source_record","display_name":"VA3","entity_id":"fac_im3_building_00079158387","entity_type":"facility","footprint_sqft":96241.0,"geography_assignment_method":"point_in_polygon","primary_county_fips":"51059","release_vintage":"2026.02.09","source_layer":"building","source_name":"VA3","source_operator":"Digital Realty","source_record_id":"00079158387","source_ref":"VA3","source_reported_county_fipses":["51059"]},"type":"Feature"},{"geometry":{"coordinates":[-77.32940997255484,38.94881628378597],"type":"Point"},"id":"fac_im3_building_00079159494","properties":{"county_fipses":["51059"],"data_status":"provisional_source_record","display_name":"IAD1","entity_id":"fac_im3_building_00079159494","entity_type":"facility","footprint_sqft":19325.0,"geography_assignment_method":"point_in_polygon","primary_county_fips":"51059","release_vintage":"2026.02.09","source_layer":"building","source_name":"IAD1","source_operator":"Evocative","source_record_id":"00079159494","source_ref":"IAD1","source_reported_county_fipses":["51059"]},"type":"Feature"},{"geometry":{"coordinates":[-77.36454759512179,38.95058588448764],"type":"Point"},"id":"fac_im3_building_00079298926","properties":{"county_fipses":["51059"],"data_status":"provisional_source_record","display_name":"CoreSite Reston Campus VA1","entity_id":"fac_im3_building_00079298926","entity_type":"facility","footprint_sqft":138035.0,"geography_assignment_method":"point_in_polygon","primary_county_fips":"51059","release_vintage":"2026.02.09","source_layer":"building","source_name":"CoreSite Reston Campus VA1","source_operator":"CoreSite","source_record_id":"00079298926","source_ref":null,"source_reported_county_fipses":["51059"]},"type":"Feature"},{"geometry":{"coordinates":[-77.37236980053557,38.94846756695561],"type":"Point"},"id":"fac_im3_building_00079818498","properties":{"county_fipses":["51059"],"data_status":"provisional_source_record","display_name":"CoreSite Reston VA3","entity_id":"fac_im3_building_00079818498","entity_type":"facility","footprint_sqft":249707.0,"geography_assignment_method":"point_in_polygon","primary_county_fips":"51059","release_vintage":"2026.02.09","source_layer":"building","source_name":"CoreSite Reston VA3","source_operator":"CoreSite","source_record_id":"00079818498","source_ref":null,"source_reported_county_fipses":["51059"]},"type":"Feature"},{"geometry":{"coordinates":[-70.80804278020655,43.076119257829404],"type":"Point"},"id":"fac_im3_building_00087058670","properties":{"county_fipses":["33015"],"data_status":"provisional_source_record","display_name":"FirstLight","entity_id":"fac_im3_building_00087058670","entity_type":"facility","footprint_sqft":9316.0,"geography_assignment_method":"point_in_polygon","primary_county_fips":"33015","release_vintage":"2026.02.09","source_layer":"building","source_name":null,"source_operator":"FirstLight","source_record_id":"00087058670","source_ref":null,"source_reported_county_fipses":["33015"]},"type":"Feature"},{"geometry":{"coordinates":[-104.99569107454519,39.74557178496544],"type":"Point"},"id":"fac_im3_building_00089784186","properties":{"county_fipses":["08031"],"data_status":"provisional_source_record","display_name":"Insurance Exchange Building","entity_id":"fac_im3_building_00089784186","entity_type":"facility","footprint_sqft":19807.0,"geography_assignment_method":"point_in_polygon","primary_county_fips":"08031","release_vintage":"2026.02.09","source_layer":"building","source_name":"Insurance Exchange Building","source_operator":null,"source_record_id":"00089784186","source_ref":null,"source_reported_county_fipses":["08031"]},"type":"Feature"},{"geometry":{"coordinates":[-76.9643217094945,39.05856287562289],"type":"Point"},"id":"fac_im3_building_00093210344","properties":{"county_fipses":["24031"],"data_status":"provisional_source_record","display_name":"Lincoln Rackhouse Maryland","entity_id":"fac_im3_building_00093210344","entity_type":"facility","footprint_sqft":146301.0,"geography_assignment_method":"point_in_polygon","primary_county_fips":"24031","release_vintage":"2026.02.09","source_layer":"building","source_name":"Lincoln Rackhouse Maryland","source_operator":"Lincoln Rackhouse","source_record_id":"00093210344","source_ref":null,"source_reported_county_fipses":["24031"]},"type":"Feature"},{"geometry":{"coordinates":[-84.22187533686325,39.389018744445785],"type":"Point"},"id":"fac_im3_building_00095349317","properties":{"county_fipses":["39165"],"data_status":"provisional_source_record","display_name":"CyrusOne Cincinnati-Lebanon","entity_id":"fac_im3_building_00095349317","entity_type":"facility","footprint_sqft":198403.0,"geography_assignment_method":"point_in_polygon","primary_county_fips":"39165","release_vintage":"2026.02.09","source_layer":"building","source_name":"CyrusOne Cincinnati-Lebanon","source_operator":null,"source_record_id":"00095349317","source_ref":null,"source_reported_county_fipses":["39165"]},"type":"Feature"},{"geometry":{"coordinates":[-74.03114084308724,40.79686366512243],"type":"Point"},"id":"fac_im3_building_00095782052","properties":{"county_fipses":["34017"],"data_status":"provisional_source_record","display_name":"Equinix NY7 Data Center","entity_id":"fac_im3_building_00095782052","entity_type":"facility","footprint_sqft":68650.0,"geography_assignment_method":"point_in_polygon","primary_county_fips":"34017","release_vintage":"2026.02.09","source_layer":"building","source_name":"Equinix NY7 Data Center","source_operator":"Equinix","source_record_id":"00095782052","source_ref":"NY7","source_reported_county_fipses":["34017"]},"type":"Feature"},{"geometry":{"coordinates":[-122.01457953832227,37.41456431406775],"type":"Point"},"id":"fac_im3_building_00099813512","properties":{"county_fipses":["06085"],"data_status":"provisional_source_record","display_name":"Equinix SV4","entity_id":"fac_im3_building_00099813512","entity_type":"facility","footprint_sqft":122369.0,"geography_assignment_method":"point_in_polygon","primary_county_fips":"06085","release_vintage":"2026.02.09","source_layer":"building","source_name":"Equinix SV4","source_operator":"Equinix","source_record_id":"00099813512","source_ref":"SV4","source_reported_county_fipses":["06085"]},"type":"Feature"},{"geometry":{"coordinates":[-98.4869063933119,29.429371203549056],"type":"Point"},"id":"fac_im3_building_00102129663","properties":{"county_fipses":["48029"],"data_status":"provisional_source_record","display_name":"H5 Data Centers San Antonio","entity_id":"fac_im3_building_00102129663","entity_type":"facility","footprint_sqft":20898.0,"geography_assignment_method":"point_in_polygon","primary_county_fips":"48029","release_vintage":"2026.02.09","source_layer":"building","source_name":"H5 Data Centers San Antonio","source_operator":"H5 Data Centers","source_record_id":"00102129663","source_ref":null,"source_reported_county_fipses":["48029"]},"type":"Feature"},{"geometry":{"coordinates":[-93.63100934776038,41.58799896569892],"type":"Point"},"id":"fac_im3_building_00104082694","properties":{"county_fipses":["19153"],"data_status":"provisional_source_record","display_name":"Aureon","entity_id":"fac_im3_building_00104082694","entity_type":"facility","footprint_sqft":11253.0,"geography_assignment_method":"point_in_polygon","primary_county_fips":"19153","release_vintage":"2026.02.09","source_layer":"building","source_name":"Aureon","source_operator":null,"source_record_id":"00104082694","source_ref":null,"source_reported_county_fipses":["19153"]},"type":"Feature"},{"geometry":{"coordinates":[-81.26252687782907,35.588012637841835],"type":"Point"},"id":"fac_im3_building_00116005354","properties":{"county_fipses":["37035"],"data_status":"provisional_source_record","display_name":"Unnamed IM3 building 00116005354","entity_id":"fac_im3_building_00116005354","entity_type":"facility","footprint_sqft":564402.0,"geography_assignment_method":"point_in_polygon","primary_county_fips":"37035","release_vintage":"2026.02.09","source_layer":"building","source_name":null,"source_operator":null,"source_record_id":"00116005354","source_ref":null,"source_reported_county_fipses":["37035"]},"type":"Feature"},{"geometry":{"coordinates":[-73.14729941546844,41.24084597137587],"type":"Point"},"id":"fac_im3_building_00122665255","properties":{"county_fipses":["09120"],"data_status":"provisional_source_record","display_name":"Digital Realty New York HVN10","entity_id":"fac_im3_building_00122665255","entity_type":"facility","footprint_sqft":134982.0,"geography_assignment_method":"point_in_polygon","primary_county_fips":"09120","release_vintage":"2026.02.09","source_layer":"building","source_name":"Digital Realty New York HVN10","source_operator":"Digital Realty","source_record_id":"00122665255","source_ref":"HVN10","source_reported_county_fipses":["09120"]},"type":"Feature"},{"geometry":{"coordinates":[-88.21709086831733,41.77216480463177],"type":"Point"},"id":"fac_im3_building_00124088810","properties":{"county_fipses":["17043"],"data_status":"provisional_source_record","display_name":"Lincoln Rackhouse","entity_id":"fac_im3_building_00124088810","entity_type":"facility","footprint_sqft":70123.0,"geography_assignment_method":"point_in_polygon","primary_county_fips":"17043","release_vintage":"2026.02.09","source_layer":"building","source_name":"Lincoln Rackhouse","source_operator":null,"source_record_id":"00124088810","source_ref":null,"source_reported_county_fipses":["17043"]},"type":"Feature"},{"geometry":{"coordinates":[-87.96217216116061,41.9942374288397],"type":"Point"},"id":"fac_im3_building_00128499684","properties":{"county_fipses":["17031"],"data_status":"provisional_source_record","display_name":"Digital Realty CH1","entity_id":"fac_im3_building_00128499684","entity_type":"facility","footprint_sqft":469756.0,"geography_assignment_method":"point_in_polygon","primary_county_fips":"17031","release_vintage":"2026.02.09","source_layer":"building","source_name":"Digital Realty CH1","source_operator":"Digital Realty","source_record_id":"00128499684","source_ref":"CH1","source_reported_county_fipses":["17031"]},"type":"Feature"},{"geometry":{"coordinates":[-93.14746015507276,44.97225309779238],"type":"Point"},"id":"fac_im3_building_00131874718","properties":{"county_fipses":["27123"],"data_status":"provisional_source_record","display_name":"H5 Minneapolis","entity_id":"fac_im3_building_00131874718","entity_type":"facility","footprint_sqft":108201.0,"geography_assignment_method":"point_in_polygon","primary_county_fips":"27123","release_vintage":"2026.02.09","source_layer":"building","source_name":"H5 Minneapolis","source_operator":"H5","source_record_id":"00131874718","source_ref":null,"source_reported_county_fipses":["27123"]},"type":"Feature"},{"geometry":{"coordinates":[-112.04132578020345,33.42038002636909],"type":"Point"},"id":"fac_im3_building_00131891022","properties":{"county_fipses":["04013"],"data_status":"provisional_source_record","display_name":"Iron Mountain Records Storage","entity_id":"fac_im3_building_00131891022","entity_type":"facility","footprint_sqft":145832.0,"geography_assignment_method":"point_in_polygon","primary_county_fips":"04013","release_vintage":"2026.02.09","source_layer":"building","source_name":"Iron Mountain Records Storage","source_operator":null,"source_record_id":"00131891022","source_ref":null,"source_reported_county_fipses":["04013"]},"type":"Feature"},{"geometry":{"coordinates":[-122.16078171336197,37.44589521919974],"type":"Point"},"id":"fac_im3_building_00132746406","properties":{"county_fipses":["06085"],"data_status":"provisional_source_record","display_name":"Equinix SV8","entity_id":"fac_im3_building_00132746406","entity_type":"facility","footprint_sqft":12034.0,"geography_assignment_method":"point_in_polygon","primary_county_fips":"06085","release_vintage":"2026.02.09","source_layer":"building","source_name":"Equinix SV8","source_operator":"Equinix","source_record_id":"00132746406","source_ref":"SV8","source_reported_county_fipses":["06085"]},"type":"Feature"},{"geometry":{"coordinates":[-88.24203140069088,40.09525910728646],"type":"Point"},"id":"fac_im3_building_00138260136","properties":{"county_fipses":["17019"],"data_status":"provisional_source_record","display_name":"NCSA Petascale Computing Facility","entity_id":"fac_im3_building_00138260136","entity_type":"facility","footprint_sqft":45620.0,"geography_assignment_method":"point_in_polygon","primary_county_fips":"17019","release_vintage":"2026.02.09","source_layer":"building","source_name":"NCSA Petascale Computing Facility","source_operator":null,"source_record_id":"00138260136","source_ref":null,"source_reported_county_fipses":["17019"]},"type":"Feature"},{"geometry":{"coordinates":[-83.72376141562717,39.912780083635845],"type":"Point"},"id":"fac_im3_building_00138643160","properties":{"county_fipses":["39023"],"data_status":"provisional_source_record","display_name":"LexisNexus Springfield","entity_id":"fac_im3_building_00138643160","entity_type":"facility","footprint_sqft":79937.0,"geography_assignment_method":"point_in_polygon","primary_county_fips":"39023","release_vintage":"2026.02.09","source_layer":"building","source_name":"LexisNexus Springfield","source_operator":null,"source_record_id":"00138643160","source_ref":null,"source_reported_county_fipses":["39023"]},"type":"Feature"},{"geometry":{"coordinates":[-87.6299544230129,41.87429345515449],"type":"Point"},"id":"fac_im3_building_00149379943","properties":{"county_fipses":["17031"],"data_status":"provisional_source_record","display_name":"Digital Realty ORD11","entity_id":"fac_im3_building_00149379943","entity_type":"facility","footprint_sqft":9092.0,"geography_assignment_method":"point_in_polygon","primary_county_fips":"17031","release_vintage":"2026.02.09","source_layer":"building","source_name":"Digital Realty ORD11","source_operator":"Digital Realty","source_record_id":"00149379943","source_ref":"ORD11","source_reported_county_fipses":["17031"]},"type":"Feature"},{"geometry":{"coordinates":[-112.0707857401212,33.49433566334995],"type":"Point"},"id":"fac_im3_building_00151179323","properties":{"county_fipses":["04013"],"data_status":"provisional_source_record","display_name":"Lumen","entity_id":"fac_im3_building_00151179323","entity_type":"facility","footprint_sqft":25456.0,"geography_assignment_method":"point_in_polygon","primary_county_fips":"04013","release_vintage":"2026.02.09","source_layer":"building","source_name":"Lumen","source_operator":"Lumen Technologies","source_record_id":"00151179323","source_ref":null,"source_reported_county_fipses":["04013"]},"type":"Feature"},{"geometry":{"coordinates":[-111.67170400659428,33.30535847275577],"type":"Point"},"id":"fac_im3_building_00152163711","properties":{"county_fipses":["04013"],"data_status":"provisional_source_record","display_name":"L3Harris Technologies Inc","entity_id":"fac_im3_building_00152163711","entity_type":"facility","footprint_sqft":14469.0,"geography_assignment_method":"point_in_polygon","primary_county_fips":"04013","release_vintage":"2026.02.09","source_layer":"building","source_name":"L3Harris Technologies Inc","source_operator":null,"source_record_id":"00152163711","source_ref":null,"source_reported_county_fipses":["04013"]},"type":"Feature"},{"geometry":{"coordinates":[-111.67170030901957,33.30627197658142],"type":"Point"},"id":"fac_im3_building_00152163722","properties":{"county_fipses":["04013"],"data_status":"provisional_source_record","display_name":"AZ Labs","entity_id":"fac_im3_building_00152163722","entity_type":"facility","footprint_sqft":31625.0,"geography_assignment_method":"point_in_polygon","primary_county_fips":"04013","release_vintage":"2026.02.09","source_layer":"building","source_name":"AZ Labs","source_operator":null,"source_record_id":"00152163722","source_ref":null,"source_reported_county_fipses":["04013"]},"type":"Feature"},{"geometry":{"coordinates":[-87.64014138667577,41.87094383200688],"type":"Point"},"id":"fac_im3_building_00152449872","properties":{"county_fipses":["17031"],"data_status":"provisional_source_record","display_name":"Serverfarm CH1","entity_id":"fac_im3_building_00152449872","entity_type":"facility","footprint_sqft":56419.0,"geography_assignment_method":"point_in_polygon","primary_county_fips":"17031","release_vintage":"2026.02.09","source_layer":"building","source_name":"Serverfarm CH1","source_operator":"Serverfarm","source_record_id":"00152449872","source_ref":"CH1","source_reported_county_fipses":["17031"]},"type":"Feature"},{"geometry":{"coordinates":[-112.11116815143933,33.65904093265778],"type":"Point"},"id":"fac_im3_building_00155739337","properties":{"county_fipses":["04013"],"data_status":"provisional_source_record","display_name":"Aligned Energy Data Center","entity_id":"fac_im3_building_00155739337","entity_type":"facility","footprint_sqft":512814.0,"geography_assignment_method":"point_in_polygon","primary_county_fips":"04013","release_vintage":"2026.02.09","source_layer":"building","source_name":"Aligned Energy Data Center","source_operator":null,"source_record_id":"00155739337","source_ref":null,"source_reported_county_fipses":["04013"]},"type":"Feature"},{"geometry":{"coordinates":[-77.2258381321817,38.913701962686964],"type":"Point"},"id":"fac_im3_building_00156468497","properties":{"county_fipses":["51059"],"data_status":"provisional_source_record","display_name":"Unnamed IM3 building 00156468497","entity_id":"fac_im3_building_00156468497","entity_type":"facility","footprint_sqft":19578.0,"geography_assignment_method":"point_in_polygon","primary_county_fips":"51059","release_vintage":"2026.02.09","source_layer":"building","source_name":null,"source_operator":null,"source_record_id":"00156468497","source_ref":null,"source_reported_county_fipses":["51059"]},"type":"Feature"},{"geometry":{"coordinates":[-87.6183592533761,41.85365260504632],"type":"Point"},"id":"fac_im3_building_00156520409","properties":{"county_fipses":["17031"],"data_status":"provisional_source_record","display_name":"Lakeside Technology Center","entity_id":"fac_im3_building_00156520409","entity_type":"facility","footprint_sqft":129156.0,"geography_assignment_method":"point_in_polygon","primary_county_fips":"17031","release_vintage":"2026.02.09","source_layer":"building","source_name":"Lakeside Technology Center","source_operator":null,"source_record_id":"00156520409","source_ref":null,"source_reported_county_fipses":["17031"]},"type":"Feature"},{"geometry":{"coordinates":[-112.09835688433343,33.684674135493076],"type":"Point"},"id":"fac_im3_building_00157362579","properties":{"county_fipses":["04013"],"data_status":"provisional_source_record","display_name":"Flexential Phoenix - Deer Valley","entity_id":"fac_im3_building_00157362579","entity_type":"facility","footprint_sqft":110023.0,"geography_assignment_method":"point_in_polygon","primary_county_fips":"04013","release_vintage":"2026.02.09","source_layer":"building","source_name":"Flexential Phoenix - Deer Valley","source_operator":"Flexential","source_record_id":"00157362579","source_ref":null,"source_reported_county_fipses":["04013"]},"type":"Feature"},{"geometry":{"coordinates":[-121.78183927929481,37.24204046852016],"type":"Point"},"id":"fac_im3_building_00161126131","properties":{"county_fipses":["06085"],"data_status":"provisional_source_record","display_name":"Equinix SV5","entity_id":"fac_im3_building_00161126131","entity_type":"facility","footprint_sqft":166314.0,"geography_assignment_method":"point_in_polygon","primary_county_fips":"06085","release_vintage":"2026.02.09","source_layer":"building","source_name":"Equinix SV5","source_operator":"Equinix","source_record_id":"00161126131","source_ref":"SV5","source_reported_county_fipses":["06085"]},"type":"Feature"},{"geometry":{"coordinates":[-96.05034469682974,41.31800464175668],"type":"Point"},"id":"fac_im3_building_00166431620","properties":{"county_fipses":["31055"],"data_status":"provisional_source_record","display_name":"Union Pacific Jack Koraleski Technology, Research & Development Center","entity_id":"fac_im3_building_00166431620","entity_type":"facility","footprint_sqft":54386.0,"geography_assignment_method":"point_in_polygon","primary_county_fips":"31055","release_vintage":"2026.02.09","source_layer":"building","source_name":"Union Pacific Jack Koraleski Technology, Research & Development Center","source_operator":"Union Pacific Railroad","source_record_id":"00166431620","source_ref":null,"source_reported_county_fipses":["31055"]},"type":"Feature"},{"geometry":{"coordinates":[-80.1901183810463,40.4513685262094],"type":"Point"},"id":"fac_im3_building_00168129695","properties":{"county_fipses":["42003"],"data_status":"provisional_source_record","display_name":"DataBank Pittsburgh PIT2","entity_id":"fac_im3_building_00168129695","entity_type":"facility","footprint_sqft":60007.0,"geography_assignment_method":"point_in_polygon","primary_county_fips":"42003","release_vintage":"2026.02.09","source_layer":"building","source_name":"DataBank Pittsburgh PIT2","source_operator":null,"source_record_id":"00168129695","source_ref":null,"source_reported_county_fipses":["42003"]},"type":"Feature"},{"geometry":{"coordinates":[-106.61803444531762,34.99544591950108],"type":"Point"},"id":"fac_im3_building_00169170979","properties":{"county_fipses":["35001"],"data_status":"provisional_source_record","display_name":"Molina Healthcare","entity_id":"fac_im3_building_00169170979","entity_type":"facility","footprint_sqft":25568.0,"geography_assignment_method":"point_in_polygon","primary_county_fips":"35001","release_vintage":"2026.02.09","source_layer":"building","source_name":"Molina Healthcare","source_operator":null,"source_record_id":"00169170979","source_ref":null,"source_reported_county_fipses":["35001"]},"type":"Feature"},{"geometry":{"coordinates":[-115.21329217816584,36.06173888983835],"type":"Point"},"id":"fac_im3_building_00172739950","properties":{"county_fipses":["32003"],"data_status":"provisional_source_record","display_name":"Switch12","entity_id":"fac_im3_building_00172739950","entity_type":"facility","footprint_sqft":378533.0,"geography_assignment_method":"point_in_polygon","primary_county_fips":"32003","release_vintage":"2026.02.09","source_layer":"building","source_name":"Switch12","source_operator":"Switch","source_record_id":"00172739950","source_ref":null,"source_reported_county_fipses":["32003"]},"type":"Feature"},{"geometry":{"coordinates":[-115.2102454849461,36.0599251525617],"type":"Point"},"id":"fac_im3_building_00172739953","properties":{"county_fipses":["32003"],"data_status":"provisional_source_record","display_name":"Switch Las Vegas 7","entity_id":"fac_im3_building_00172739953","entity_type":"facility","footprint_sqft":324714.0,"geography_assignment_method":"point_in_polygon","primary_county_fips":"32003","release_vintage":"2026.02.09","source_layer":"building","source_name":"Switch Las Vegas 7","source_operator":"Switch","source_record_id":"00172739953","source_ref":null,"source_reported_county_fipses":["32003"]},"type":"Feature"},{"geometry":{"coordinates":[-87.9507686963863,42.00077520139855],"type":"Point"},"id":"fac_im3_building_00174242795","properties":{"county_fipses":["17031"],"data_status":"provisional_source_record","display_name":"EdgeConneX CHI01","entity_id":"fac_im3_building_00174242795","entity_type":"facility","footprint_sqft":120191.0,"geography_assignment_method":"point_in_polygon","primary_county_fips":"17031","release_vintage":"2026.02.09","source_layer":"building","source_name":"EdgeConneX CHI01","source_operator":"EdgeConneX","source_record_id":"00174242795","source_ref":"CHI01","source_reported_county_fipses":["17031"]},"type":"Feature"},{"geometry":{"coordinates":[-77.41151850611422,39.377776311443],"type":"Point"},"id":"fac_im3_building_00178331621","properties":{"county_fipses":["24021"],"data_status":"provisional_source_record","display_name":"Unnamed IM3 building 00178331621","entity_id":"fac_im3_building_00178331621","entity_type":"facility","footprint_sqft":64023.0,"geography_assignment_method":"point_in_polygon","primary_county_fips":"24021","release_vintage":"2026.02.09","source_layer":"building","source_name":null,"source_operator":null,"source_record_id":"00178331621","source_ref":null,"source_reported_county_fipses":["24021"]},"type":"Feature"},{"geometry":{"coordinates":[-74.44309493368364,40.49490313172346],"type":"Point"},"id":"fac_im3_building_00187574082","properties":{"county_fipses":["34023"],"data_status":"provisional_source_record","display_name":"Verizon Wireline Network Building","entity_id":"fac_im3_building_00187574082","entity_type":"facility","footprint_sqft":32247.0,"geography_assignment_method":"point_in_polygon","primary_county_fips":"34023","release_vintage":"2026.02.09","source_layer":"building","source_name":"Verizon Wireline Network Building","source_operator":null,"source_record_id":"00187574082","source_ref":null,"source_reported_county_fipses":["34023"]},"type":"Feature"},{"geometry":{"coordinates":[-121.49876273285925,38.64423935185345],"type":"Point"},"id":"fac_im3_building_00190868312","properties":{"county_fipses":["06067"],"data_status":"provisional_source_record","display_name":"RagingWire CA3","entity_id":"fac_im3_building_00190868312","entity_type":"facility","footprint_sqft":151366.0,"geography_assignment_method":"point_in_polygon","primary_county_fips":"06067","release_vintage":"2026.02.09","source_layer":"building","source_name":"RagingWire CA3","source_operator":"NTT","source_record_id":"00190868312","source_ref":"CA3","source_reported_county_fipses":["06067"]},"type":"Feature"},{"geometry":{"coordinates":[-95.86382197433595,41.22148561735031],"type":"Point"},"id":"fac_im3_building_00191655977","properties":{"county_fipses":["19155"],"data_status":"provisional_source_record","display_name":"Unnamed IM3 building 00191655977","entity_id":"fac_im3_building_00191655977","entity_type":"facility","footprint_sqft":227733.0,"geography_assignment_method":"point_in_polygon","primary_county_fips":"19155","release_vintage":"2026.02.09","source_layer":"building","source_name":null,"source_operator":null,"source_record_id":"00191655977","source_ref":null,"source_reported_county_fipses":["19155"]},"type":"Feature"},{"geometry":{"coordinates":[-122.39013668484701,37.788991656058194],"type":"Point"},"id":"fac_im3_building_00192307107","properties":{"county_fipses":["06075"],"data_status":"provisional_source_record","display_name":"360 Spear Street Data Center","entity_id":"fac_im3_building_00192307107","entity_type":"facility","footprint_sqft":34599.0,"geography_assignment_method":"point_in_polygon","primary_county_fips":"06075","release_vintage":"2026.02.09","source_layer":"building","source_name":"360 Spear Street Data Center","source_operator":"Digital Realty","source_record_id":"00192307107","source_ref":null,"source_reported_county_fipses":["06075"]},"type":"Feature"},{"geometry":{"coordinates":[-74.07230107005047,40.77860177682814],"type":"Point"},"id":"fac_im3_building_00193611192","properties":{"county_fipses":["34017"],"data_status":"provisional_source_record","display_name":"Equinix New York Secaucus NY5","entity_id":"fac_im3_building_00193611192","entity_type":"facility","footprint_sqft":211455.0,"geography_assignment_method":"point_in_polygon","primary_county_fips":"34017","release_vintage":"2026.02.09","source_layer":"building","source_name":"Equinix New York Secaucus NY5","source_operator":"Equinix","source_record_id":"00193611192","source_ref":null,"source_reported_county_fipses":["34017"]},"type":"Feature"},{"geometry":{"coordinates":[-74.06977591206658,40.77642808061452],"type":"Point"},"id":"fac_im3_building_00193611211","properties":{"county_fipses":["34017"],"data_status":"provisional_source_record","display_name":"Equinix New York Secaucus NY4","entity_id":"fac_im3_building_00193611211","entity_type":"facility","footprint_sqft":317271.0,"geography_assignment_method":"point_in_polygon","primary_county_fips":"34017","release_vintage":"2026.02.09","source_layer":"building","source_name":"Equinix New York Secaucus NY4","source_operator":"Equinix","source_record_id":"00193611211","source_ref":"NY4","source_reported_county_fipses":["34017"]},"type":"Feature"},{"geometry":{"coordinates":[-74.06889005365075,40.774852229978684],"type":"Point"},"id":"fac_im3_building_00193611216","properties":{"county_fipses":["34017"],"data_status":"provisional_source_record","display_name":"Equinix NY3","entity_id":"fac_im3_building_00193611216","entity_type":"facility","footprint_sqft":274326.0,"geography_assignment_method":"point_in_polygon","primary_county_fips":"34017","release_vintage":"2026.02.09","source_layer":"building","source_name":"Equinix NY3","source_operator":"Equinix","source_record_id":"00193611216","source_ref":"Equinix NY3","source_reported_county_fipses":["34017"]},"type":"Feature"},{"geometry":{"coordinates":[-74.07591693201753,40.77741950863346],"type":"Point"},"id":"fac_im3_building_00193611219","properties":{"county_fipses":["34017"],"data_status":"provisional_source_record","display_name":"Equinix New York Secaucus NY2","entity_id":"fac_im3_building_00193611219","entity_type":"facility","footprint_sqft":402960.0,"geography_assignment_method":"point_in_polygon","primary_county_fips":"34017","release_vintage":"2026.02.09","source_layer":"building","source_name":"Equinix New York Secaucus NY2","source_operator":"Equinix","source_record_id":"00193611219","source_ref":"NY2","source_reported_county_fipses":["34017"]},"type":"Feature"},{"geometry":{"coordinates":[-74.06918218107636,40.786164392038],"type":"Point"},"id":"fac_im3_building_00193612533","properties":{"county_fipses":["34017"],"data_status":"provisional_source_record","display_name":"Centersquare NYC3 Data Center","entity_id":"fac_im3_building_00193612533","entity_type":"facility","footprint_sqft":143163.0,"geography_assignment_method":"point_in_polygon","primary_county_fips":"34017","release_vintage":"2026.02.09","source_layer":"building","source_name":"Centersquare NYC3 Data Center","source_operator":"Centersquare","source_record_id":"00193612533","source_ref":null,"source_reported_county_fipses":["34017"]},"type":"Feature"},{"geometry":{"coordinates":[-121.48622274444375,38.64634932685158],"type":"Point"},"id":"fac_im3_building_00194049551","properties":{"county_fipses":["06067"],"data_status":"provisional_source_record","display_name":"QTS Sacramento","entity_id":"fac_im3_building_00194049551","entity_type":"facility","footprint_sqft":90196.0,"geography_assignment_method":"point_in_polygon","primary_county_fips":"06067","release_vintage":"2026.02.09","source_layer":"building","source_name":"QTS Sacramento","source_operator":"Quality Technology Services","source_record_id":"00194049551","source_ref":null,"source_reported_county_fipses":["06067"]},"type":"Feature"},{"geometry":{"coordinates":[-94.67586457208311,39.2906006524332],"type":"Point"},"id":"fac_im3_building_00195165330","properties":{"county_fipses":["29165"],"data_status":"provisional_source_record","display_name":"Unnamed IM3 building 00195165330","entity_id":"fac_im3_building_00195165330","entity_type":"facility","footprint_sqft":59078.0,"geography_assignment_method":"point_in_polygon","primary_county_fips":"29165","release_vintage":"2026.02.09","source_layer":"building","source_name":null,"source_operator":null,"source_record_id":"00195165330","source_ref":null,"source_reported_county_fipses":["29165"]},"type":"Feature"},{"geometry":{"coordinates":[-94.67347189936218,39.29565786992253],"type":"Point"},"id":"fac_im3_building_00195165354","properties":{"county_fipses":["29165"],"data_status":"provisional_source_record","display_name":"Unnamed IM3 building 00195165354","entity_id":"fac_im3_building_00195165354","entity_type":"facility","footprint_sqft":240121.0,"geography_assignment_method":"point_in_polygon","primary_county_fips":"29165","release_vintage":"2026.02.09","source_layer":"building","source_name":null,"source_operator":null,"source_record_id":"00195165354","source_ref":null,"source_reported_county_fipses":["29165"]},"type":"Feature"},{"geometry":{"coordinates":[-94.67802527416188,39.295491746601805],"type":"Point"},"id":"fac_im3_building_00195165374","properties":{"county_fipses":["29165"],"data_status":"provisional_source_record","display_name":"Black Rock Financial Management","entity_id":"fac_im3_building_00195165374","entity_type":"facility","footprint_sqft":80025.0,"geography_assignment_method":"point_in_polygon","primary_county_fips":"29165","release_vintage":"2026.02.09","source_layer":"building","source_name":"Black Rock Financial Management","source_operator":null,"source_record_id":"00195165374","source_ref":null,"source_reported_county_fipses":["29165"]},"type":"Feature"},{"geometry":{"coordinates":[-94.68479180000348,39.30240570006526],"type":"Point"},"id":"fac_im3_building_00195169261","properties":{"county_fipses":["29165"],"data_status":"provisional_source_record","display_name":"Unnamed IM3 building 00195169261","entity_id":"fac_im3_building_00195169261","entity_type":"facility","footprint_sqft":51140.0,"geography_assignment_method":"point_in_polygon","primary_county_fips":"29165","release_vintage":"2026.02.09","source_layer":"building","source_name":null,"source_operator":null,"source_record_id":"00195169261","source_ref":null,"source_reported_county_fipses":["29165"]},"type":"Feature"},{"geometry":{"coordinates":[-95.91003132519961,36.262546063389934],"type":"Point"},"id":"fac_im3_building_00195664350","properties":{"county_fipses":["40143"],"data_status":"provisional_source_record","display_name":"Cherokee Data Center","entity_id":"fac_im3_building_00195664350","entity_type":"facility","footprint_sqft":414827.0,"geography_assignment_method":"point_in_polygon","primary_county_fips":"40143","release_vintage":"2026.02.09","source_layer":"building","source_name":"Cherokee Data Center","source_operator":null,"source_record_id":"00195664350","source_ref":null,"source_reported_county_fipses":["40143"]},"type":"Feature"},{"geometry":{"coordinates":[-88.24360276085451,41.796710709040994],"type":"Point"},"id":"fac_im3_building_00199252950","properties":{"county_fipses":["17043"],"data_status":"provisional_source_record","display_name":"CyrusOne Chicago Aurora CME","entity_id":"fac_im3_building_00199252950","entity_type":"facility","footprint_sqft":483103.0,"geography_assignment_method":"point_in_polygon","primary_county_fips":"17043","release_vintage":"2026.02.09","source_layer":"building","source_name":"CyrusOne Chicago Aurora CME","source_operator":"CyrusOne","source_record_id":"00199252950","source_ref":null,"source_reported_county_fipses":["17043"]},"type":"Feature"},{"geometry":{"coordinates":[-104.83243481918149,39.588307279176874],"type":"Point"},"id":"fac_im3_building_00200989527","properties":{"county_fipses":["08005"],"data_status":"provisional_source_record","display_name":"Xfinity/Comcast Data Center","entity_id":"fac_im3_building_00200989527","entity_type":"facility","footprint_sqft":51338.0,"geography_assignment_method":"point_in_polygon","primary_county_fips":"08005","release_vintage":"2026.02.09","source_layer":"building","source_name":"Xfinity/Comcast Data Center","source_operator":null,"source_record_id":"00200989527","source_ref":null,"source_reported_county_fipses":["08005"]},"type":"Feature"},{"geometry":{"coordinates":[-86.50070264503239,39.17441904078126],"type":"Point"},"id":"fac_im3_building_00203432103","properties":{"county_fipses":["18105"],"data_status":"provisional_source_record","display_name":"IU Data Center","entity_id":"fac_im3_building_00203432103","entity_type":"facility","footprint_sqft":94298.0,"geography_assignment_method":"point_in_polygon","primary_county_fips":"18105","release_vintage":"2026.02.09","source_layer":"building","source_name":"IU Data Center","source_operator":"Indiana University","source_record_id":"00203432103","source_ref":null,"source_reported_county_fipses":["18105"]},"type":"Feature"},{"geometry":{"coordinates":[-74.34731684357497,40.520901338871916],"type":"Point"},"id":"fac_im3_building_00204316962","properties":{"county_fipses":["34023"],"data_status":"provisional_source_record","display_name":"IO Datacenter","entity_id":"fac_im3_building_00204316962","entity_type":"facility","footprint_sqft":829908.0,"geography_assignment_method":"point_in_polygon","primary_county_fips":"34023","release_vintage":"2026.02.09","source_layer":"building","source_name":"IO Datacenter","source_operator":null,"source_record_id":"00204316962","source_ref":null,"source_reported_county_fipses":["34023"]},"type":"Feature"},{"geometry":{"coordinates":[-74.45820961832148,40.54921344851484],"type":"Point"},"id":"fac_im3_building_00204460681","properties":{"county_fipses":["34023"],"data_status":"provisional_source_record","display_name":"DataBank Piscataway EWR2","entity_id":"fac_im3_building_00204460681","entity_type":"facility","footprint_sqft":50646.0,"geography_assignment_method":"point_in_polygon","primary_county_fips":"34023","release_vintage":"2026.02.09","source_layer":"building","source_name":"DataBank Piscataway EWR2","source_operator":null,"source_record_id":"00204460681","source_ref":null,"source_reported_county_fipses":["34023"]},"type":"Feature"},{"geometry":{"coordinates":[-74.49202896228643,40.54682624136092],"type":"Point"},"id":"fac_im3_building_00204460799","properties":{"county_fipses":["34023"],"data_status":"provisional_source_record","display_name":"Optimum","entity_id":"fac_im3_building_00204460799","entity_type":"facility","footprint_sqft":68126.0,"geography_assignment_method":"point_in_polygon","primary_county_fips":"34023","release_vintage":"2026.02.09","source_layer":"building","source_name":"Optimum","source_operator":null,"source_record_id":"00204460799","source_ref":null,"source_reported_county_fipses":["34023"]},"type":"Feature"},{"geometry":{"coordinates":[-74.49538057530053,40.544881931883474],"type":"Point"},"id":"fac_im3_building_00204460812","properties":{"county_fipses":["34023"],"data_status":"provisional_source_record","display_name":"Equinix","entity_id":"fac_im3_building_00204460812","entity_type":"facility","footprint_sqft":62331.0,"geography_assignment_method":"point_in_polygon","primary_county_fips":"34023","release_vintage":"2026.02.09","source_layer":"building","source_name":"Equinix","source_operator":"Equinix","source_record_id":"00204460812","source_ref":null,"source_reported_county_fipses":["34023"]},"type":"Feature"},{"geometry":{"coordinates":[-74.45973725576991,40.5472442650833],"type":"Point"},"id":"fac_im3_building_00204460835","properties":{"county_fipses":["34023"],"data_status":"provisional_source_record","display_name":"Barclays Datacenter","entity_id":"fac_im3_building_00204460835","entity_type":"facility","footprint_sqft":352286.0,"geography_assignment_method":"point_in_polygon","primary_county_fips":"34023","release_vintage":"2026.02.09","source_layer":"building","source_name":"Barclays Datacenter","source_operator":"Barclays","source_record_id":"00204460835","source_ref":null,"source_reported_county_fipses":["34023"]},"type":"Feature"},{"geometry":{"coordinates":[-74.45930065392976,40.5529045023767],"type":"Point"},"id":"fac_im3_building_00204460903","properties":{"county_fipses":["34023"],"data_status":"provisional_source_record","display_name":"Digital Realty New York EWR12","entity_id":"fac_im3_building_00204460903","entity_type":"facility","footprint_sqft":302795.0,"geography_assignment_method":"point_in_polygon","primary_county_fips":"34023","release_vintage":"2026.02.09","source_layer":"building","source_name":"Digital Realty New York EWR12","source_operator":"Digital Realty","source_record_id":"00204460903","source_ref":"EWR12","source_reported_county_fipses":["34023"]},"type":"Feature"},{"geometry":{"coordinates":[-74.4571794816788,40.55377882278532],"type":"Point"},"id":"fac_im3_building_00204460950","properties":{"county_fipses":["34023"],"data_status":"provisional_source_record","display_name":"Digital Realty New York EWR11","entity_id":"fac_im3_building_00204460950","entity_type":"facility","footprint_sqft":96114.0,"geography_assignment_method":"point_in_polygon","primary_county_fips":"34023","release_vintage":"2026.02.09","source_layer":"building","source_name":"Digital Realty New York EWR11","source_operator":"Digital Realty","source_record_id":"00204460950","source_ref":"EWR11","source_reported_county_fipses":["34023"]},"type":"Feature"},{"geometry":{"coordinates":[-122.29056964991395,47.49503090192437],"type":"Point"},"id":"fac_im3_building_00205724881","properties":{"county_fipses":["53033"],"data_status":"provisional_source_record","display_name":"Intergate Seattle East Building 2","entity_id":"fac_im3_building_00205724881","entity_type":"facility","footprint_sqft":107319.0,"geography_assignment_method":"point_in_polygon","primary_county_fips":"53033","release_vintage":"2026.02.09","source_layer":"building","source_name":"Intergate Seattle East Building 2","source_operator":null,"source_record_id":"00205724881","source_ref":null,"source_reported_county_fipses":["53033"]},"type":"Feature"},{"geometry":{"coordinates":[-122.28819434180774,47.49485963017309],"type":"Point"},"id":"fac_im3_building_00205724885","properties":{"county_fipses":["53033"],"data_status":"provisional_source_record","display_name":"Intergate Seattle East Building 1","entity_id":"fac_im3_building_00205724885","entity_type":"facility","footprint_sqft":97862.0,"geography_assignment_method":"point_in_polygon","primary_county_fips":"53033","release_vintage":"2026.02.09","source_layer":"building","source_name":"Intergate Seattle East Building 1","source_operator":"Sabey","source_record_id":"00205724885","source_ref":null,"source_reported_county_fipses":["53033"]},"type":"Feature"},{"geometry":{"coordinates":[-121.98840629999835,37.3754951498238],"type":"Point"},"id":"fac_im3_building_00205823968","properties":{"county_fipses":["06085"],"data_status":"provisional_source_record","display_name":"Equinix SV15","entity_id":"fac_im3_building_00205823968","entity_type":"facility","footprint_sqft":38211.0,"geography_assignment_method":"point_in_polygon","primary_county_fips":"06085","release_vintage":"2026.02.09","source_layer":"building","source_name":"Equinix SV15","source_operator":"Equinix","source_record_id":"00205823968","source_ref":"SV15","source_reported_county_fipses":["06085"]},"type":"Feature"},{"geometry":{"coordinates":[-121.98868795324002,37.37611802320719],"type":"Point"},"id":"fac_im3_building_00205823970","properties":{"county_fipses":["06085"],"data_status":"provisional_source_record","display_name":"Equinix SV16","entity_id":"fac_im3_building_00205823970","entity_type":"facility","footprint_sqft":26347.0,"geography_assignment_method":"point_in_polygon","primary_county_fips":"06085","release_vintage":"2026.02.09","source_layer":"building","source_name":"Equinix SV16","source_operator":"Equinix","source_record_id":"00205823970","source_ref":"SV16","source_reported_county_fipses":["06085"]},"type":"Feature"},{"geometry":{"coordinates":[-121.98858391314208,37.37652899594956],"type":"Point"},"id":"fac_im3_building_00205823971","properties":{"county_fipses":["06085"],"data_status":"provisional_source_record","display_name":"Equinix SV17","entity_id":"fac_im3_building_00205823971","entity_type":"facility","footprint_sqft":42360.0,"geography_assignment_method":"point_in_polygon","primary_county_fips":"06085","release_vintage":"2026.02.09","source_layer":"building","source_name":"Equinix SV17","source_operator":"Equinix","source_record_id":"00205823971","source_ref":"SV17","source_reported_county_fipses":["06085"]},"type":"Feature"},{"geometry":{"coordinates":[-121.98850932446409,37.374962138504316],"type":"Point"},"id":"fac_im3_building_00205823980","properties":{"county_fipses":["06085"],"data_status":"provisional_source_record","display_name":"Equinix SV14","entity_id":"fac_im3_building_00205823980","entity_type":"facility","footprint_sqft":20213.0,"geography_assignment_method":"point_in_polygon","primary_county_fips":"06085","release_vintage":"2026.02.09","source_layer":"building","source_name":"Equinix SV14","source_operator":"Equinix","source_record_id":"00205823980","source_ref":"SV14","source_reported_county_fipses":["06085"]},"type":"Feature"},{"geometry":{"coordinates":[-121.97068417339611,37.376263105040294],"type":"Point"},"id":"fac_im3_building_00205846843","properties":{"county_fipses":["06085"],"data_status":"provisional_source_record","display_name":"CoreSite SV4","entity_id":"fac_im3_building_00205846843","entity_type":"facility","footprint_sqft":51928.0,"geography_assignment_method":"point_in_polygon","primary_county_fips":"06085","release_vintage":"2026.02.09","source_layer":"building","source_name":"CoreSite SV4","source_operator":"CoreSite","source_record_id":"00205846843","source_ref":"SV4","source_reported_county_fipses":["06085"]},"type":"Feature"},{"geometry":{"coordinates":[-121.952081932971,37.37700481451302],"type":"Point"},"id":"fac_im3_building_00209073635","properties":{"county_fipses":["06085"],"data_status":"provisional_source_record","display_name":"Lumen Santa Clara","entity_id":"fac_im3_building_00209073635","entity_type":"facility","footprint_sqft":25424.0,"geography_assignment_method":"point_in_polygon","primary_county_fips":"06085","release_vintage":"2026.02.09","source_layer":"building","source_name":"Lumen Santa Clara","source_operator":"Lumen Technologies","source_record_id":"00209073635","source_ref":null,"source_reported_county_fipses":["06085"]},"type":"Feature"},{"geometry":{"coordinates":[-121.95324973327962,37.37501721660046],"type":"Point"},"id":"fac_im3_building_00209073636","properties":{"county_fipses":["06085"],"data_status":"provisional_source_record","display_name":"Prime Santa Clara","entity_id":"fac_im3_building_00209073636","entity_type":"facility","footprint_sqft":30065.0,"geography_assignment_method":"point_in_polygon","primary_county_fips":"06085","release_vintage":"2026.02.09","source_layer":"building","source_name":"Prime Santa Clara","source_operator":"Prime","source_record_id":"00209073636","source_ref":null,"source_reported_county_fipses":["06085"]},"type":"Feature"},{"geometry":{"coordinates":[-121.95333535904547,37.375822905793676],"type":"Point"},"id":"fac_im3_building_00209073641","properties":{"county_fipses":["06085"],"data_status":"provisional_source_record","display_name":"Digital Realty Silicon Valley SJC10","entity_id":"fac_im3_building_00209073641","entity_type":"facility","footprint_sqft":57051.0,"geography_assignment_method":"point_in_polygon","primary_county_fips":"06085","release_vintage":"2026.02.09","source_layer":"building","source_name":"Digital Realty Silicon Valley SJC10","source_operator":"Digital Realty","source_record_id":"00209073641","source_ref":"SJC10","source_reported_county_fipses":["06085"]},"type":"Feature"},{"geometry":{"coordinates":[-121.95314883048796,37.37672946683328],"type":"Point"},"id":"fac_im3_building_00209073645","properties":{"county_fipses":["06085"],"data_status":"provisional_source_record","display_name":"Colovore","entity_id":"fac_im3_building_00209073645","entity_type":"facility","footprint_sqft":24161.0,"geography_assignment_method":"point_in_polygon","primary_county_fips":"06085","release_vintage":"2026.02.09","source_layer":"building","source_name":"Colovore","source_operator":null,"source_record_id":"00209073645","source_ref":null,"source_reported_county_fipses":["06085"]},"type":"Feature"},{"geometry":{"coordinates":[-121.95810528697963,37.37828897395487],"type":"Point"},"id":"fac_im3_building_00209073647","properties":{"county_fipses":["06085"],"data_status":"provisional_source_record","display_name":"Digital Realty Silicon Valley SJC30","entity_id":"fac_im3_building_00209073647","entity_type":"facility","footprint_sqft":48539.0,"geography_assignment_method":"point_in_polygon","primary_county_fips":"06085","release_vintage":"2026.02.09","source_layer":"building","source_name":"Digital Realty Silicon Valley SJC30","source_operator":"Digital Realty","source_record_id":"00209073647","source_ref":"SJC30","source_reported_county_fipses":["06085"]},"type":"Feature"},{"geometry":{"coordinates":[-121.95407689999966,37.374996550088426],"type":"Point"},"id":"fac_im3_building_00209073649","properties":{"county_fipses":["06085"],"data_status":"provisional_source_record","display_name":"Digital Realty Silicon Valley SJC15","entity_id":"fac_im3_building_00209073649","entity_type":"facility","footprint_sqft":24615.0,"geography_assignment_method":"point_in_polygon","primary_county_fips":"06085","release_vintage":"2026.02.09","source_layer":"building","source_name":"Digital Realty Silicon Valley SJC15","source_operator":"Digital Realty","source_record_id":"00209073649","source_ref":"SJC15","source_reported_county_fipses":["06085"]},"type":"Feature"},{"geometry":{"coordinates":[-121.9559861698452,37.374929097082685],"type":"Point"},"id":"fac_im3_building_00209073653","properties":{"county_fipses":["06085"],"data_status":"provisional_source_record","display_name":"Digital Realty Silicon Valley SJC16","entity_id":"fac_im3_building_00209073653","entity_type":"facility","footprint_sqft":42504.0,"geography_assignment_method":"point_in_polygon","primary_county_fips":"06085","release_vintage":"2026.02.09","source_layer":"building","source_name":"Digital Realty Silicon Valley SJC16","source_operator":"Digital Realty","source_record_id":"00209073653","source_ref":"SJC16","source_reported_county_fipses":["06085"]},"type":"Feature"},{"geometry":{"coordinates":[-121.95809620000126,37.37502320043753],"type":"Point"},"id":"fac_im3_building_00209073657","properties":{"county_fipses":["06085"],"data_status":"provisional_source_record","display_name":"Digital Realty Silicon Valley SJC29","entity_id":"fac_im3_building_00209073657","entity_type":"facility","footprint_sqft":40287.0,"geography_assignment_method":"point_in_polygon","primary_county_fips":"06085","release_vintage":"2026.02.09","source_layer":"building","source_name":"Digital Realty Silicon Valley SJC29","source_operator":"Digital Realty","source_record_id":"00209073657","source_ref":null,"source_reported_county_fipses":["06085"]},"type":"Feature"},{"geometry":{"coordinates":[-121.9551929871648,37.37577706129449],"type":"Point"},"id":"fac_im3_building_00209073658","properties":{"county_fipses":["06085"],"data_status":"provisional_source_record","display_name":"Csquare SFO4","entity_id":"fac_im3_building_00209073658","entity_type":"facility","footprint_sqft":27286.0,"geography_assignment_method":"point_in_polygon","primary_county_fips":"06085","release_vintage":"2026.02.09","source_layer":"building","source_name":"Csquare SFO4","source_operator":"Csquare","source_record_id":"00209073658","source_ref":"SFO4","source_reported_county_fipses":["06085"]},"type":"Feature"},{"geometry":{"coordinates":[-121.95488070140483,37.37502630609213],"type":"Point"},"id":"fac_im3_building_00209073659","properties":{"county_fipses":["06085"],"data_status":"provisional_source_record","display_name":"Prime SANTA CLARA DATA CENTER","entity_id":"fac_im3_building_00209073659","entity_type":"facility","footprint_sqft":25825.0,"geography_assignment_method":"point_in_polygon","primary_county_fips":"06085","release_vintage":"2026.02.09","source_layer":"building","source_name":"Prime SANTA CLARA DATA CENTER","source_operator":"Prime","source_record_id":"00209073659","source_ref":null,"source_reported_county_fipses":["06085"]},"type":"Feature"},{"geometry":{"coordinates":[-121.94853104740695,37.3763410080539],"type":"Point"},"id":"fac_im3_building_00209076412","properties":{"county_fipses":["06085"],"data_status":"provisional_source_record","display_name":"Digital Realty Silicon Valley SJC11","entity_id":"fac_im3_building_00209076412","entity_type":"facility","footprint_sqft":44027.0,"geography_assignment_method":"point_in_polygon","primary_county_fips":"06085","release_vintage":"2026.02.09","source_layer":"building","source_name":"Digital Realty Silicon Valley SJC11","source_operator":"Digital Realty","source_record_id":"00209076412","source_ref":"SJC11","source_reported_county_fipses":["06085"]},"type":"Feature"},{"geometry":{"coordinates":[-121.95068207526988,37.37758479573238],"type":"Point"},"id":"fac_im3_building_00209077298","properties":{"county_fipses":["06085"],"data_status":"provisional_source_record","display_name":"Lumen","entity_id":"fac_im3_building_00209077298","entity_type":"facility","footprint_sqft":15840.0,"geography_assignment_method":"point_in_polygon","primary_county_fips":"06085","release_vintage":"2026.02.09","source_layer":"building","source_name":"Lumen","source_operator":"Lumen Technologies","source_record_id":"00209077298","source_ref":null,"source_reported_county_fipses":["06085"]},"type":"Feature"},{"geometry":{"coordinates":[-121.9483289304616,37.372249898204316],"type":"Point"},"id":"fac_im3_building_00209087373","properties":{"county_fipses":["06085"],"data_status":"provisional_source_record","display_name":"Silicon Valley SJC31","entity_id":"fac_im3_building_00209087373","entity_type":"facility","footprint_sqft":146597.0,"geography_assignment_method":"point_in_polygon","primary_county_fips":"06085","release_vintage":"2026.02.09","source_layer":"building","source_name":"Silicon Valley SJC31","source_operator":"Digital Realty","source_record_id":"00209087373","source_ref":"SJC31","source_reported_county_fipses":["06085"]},"type":"Feature"},{"geometry":{"coordinates":[-121.9499100438154,37.379779111635564],"type":"Point"},"id":"fac_im3_building_00209105766","properties":{"county_fipses":["06085"],"data_status":"provisional_source_record","display_name":"Unnamed IM3 building 00209105766","entity_id":"fac_im3_building_00209105766","entity_type":"facility","footprint_sqft":18864.0,"geography_assignment_method":"point_in_polygon","primary_county_fips":"06085","release_vintage":"2026.02.09","source_layer":"building","source_name":null,"source_operator":null,"source_record_id":"00209105766","source_ref":null,"source_reported_county_fipses":["06085"]},"type":"Feature"},{"geometry":{"coordinates":[-121.9619460438575,37.389539602058925],"type":"Point"},"id":"fac_im3_building_00209117217","properties":{"county_fipses":["06085"],"data_status":"provisional_source_record","display_name":"Evocative Santa Clara SJC11","entity_id":"fac_im3_building_00209117217","entity_type":"facility","footprint_sqft":51418.0,"geography_assignment_method":"point_in_polygon","primary_county_fips":"06085","release_vintage":"2026.02.09","source_layer":"building","source_name":"Evocative Santa Clara SJC11","source_operator":null,"source_record_id":"00209117217","source_ref":"SJC11","source_reported_county_fipses":["06085"]},"type":"Feature"},{"geometry":{"coordinates":[-87.66900814712955,41.84218652884067],"type":"Point"},"id":"fac_im3_building_00209786637","properties":{"county_fipses":["17031"],"data_status":"provisional_source_record","display_name":"QTS Chicago","entity_id":"fac_im3_building_00209786637","entity_type":"facility","footprint_sqft":267112.0,"geography_assignment_method":"point_in_polygon","primary_county_fips":"17031","release_vintage":"2026.02.09","source_layer":"building","source_name":"QTS Chicago","source_operator":"Quality Technology Services","source_record_id":"00209786637","source_ref":null,"source_reported_county_fipses":["17031"]},"type":"Feature"},{"geometry":{"coordinates":[-87.64550983406528,41.84879669155961],"type":"Point"},"id":"fac_im3_building_00210222970","properties":{"county_fipses":["17031"],"data_status":"provisional_source_record","display_name":"Iron Mountain Data & Record Storage","entity_id":"fac_im3_building_00210222970","entity_type":"facility","footprint_sqft":106033.0,"geography_assignment_method":"point_in_polygon","primary_county_fips":"17031","release_vintage":"2026.02.09","source_layer":"building","source_name":"Iron Mountain Data & Record Storage","source_operator":"Iron Mountain","source_record_id":"00210222970","source_ref":null,"source_reported_county_fipses":["17031"]},"type":"Feature"},{"geometry":{"coordinates":[-112.03430310768363,33.421692874680716],"type":"Point"},"id":"fac_im3_building_00210917861","properties":{"county_fipses":["04013"],"data_status":"provisional_source_record","display_name":"Data Storage Centers","entity_id":"fac_im3_building_00210917861","entity_type":"facility","footprint_sqft":38109.0,"geography_assignment_method":"point_in_polygon","primary_county_fips":"04013","release_vintage":"2026.02.09","source_layer":"building","source_name":"Data Storage Centers","source_operator":null,"source_record_id":"00210917861","source_ref":null,"source_reported_county_fipses":["04013"]},"type":"Feature"},{"geometry":{"coordinates":[-71.20859932011268,42.68570898649228],"type":"Point"},"id":"fac_im3_building_00211832626","properties":{"county_fipses":["25009"],"data_status":"provisional_source_record","display_name":"TierPoint","entity_id":"fac_im3_building_00211832626","entity_type":"facility","footprint_sqft":51354.0,"geography_assignment_method":"point_in_polygon","primary_county_fips":"25009","release_vintage":"2026.02.09","source_layer":"building","source_name":null,"source_operator":"TierPoint","source_record_id":"00211832626","source_ref":null,"source_reported_county_fipses":["25009"]},"type":"Feature"},{"geometry":{"coordinates":[-71.30442370850213,42.6302619946922],"type":"Point"},"id":"fac_im3_building_00214321737","properties":{"county_fipses":["25017"],"data_status":"provisional_source_record","display_name":"Markley Data Center","entity_id":"fac_im3_building_00214321737","entity_type":"facility","footprint_sqft":123665.0,"geography_assignment_method":"point_in_polygon","primary_county_fips":"25017","release_vintage":"2026.02.09","source_layer":"building","source_name":"Markley Data Center","source_operator":"Markley Group","source_record_id":"00214321737","source_ref":null,"source_reported_county_fipses":["25017"]},"type":"Feature"},{"geometry":{"coordinates":[-80.93687158006364,35.13543064967395],"type":"Point"},"id":"fac_im3_building_00215630401","properties":{"county_fipses":["37119"],"data_status":"provisional_source_record","display_name":"Flexential Charlotte - South","entity_id":"fac_im3_building_00215630401","entity_type":"facility","footprint_sqft":33741.0,"geography_assignment_method":"point_in_polygon","primary_county_fips":"37119","release_vintage":"2026.02.09","source_layer":"building","source_name":"Flexential Charlotte - South","source_operator":"Flexential","source_record_id":"00215630401","source_ref":null,"source_reported_county_fipses":["37119"]},"type":"Feature"},{"geometry":{"coordinates":[-111.899226799974,33.344648208315185],"type":"Point"},"id":"fac_im3_building_00220518160","properties":{"county_fipses":["04013"],"data_status":"provisional_source_record","display_name":"Digital Realty Data Center","entity_id":"fac_im3_building_00220518160","entity_type":"facility","footprint_sqft":67568.0,"geography_assignment_method":"point_in_polygon","primary_county_fips":"04013","release_vintage":"2026.02.09","source_layer":"building","source_name":"Digital Realty Data Center","source_operator":"Digital Realty","source_record_id":"00220518160","source_ref":null,"source_reported_county_fipses":["04013"]},"type":"Feature"},{"geometry":{"coordinates":[-122.31731718771367,47.693323673804386],"type":"Point"},"id":"fac_im3_building_00221201212","properties":{"county_fipses":["53033"],"data_status":"provisional_source_record","display_name":"Comcast","entity_id":"fac_im3_building_00221201212","entity_type":"facility","footprint_sqft":8025.0,"geography_assignment_method":"point_in_polygon","primary_county_fips":"53033","release_vintage":"2026.02.09","source_layer":"building","source_name":null,"source_operator":"Comcast","source_record_id":"00221201212","source_ref":null,"source_reported_county_fipses":["53033"]},"type":"Feature"},{"geometry":{"coordinates":[-77.37742307519908,38.96157142283795],"type":"Point"},"id":"fac_im3_building_00221897579","properties":{"county_fipses":["51059"],"data_status":"provisional_source_record","display_name":"Equinix DC97","entity_id":"fac_im3_building_00221897579","entity_type":"facility","footprint_sqft":43991.0,"geography_assignment_method":"point_in_polygon","primary_county_fips":"51059","release_vintage":"2026.02.09","source_layer":"building","source_name":"Equinix DC97","source_operator":null,"source_record_id":"00221897579","source_ref":null,"source_reported_county_fipses":["51059"]},"type":"Feature"},{"geometry":{"coordinates":[-77.64876376105127,38.81506150876172],"type":"Point"},"id":"fac_im3_building_00222672860","properties":{"county_fipses":["51153"],"data_status":"provisional_source_record","display_name":"Amazon IAD-55","entity_id":"fac_im3_building_00222672860","entity_type":"facility","footprint_sqft":228140.0,"geography_assignment_method":"point_in_polygon","primary_county_fips":"51153","release_vintage":"2026.02.09","source_layer":"building","source_name":"Amazon IAD-55","source_operator":"Amazon Web Services","source_record_id":"00222672860","source_ref":"IAD55","source_reported_county_fipses":["51153"]},"type":"Feature"},{"geometry":{"coordinates":[-122.35669303335187,47.6177878057982],"type":"Point"},"id":"fac_im3_building_00223783259","properties":{"county_fipses":["53033"],"data_status":"provisional_source_record","display_name":"CTI Biopharma","entity_id":"fac_im3_building_00223783259","entity_type":"facility","footprint_sqft":20600.0,"geography_assignment_method":"point_in_polygon","primary_county_fips":"53033","release_vintage":"2026.02.09","source_layer":"building","source_name":"CTI Biopharma","source_operator":null,"source_record_id":"00223783259","source_ref":null,"source_reported_county_fipses":["53033"]},"type":"Feature"},{"geometry":{"coordinates":[-122.3388642251616,47.61435537680634],"type":"Point"},"id":"fac_im3_building_00223928497","properties":{"county_fipses":["53033"],"data_status":"provisional_source_record","display_name":"Westin Building","entity_id":"fac_im3_building_00223928497","entity_type":"facility","footprint_sqft":13117.0,"geography_assignment_method":"point_in_polygon","primary_county_fips":"53033","release_vintage":"2026.02.09","source_layer":"building","source_name":"Westin Building","source_operator":"Digital Realty","source_record_id":"00223928497","source_ref":"SEA10","source_reported_county_fipses":["53033"]},"type":"Feature"},{"geometry":{"coordinates":[-77.5318452938603,38.74728120625688],"type":"Point"},"id":"fac_im3_building_00224100721","properties":{"county_fipses":["51153"],"data_status":"provisional_source_record","display_name":"COPT Data Center","entity_id":"fac_im3_building_00224100721","entity_type":"facility","footprint_sqft":127955.0,"geography_assignment_method":"point_in_polygon","primary_county_fips":"51153","release_vintage":"2026.02.09","source_layer":"building","source_name":"COPT Data Center","source_operator":null,"source_record_id":"00224100721","source_ref":null,"source_reported_county_fipses":["51153"]},"type":"Feature"},{"geometry":{"coordinates":[-121.9430846177997,37.418407037850685],"type":"Point"},"id":"fac_im3_building_00224139416","properties":{"county_fipses":["06085"],"data_status":"provisional_source_record","display_name":"Dell 350 Holger Way","entity_id":"fac_im3_building_00224139416","entity_type":"facility","footprint_sqft":45282.0,"geography_assignment_method":"point_in_polygon","primary_county_fips":"06085","release_vintage":"2026.02.09","source_layer":"building","source_name":"Dell 350 Holger Way","source_operator":null,"source_record_id":"00224139416","source_ref":null,"source_reported_county_fipses":["06085"]},"type":"Feature"},{"geometry":{"coordinates":[-121.9587992678193,37.36431021578032],"type":"Point"},"id":"fac_im3_building_00224174031","properties":{"county_fipses":["06085"],"data_status":"provisional_source_record","display_name":"SV Colo","entity_id":"fac_im3_building_00224174031","entity_type":"facility","footprint_sqft":57709.0,"geography_assignment_method":"point_in_polygon","primary_county_fips":"06085","release_vintage":"2026.02.09","source_layer":"building","source_name":"SV Colo","source_operator":"SV Colo","source_record_id":"00224174031","source_ref":null,"source_reported_county_fipses":["06085"]},"type":"Feature"},{"geometry":{"coordinates":[-121.94643635591544,37.3620662092011],"type":"Point"},"id":"fac_im3_building_00224998784","properties":{"county_fipses":["06085"],"data_status":"provisional_source_record","display_name":"Microsoft","entity_id":"fac_im3_building_00224998784","entity_type":"facility","footprint_sqft":166655.0,"geography_assignment_method":"point_in_polygon","primary_county_fips":"06085","release_vintage":"2026.02.09","source_layer":"building","source_name":"Microsoft","source_operator":"Microsoft","source_record_id":"00224998784","source_ref":null,"source_reported_county_fipses":["06085"]},"type":"Feature"},{"geometry":{"coordinates":[-77.67445377449387,38.747444697578814],"type":"Point"},"id":"fac_im3_building_00225745958","properties":{"county_fipses":["51061"],"data_status":"provisional_source_record","display_name":"OVH US East Vint Hill","entity_id":"fac_im3_building_00225745958","entity_type":"facility","footprint_sqft":85783.0,"geography_assignment_method":"point_in_polygon","primary_county_fips":"51061","release_vintage":"2026.02.09","source_layer":"building","source_name":"OVH US East Vint Hill","source_operator":null,"source_record_id":"00225745958","source_ref":null,"source_reported_county_fipses":["51061"]},"type":"Feature"},{"geometry":{"coordinates":[-104.89748679471974,41.12879048730292],"type":"Point"},"id":"fac_im3_building_00231047065","properties":{"county_fipses":["56021"],"data_status":"provisional_source_record","display_name":"NCAR-Wyoming Supercomputing Center","entity_id":"fac_im3_building_00231047065","entity_type":"facility","footprint_sqft":101129.0,"geography_assignment_method":"point_in_polygon","primary_county_fips":"56021","release_vintage":"2026.02.09","source_layer":"building","source_name":"NCAR-Wyoming Supercomputing Center","source_operator":"University Corporation for Atmospheric Research","source_record_id":"00231047065","source_ref":null,"source_reported_county_fipses":["56021"]},"type":"Feature"},{"geometry":{"coordinates":[-122.33646162358502,47.61898482839781],"type":"Point"},"id":"fac_im3_building_00231664575","properties":{"county_fipses":["53033"],"data_status":"provisional_source_record","display_name":"The Seattle Times","entity_id":"fac_im3_building_00231664575","entity_type":"facility","footprint_sqft":48589.0,"geography_assignment_method":"point_in_polygon","primary_county_fips":"53033","release_vintage":"2026.02.09","source_layer":"building","source_name":"The Seattle Times","source_operator":"H5 Data Centers","source_record_id":"00231664575","source_ref":null,"source_reported_county_fipses":["53033"]},"type":"Feature"},{"geometry":{"coordinates":[-78.66236321040674,35.7249920936468],"type":"Point"},"id":"fac_im3_building_00233888384","properties":{"county_fipses":["37183"],"data_status":"provisional_source_record","display_name":"Segra Data Center","entity_id":"fac_im3_building_00233888384","entity_type":"facility","footprint_sqft":46141.0,"geography_assignment_method":"point_in_polygon","primary_county_fips":"37183","release_vintage":"2026.02.09","source_layer":"building","source_name":"Segra Data Center","source_operator":null,"source_record_id":"00233888384","source_ref":null,"source_reported_county_fipses":["37183"]},"type":"Feature"},{"geometry":{"coordinates":[-77.45900624552966,39.016470708222904],"type":"Point"},"id":"fac_im3_building_00234722029","properties":{"county_fipses":["51107"],"data_status":"provisional_source_record","display_name":"Equinix Ashburn DC2","entity_id":"fac_im3_building_00234722029","entity_type":"facility","footprint_sqft":175215.0,"geography_assignment_method":"point_in_polygon","primary_county_fips":"51107","release_vintage":"2026.02.09","source_layer":"building","source_name":"Equinix Ashburn DC2","source_operator":"Equinix","source_record_id":"00234722029","source_ref":"DC2","source_reported_county_fipses":["51107"]},"type":"Feature"},{"geometry":{"coordinates":[-77.45171989501627,39.01367498906444],"type":"Point"},"id":"fac_im3_building_00234722720","properties":{"county_fipses":["51107"],"data_status":"provisional_source_record","display_name":"H5 Data Centers Ashburn","entity_id":"fac_im3_building_00234722720","entity_type":"facility","footprint_sqft":83656.0,"geography_assignment_method":"point_in_polygon","primary_county_fips":"51107","release_vintage":"2026.02.09","source_layer":"building","source_name":"H5 Data Centers Ashburn","source_operator":"H5","source_record_id":"00234722720","source_ref":"Ashburn","source_reported_county_fipses":["51107"]},"type":"Feature"},{"geometry":{"coordinates":[-96.80919489840309,43.60697077791878],"type":"Point"},"id":"fac_im3_building_00239032142","properties":{"county_fipses":["46099"],"data_status":"provisional_source_record","display_name":"TierPoint Sioux Falls West Data Center","entity_id":"fac_im3_building_00239032142","entity_type":"facility","footprint_sqft":55963.0,"geography_assignment_method":"point_in_polygon","primary_county_fips":"46099","release_vintage":"2026.02.09","source_layer":"building","source_name":"TierPoint Sioux Falls West Data Center","source_operator":null,"source_record_id":"00239032142","source_ref":null,"source_reported_county_fipses":["46099"]},"type":"Feature"},{"geometry":{"coordinates":[-77.21161871839628,38.920020715978985],"type":"Point"},"id":"fac_im3_building_00239147373","properties":{"county_fipses":["51059"],"data_status":"provisional_source_record","display_name":"Lumen McLean","entity_id":"fac_im3_building_00239147373","entity_type":"facility","footprint_sqft":42056.0,"geography_assignment_method":"point_in_polygon","primary_county_fips":"51059","release_vintage":"2026.02.09","source_layer":"building","source_name":"Lumen McLean","source_operator":"Lumen Technologies","source_record_id":"00239147373","source_ref":null,"source_reported_county_fipses":["51059"]},"type":"Feature"},{"geometry":{"coordinates":[-77.21358499990595,38.919905150298106],"type":"Point"},"id":"fac_im3_building_00239147724","properties":{"county_fipses":["51059"],"data_status":"provisional_source_record","display_name":"DataBank McLean IAD2","entity_id":"fac_im3_building_00239147724","entity_type":"facility","footprint_sqft":22957.0,"geography_assignment_method":"point_in_polygon","primary_county_fips":"51059","release_vintage":"2026.02.09","source_layer":"building","source_name":"DataBank McLean IAD2","source_operator":"DataBank","source_record_id":"00239147724","source_ref":"IAD2","source_reported_county_fipses":["51059"]},"type":"Feature"},{"geometry":{"coordinates":[-112.04772494385753,40.5637493311281],"type":"Point"},"id":"fac_im3_building_00240724127","properties":{"county_fipses":["49035"],"data_status":"provisional_source_record","display_name":"eBay","entity_id":"fac_im3_building_00240724127","entity_type":"facility","footprint_sqft":183167.0,"geography_assignment_method":"point_in_polygon","primary_county_fips":"49035","release_vintage":"2026.02.09","source_layer":"building","source_name":"eBay","source_operator":null,"source_record_id":"00240724127","source_ref":null,"source_reported_county_fipses":["49035"]},"type":"Feature"},{"geometry":{"coordinates":[-87.9728434935898,41.812557111453394],"type":"Point"},"id":"fac_im3_building_00243242167","properties":{"county_fipses":["17043"],"data_status":"provisional_source_record","display_name":"Equinix Chicago Data CH7","entity_id":"fac_im3_building_00243242167","entity_type":"facility","footprint_sqft":47336.0,"geography_assignment_method":"point_in_polygon","primary_county_fips":"17043","release_vintage":"2026.02.09","source_layer":"building","source_name":"Equinix Chicago Data CH7","source_operator":"Equinix","source_record_id":"00243242167","source_ref":null,"source_reported_county_fipses":["17043"]},"type":"Feature"},{"geometry":{"coordinates":[-112.0094263246897,33.41605053769886],"type":"Point"},"id":"fac_im3_building_00244490839","properties":{"county_fipses":["04013"],"data_status":"provisional_source_record","display_name":"PhoenixNAP","entity_id":"fac_im3_building_00244490839","entity_type":"facility","footprint_sqft":79223.0,"geography_assignment_method":"point_in_polygon","primary_county_fips":"04013","release_vintage":"2026.02.09","source_layer":"building","source_name":"PhoenixNAP","source_operator":null,"source_record_id":"00244490839","source_ref":null,"source_reported_county_fipses":["04013"]},"type":"Feature"},{"geometry":{"coordinates":[-74.17317970568563,40.60738024218361],"type":"Point"},"id":"fac_im3_building_00247427998","properties":{"county_fipses":["36085"],"data_status":"provisional_source_record","display_name":"Merrill Lynch Data Center","entity_id":"fac_im3_building_00247427998","entity_type":"facility","footprint_sqft":63435.0,"geography_assignment_method":"point_in_polygon","primary_county_fips":"36085","release_vintage":"2026.02.09","source_layer":"building","source_name":"Merrill Lynch Data Center","source_operator":"Merrill Lynch","source_record_id":"00247427998","source_ref":null,"source_reported_county_fipses":["36085"]},"type":"Feature"},{"geometry":{"coordinates":[-74.17488651961352,40.606985209666014],"type":"Point"},"id":"fac_im3_building_00247428943","properties":{"county_fipses":["36085"],"data_status":"provisional_source_record","display_name":"Telehouse Teleport","entity_id":"fac_im3_building_00247428943","entity_type":"facility","footprint_sqft":69999.0,"geography_assignment_method":"point_in_polygon","primary_county_fips":"36085","release_vintage":"2026.02.09","source_layer":"building","source_name":"Telehouse Teleport","source_operator":"Telehouse","source_record_id":"00247428943","source_ref":null,"source_reported_county_fipses":["36085"]},"type":"Feature"},{"geometry":{"coordinates":[-74.00463586981833,40.719998478665225],"type":"Point"},"id":"fac_im3_building_00250052753","properties":{"county_fipses":["36061"],"data_status":"provisional_source_record","display_name":"32 Avenue of the Americas","entity_id":"fac_im3_building_00250052753","entity_type":"facility","footprint_sqft":42396.0,"geography_assignment_method":"point_in_polygon","primary_county_fips":"36061","release_vintage":"2026.02.09","source_layer":"building","source_name":"32 Avenue of the Americas","source_operator":null,"source_record_id":"00250052753","source_ref":null,"source_reported_county_fipses":["36061"]},"type":"Feature"},{"geometry":{"coordinates":[-77.47258021616551,38.910132702732945],"type":"Point"},"id":"fac_im3_building_00251716328","properties":{"county_fipses":["51059"],"data_status":"provisional_source_record","display_name":"Digital Realty","entity_id":"fac_im3_building_00251716328","entity_type":"facility","footprint_sqft":72337.0,"geography_assignment_method":"point_in_polygon","primary_county_fips":"51059","release_vintage":"2026.02.09","source_layer":"building","source_name":"Digital Realty","source_operator":"Digital Realty","source_record_id":"00251716328","source_ref":null,"source_reported_county_fipses":["51059"]},"type":"Feature"},{"geometry":{"coordinates":[-90.1964202669285,38.62976100794761],"type":"Point"},"id":"fac_im3_building_00253682978","properties":{"county_fipses":["29510"],"data_status":"provisional_source_record","display_name":"TierPoint","entity_id":"fac_im3_building_00253682978","entity_type":"facility","footprint_sqft":24039.0,"geography_assignment_method":"point_in_polygon","primary_county_fips":"29510","release_vintage":"2026.02.09","source_layer":"building","source_name":"TierPoint","source_operator":null,"source_record_id":"00253682978","source_ref":null,"source_reported_county_fipses":["29510"]},"type":"Feature"},{"geometry":{"coordinates":[-115.07792815622403,36.144732607348836],"type":"Point"},"id":"fac_im3_building_00254583328","properties":{"county_fipses":["32003"],"data_status":"provisional_source_record","display_name":"Verizon","entity_id":"fac_im3_building_00254583328","entity_type":"facility","footprint_sqft":25884.0,"geography_assignment_method":"point_in_polygon","primary_county_fips":"32003","release_vintage":"2026.02.09","source_layer":"building","source_name":"Verizon","source_operator":null,"source_record_id":"00254583328","source_ref":null,"source_reported_county_fipses":["32003"]},"type":"Feature"},{"geometry":{"coordinates":[-98.64069026748369,29.44667420261524],"type":"Point"},"id":"fac_im3_building_00254742608","properties":{"county_fipses":["48029"],"data_status":"provisional_source_record","display_name":"Unnamed IM3 building 00254742608","entity_id":"fac_im3_building_00254742608","entity_type":"facility","footprint_sqft":127563.0,"geography_assignment_method":"point_in_polygon","primary_county_fips":"48029","release_vintage":"2026.02.09","source_layer":"building","source_name":null,"source_operator":null,"source_record_id":"00254742608","source_ref":"A","source_reported_county_fipses":["48029"]},"type":"Feature"},{"geometry":{"coordinates":[-98.64112862038242,29.44792213625347],"type":"Point"},"id":"fac_im3_building_00254742609","properties":{"county_fipses":["48029"],"data_status":"provisional_source_record","display_name":"Unnamed IM3 building 00254742609","entity_id":"fac_im3_building_00254742609","entity_type":"facility","footprint_sqft":142712.0,"geography_assignment_method":"point_in_polygon","primary_county_fips":"48029","release_vintage":"2026.02.09","source_layer":"building","source_name":null,"source_operator":null,"source_record_id":"00254742609","source_ref":"B","source_reported_county_fipses":["48029"]},"type":"Feature"},{"geometry":{"coordinates":[-98.64099341797508,29.447199009365736],"type":"Point"},"id":"fac_im3_building_00254742610","properties":{"county_fipses":["48029"],"data_status":"provisional_source_record","display_name":"Unnamed IM3 building 00254742610","entity_id":"fac_im3_building_00254742610","entity_type":"facility","footprint_sqft":36014.0,"geography_assignment_method":"point_in_polygon","primary_county_fips":"48029","release_vintage":"2026.02.09","source_layer":"building","source_name":null,"source_operator":null,"source_record_id":"00254742610","source_ref":"Connector","source_reported_county_fipses":["48029"]},"type":"Feature"},{"geometry":{"coordinates":[-96.68156543918735,33.09599431363361],"type":"Point"},"id":"fac_im3_building_00254773884","properties":{"county_fipses":["48085"],"data_status":"provisional_source_record","display_name":"Unnamed IM3 building 00254773884","entity_id":"fac_im3_building_00254773884","entity_type":"facility","footprint_sqft":121665.0,"geography_assignment_method":"point_in_polygon","primary_county_fips":"48085","release_vintage":"2026.02.09","source_layer":"building","source_name":null,"source_operator":null,"source_record_id":"00254773884","source_ref":null,"source_reported_county_fipses":["48085"]},"type":"Feature"},{"geometry":{"coordinates":[-96.68376373847303,33.09506355613131],"type":"Point"},"id":"fac_im3_building_00254773897","properties":{"county_fipses":["48085"],"data_status":"provisional_source_record","display_name":"Evoque Allen DA1","entity_id":"fac_im3_building_00254773897","entity_type":"facility","footprint_sqft":114534.0,"geography_assignment_method":"point_in_polygon","primary_county_fips":"48085","release_vintage":"2026.02.09","source_layer":"building","source_name":"Evoque Allen DA1","source_operator":"Centersquare","source_record_id":"00254773897","source_ref":"DA1","source_reported_county_fipses":["48085"]},"type":"Feature"},{"geometry":{"coordinates":[-95.93649511237068,41.26141936949243],"type":"Point"},"id":"fac_im3_building_00256728809","properties":{"county_fipses":["31055"],"data_status":"provisional_source_record","display_name":"Unnamed IM3 building 00256728809","entity_id":"fac_im3_building_00256728809","entity_type":"facility","footprint_sqft":69219.0,"geography_assignment_method":"point_in_polygon","primary_county_fips":"31055","release_vintage":"2026.02.09","source_layer":"building","source_name":null,"source_operator":null,"source_record_id":"00256728809","source_ref":null,"source_reported_county_fipses":["31055"]},"type":"Feature"},{"geometry":{"coordinates":[-77.4386951674598,37.64689021155886],"type":"Point"},"id":"fac_im3_building_00257581364","properties":{"county_fipses":["51087"],"data_status":"provisional_source_record","display_name":"Flexential - Richmond","entity_id":"fac_im3_building_00257581364","entity_type":"facility","footprint_sqft":39778.0,"geography_assignment_method":"point_in_polygon","primary_county_fips":"51087","release_vintage":"2026.02.09","source_layer":"building","source_name":"Flexential - Richmond","source_operator":"Flexential","source_record_id":"00257581364","source_ref":null,"source_reported_county_fipses":["51087"]},"type":"Feature"},{"geometry":{"coordinates":[-77.453440411722,38.89965169321406],"type":"Point"},"id":"fac_im3_building_00258343744","properties":{"county_fipses":["51059"],"data_status":"provisional_source_record","display_name":"Amazon IAD-9","entity_id":"fac_im3_building_00258343744","entity_type":"facility","footprint_sqft":85855.0,"geography_assignment_method":"point_in_polygon","primary_county_fips":"51059","release_vintage":"2026.02.09","source_layer":"building","source_name":"Amazon IAD-9","source_operator":"Amazon Web Services","source_record_id":"00258343744","source_ref":"IAD-9","source_reported_county_fipses":["51059"]},"type":"Feature"},{"geometry":{"coordinates":[-77.45510184070243,38.89790175442311],"type":"Point"},"id":"fac_im3_building_00258343748","properties":{"county_fipses":["51059"],"data_status":"provisional_source_record","display_name":"Amazon IAD22","entity_id":"fac_im3_building_00258343748","entity_type":"facility","footprint_sqft":30140.0,"geography_assignment_method":"point_in_polygon","primary_county_fips":"51059","release_vintage":"2026.02.09","source_layer":"building","source_name":"Amazon IAD22","source_operator":null,"source_record_id":"00258343748","source_ref":null,"source_reported_county_fipses":["51059"]},"type":"Feature"},{"geometry":{"coordinates":[-77.45407518694847,38.897859142125064],"type":"Point"},"id":"fac_im3_building_00258343749","properties":{"county_fipses":["51059"],"data_status":"provisional_source_record","display_name":"Amazon IAD-1","entity_id":"fac_im3_building_00258343749","entity_type":"facility","footprint_sqft":93882.0,"geography_assignment_method":"point_in_polygon","primary_county_fips":"51059","release_vintage":"2026.02.09","source_layer":"building","source_name":"Amazon IAD-1","source_operator":"Amazon Web Services","source_record_id":"00258343749","source_ref":"IAD-1","source_reported_county_fipses":["51059"]},"type":"Feature"},{"geometry":{"coordinates":[-77.47224542805822,38.90924510953836],"type":"Point"},"id":"fac_im3_building_00258519934","properties":{"county_fipses":["51059"],"data_status":"provisional_source_record","display_name":"Unnamed IM3 building 00258519934","entity_id":"fac_im3_building_00258519934","entity_type":"facility","footprint_sqft":43330.0,"geography_assignment_method":"point_in_polygon","primary_county_fips":"51059","release_vintage":"2026.02.09","source_layer":"building","source_name":null,"source_operator":null,"source_record_id":"00258519934","source_ref":null,"source_reported_county_fipses":["51059"]},"type":"Feature"},{"geometry":{"coordinates":[-77.47346579109487,38.90979813235743],"type":"Point"},"id":"fac_im3_building_00258519959","properties":{"county_fipses":["51059"],"data_status":"provisional_source_record","display_name":"Unnamed IM3 building 00258519959","entity_id":"fac_im3_building_00258519959","entity_type":"facility","footprint_sqft":32222.0,"geography_assignment_method":"point_in_polygon","primary_county_fips":"51059","release_vintage":"2026.02.09","source_layer":"building","source_name":null,"source_operator":null,"source_record_id":"00258519959","source_ref":null,"source_reported_county_fipses":["51059"]},"type":"Feature"},{"geometry":{"coordinates":[-77.19627275728058,38.750816595369955],"type":"Point"},"id":"fac_im3_building_00260996040","properties":{"county_fipses":["51059"],"data_status":"provisional_source_record","display_name":"Unnamed IM3 building 00260996040","entity_id":"fac_im3_building_00260996040","entity_type":"facility","footprint_sqft":56049.0,"geography_assignment_method":"point_in_polygon","primary_county_fips":"51059","release_vintage":"2026.02.09","source_layer":"building","source_name":null,"source_operator":null,"source_record_id":"00260996040","source_ref":null,"source_reported_county_fipses":["51059"]},"type":"Feature"},{"geometry":{"coordinates":[-84.31955321505815,34.03620188757935],"type":"Point"},"id":"fac_im3_building_00269166415","properties":{"county_fipses":["13121"],"data_status":"provisional_source_record","display_name":"Cox Data Center","entity_id":"fac_im3_building_00269166415","entity_type":"facility","footprint_sqft":127858.0,"geography_assignment_method":"point_in_polygon","primary_county_fips":"13121","release_vintage":"2026.02.09","source_layer":"building","source_name":"Cox Data Center","source_operator":null,"source_record_id":"00269166415","source_ref":null,"source_reported_county_fipses":["13121"]},"type":"Feature"},{"geometry":{"coordinates":[-84.42109985598158,33.7776811736858],"type":"Point"},"id":"fac_im3_building_00269847438","properties":{"county_fipses":["13121"],"data_status":"provisional_source_record","display_name":"QTS Atlanta Data Center 1","entity_id":"fac_im3_building_00269847438","entity_type":"facility","footprint_sqft":719736.0,"geography_assignment_method":"point_in_polygon","primary_county_fips":"13121","release_vintage":"2026.02.09","source_layer":"building","source_name":"QTS Atlanta Data Center 1","source_operator":"Quality Technology Services","source_record_id":"00269847438","source_ref":null,"source_reported_county_fipses":["13121"]},"type":"Feature"},{"geometry":{"coordinates":[-121.98603139645,37.372103697929965],"type":"Point"},"id":"fac_im3_building_00271893323","properties":{"county_fipses":["06085"],"data_status":"provisional_source_record","display_name":"Csquare SFO3","entity_id":"fac_im3_building_00271893323","entity_type":"facility","footprint_sqft":71209.0,"geography_assignment_method":"point_in_polygon","primary_county_fips":"06085","release_vintage":"2026.02.09","source_layer":"building","source_name":"Csquare SFO3","source_operator":"Csquare","source_record_id":"00271893323","source_ref":"SFO3","source_reported_county_fipses":["06085"]},"type":"Feature"},{"geometry":{"coordinates":[-77.44424695215189,38.98092474637894],"type":"Point"},"id":"fac_im3_building_00273895868","properties":{"county_fipses":["51107"],"data_status":"provisional_source_record","display_name":"Centersquare IAD3","entity_id":"fac_im3_building_00273895868","entity_type":"facility","footprint_sqft":130748.0,"geography_assignment_method":"point_in_polygon","primary_county_fips":"51107","release_vintage":"2026.02.09","source_layer":"building","source_name":"Centersquare IAD3","source_operator":"Centersquare","source_record_id":"00273895868","source_ref":"IAD3","source_reported_county_fipses":["51107"]},"type":"Feature"},{"geometry":{"coordinates":[-77.42381651986251,38.98441813209926],"type":"Point"},"id":"fac_im3_building_00273896089","properties":{"county_fipses":["51107"],"data_status":"provisional_source_record","display_name":"Centersquare IAD2-A","entity_id":"fac_im3_building_00273896089","entity_type":"facility","footprint_sqft":48153.0,"geography_assignment_method":"point_in_polygon","primary_county_fips":"51107","release_vintage":"2026.02.09","source_layer":"building","source_name":"Centersquare IAD2-A","source_operator":"Centersquare","source_record_id":"00273896089","source_ref":"IAD2-A","source_reported_county_fipses":["51107"]},"type":"Feature"},{"geometry":{"coordinates":[-77.42564884364357,38.984886746753254],"type":"Point"},"id":"fac_im3_building_00273896096","properties":{"county_fipses":["51107"],"data_status":"provisional_source_record","display_name":"CyrusOne","entity_id":"fac_im3_building_00273896096","entity_type":"facility","footprint_sqft":127744.0,"geography_assignment_method":"point_in_polygon","primary_county_fips":"51107","release_vintage":"2026.02.09","source_layer":"building","source_name":null,"source_operator":"CyrusOne","source_record_id":"00273896096","source_ref":"CyrusOne Northern Virginia Sterling IV","source_reported_county_fipses":["51107"]},"type":"Feature"},{"geometry":{"coordinates":[-77.42410521314366,38.983603752633236],"type":"Point"},"id":"fac_im3_building_00273896102","properties":{"county_fipses":["51107"],"data_status":"provisional_source_record","display_name":"Centersquare IAD2-B","entity_id":"fac_im3_building_00273896102","entity_type":"facility","footprint_sqft":71819.0,"geography_assignment_method":"point_in_polygon","primary_county_fips":"51107","release_vintage":"2026.02.09","source_layer":"building","source_name":"Centersquare IAD2-B","source_operator":"Centersquare","source_record_id":"00273896102","source_ref":"IAD2-B","source_reported_county_fipses":["51107"]},"type":"Feature"},{"geometry":{"coordinates":[-84.41520253319351,33.65703230386123],"type":"Point"},"id":"fac_im3_building_00278560778","properties":{"county_fipses":["13121"],"data_status":"provisional_source_record","display_name":"Digital Realty Data Center","entity_id":"fac_im3_building_00278560778","entity_type":"facility","footprint_sqft":128785.0,"geography_assignment_method":"point_in_polygon","primary_county_fips":"13121","release_vintage":"2026.02.09","source_layer":"building","source_name":"Digital Realty Data Center","source_operator":"Digital Realty","source_record_id":"00278560778","source_ref":null,"source_reported_county_fipses":["13121"]},"type":"Feature"},{"geometry":{"coordinates":[-74.02575833881977,40.76076492901499],"type":"Point"},"id":"fac_im3_building_00279410762","properties":{"county_fipses":["34017"],"data_status":"provisional_source_record","display_name":"Cyxtera (Digital Realty Trust) Citibank Data Center","entity_id":"fac_im3_building_00279410762","entity_type":"facility","footprint_sqft":58356.0,"geography_assignment_method":"point_in_polygon","primary_county_fips":"34017","release_vintage":"2026.02.09","source_layer":"building","source_name":"Cyxtera (Digital Realty Trust) Citibank Data Center","source_operator":"Cyxtera","source_record_id":"00279410762","source_ref":null,"source_reported_county_fipses":["34017"]},"type":"Feature"},{"geometry":{"coordinates":[-74.0250249144998,40.76183107982837],"type":"Point"},"id":"fac_im3_building_00279410766","properties":{"county_fipses":["34017"],"data_status":"provisional_source_record","display_name":"Digital Realty New Jersey EWR10","entity_id":"fac_im3_building_00279410766","entity_type":"facility","footprint_sqft":126960.0,"geography_assignment_method":"point_in_polygon","primary_county_fips":"34017","release_vintage":"2026.02.09","source_layer":"building","source_name":"Digital Realty New Jersey EWR10","source_operator":"Digital Realty","source_record_id":"00279410766","source_ref":"EWR10","source_reported_county_fipses":["34017"]},"type":"Feature"},{"geometry":{"coordinates":[-119.81322935255957,47.24621227884292],"type":"Point"},"id":"fac_im3_building_00283051469","properties":{"county_fipses":["53025"],"data_status":"provisional_source_record","display_name":"Unnamed IM3 building 00283051469","entity_id":"fac_im3_building_00283051469","entity_type":"facility","footprint_sqft":151976.0,"geography_assignment_method":"point_in_polygon","primary_county_fips":"53025","release_vintage":"2026.02.09","source_layer":"building","source_name":null,"source_operator":null,"source_record_id":"00283051469","source_ref":null,"source_reported_county_fipses":["53025"]},"type":"Feature"},{"geometry":{"coordinates":[-119.81318678101925,47.24765247479226],"type":"Point"},"id":"fac_im3_building_00283051470","properties":{"county_fipses":["53025"],"data_status":"provisional_source_record","display_name":"Unnamed IM3 building 00283051470","entity_id":"fac_im3_building_00283051470","entity_type":"facility","footprint_sqft":133363.0,"geography_assignment_method":"point_in_polygon","primary_county_fips":"53025","release_vintage":"2026.02.09","source_layer":"building","source_name":null,"source_operator":null,"source_record_id":"00283051470","source_ref":null,"source_reported_county_fipses":["53025"]},"type":"Feature"},{"geometry":{"coordinates":[-119.81575602489733,47.24616793078344],"type":"Point"},"id":"fac_im3_building_00283051471","properties":{"county_fipses":["53025"],"data_status":"provisional_source_record","display_name":"Unnamed IM3 building 00283051471","entity_id":"fac_im3_building_00283051471","entity_type":"facility","footprint_sqft":135310.0,"geography_assignment_method":"point_in_polygon","primary_county_fips":"53025","release_vintage":"2026.02.09","source_layer":"building","source_name":null,"source_operator":null,"source_record_id":"00283051471","source_ref":null,"source_reported_county_fipses":["53025"]},"type":"Feature"},{"geometry":{"coordinates":[-119.81966487505578,47.2525738060569],"type":"Point"},"id":"fac_im3_building_00283051475","properties":{"county_fipses":["53025"],"data_status":"provisional_source_record","display_name":"Unnamed IM3 building 00283051475","entity_id":"fac_im3_building_00283051475","entity_type":"facility","footprint_sqft":246778.0,"geography_assignment_method":"point_in_polygon","primary_county_fips":"53025","release_vintage":"2026.02.09","source_layer":"building","source_name":null,"source_operator":null,"source_record_id":"00283051475","source_ref":null,"source_reported_county_fipses":["53025"]},"type":"Feature"},{"geometry":{"coordinates":[-119.82886591661293,47.246735553110774],"type":"Point"},"id":"fac_im3_building_00283051478","properties":{"county_fipses":["53025"],"data_status":"provisional_source_record","display_name":"Unnamed IM3 building 00283051478","entity_id":"fac_im3_building_00283051478","entity_type":"facility","footprint_sqft":151213.0,"geography_assignment_method":"point_in_polygon","primary_county_fips":"53025","release_vintage":"2026.02.09","source_layer":"building","source_name":null,"source_operator":null,"source_record_id":"00283051478","source_ref":null,"source_reported_county_fipses":["53025"]},"type":"Feature"},{"geometry":{"coordinates":[-119.8297911817926,47.2459914143102],"type":"Point"},"id":"fac_im3_building_00283051481","properties":{"county_fipses":["53025"],"data_status":"provisional_source_record","display_name":"Unnamed IM3 building 00283051481","entity_id":"fac_im3_building_00283051481","entity_type":"facility","footprint_sqft":35848.0,"geography_assignment_method":"point_in_polygon","primary_county_fips":"53025","release_vintage":"2026.02.09","source_layer":"building","source_name":null,"source_operator":null,"source_record_id":"00283051481","source_ref":null,"source_reported_county_fipses":["53025"]},"type":"Feature"},{"geometry":{"coordinates":[-119.8291703,47.24598939949083],"type":"Point"},"id":"fac_im3_building_00283051482","properties":{"county_fipses":["53025"],"data_status":"provisional_source_record","display_name":"Unnamed IM3 building 00283051482","entity_id":"fac_im3_building_00283051482","entity_type":"facility","footprint_sqft":35925.0,"geography_assignment_method":"point_in_polygon","primary_county_fips":"53025","release_vintage":"2026.02.09","source_layer":"building","source_name":null,"source_operator":null,"source_record_id":"00283051482","source_ref":null,"source_reported_county_fipses":["53025"]},"type":"Feature"},{"geometry":{"coordinates":[-119.82815880653993,47.24598937431324],"type":"Point"},"id":"fac_im3_building_00283051483","properties":{"county_fipses":["53025"],"data_status":"provisional_source_record","display_name":"Unnamed IM3 building 00283051483","entity_id":"fac_im3_building_00283051483","entity_type":"facility","footprint_sqft":33824.0,"geography_assignment_method":"point_in_polygon","primary_county_fips":"53025","release_vintage":"2026.02.09","source_layer":"building","source_name":null,"source_operator":null,"source_record_id":"00283051483","source_ref":null,"source_reported_county_fipses":["53025"]},"type":"Feature"},{"geometry":{"coordinates":[-119.82754149992971,47.24600329947973],"type":"Point"},"id":"fac_im3_building_00283051484","properties":{"county_fipses":["53025"],"data_status":"provisional_source_record","display_name":"Unnamed IM3 building 00283051484","entity_id":"fac_im3_building_00283051484","entity_type":"facility","footprint_sqft":33688.0,"geography_assignment_method":"point_in_polygon","primary_county_fips":"53025","release_vintage":"2026.02.09","source_layer":"building","source_name":null,"source_operator":null,"source_record_id":"00283051484","source_ref":null,"source_reported_county_fipses":["53025"]},"type":"Feature"},{"geometry":{"coordinates":[-119.82866158737185,47.24606673682079],"type":"Point"},"id":"fac_im3_building_00283051485","properties":{"county_fipses":["53025"],"data_status":"provisional_source_record","display_name":"Unnamed IM3 building 00283051485","entity_id":"fac_im3_building_00283051485","entity_type":"facility","footprint_sqft":19067.0,"geography_assignment_method":"point_in_polygon","primary_county_fips":"53025","release_vintage":"2026.02.09","source_layer":"building","source_name":null,"source_operator":null,"source_record_id":"00283051485","source_ref":null,"source_reported_county_fipses":["53025"]},"type":"Feature"},{"geometry":{"coordinates":[-84.48161598883719,33.92551125989177],"type":"Point"},"id":"fac_im3_building_00284044002","properties":{"county_fipses":["13067"],"data_status":"provisional_source_record","display_name":"DataSite Atlanta","entity_id":"fac_im3_building_00284044002","entity_type":"facility","footprint_sqft":77660.0,"geography_assignment_method":"point_in_polygon","primary_county_fips":"13067","release_vintage":"2026.02.09","source_layer":"building","source_name":"DataSite Atlanta","source_operator":"datasite","source_record_id":"00284044002","source_ref":"Atlanta","source_reported_county_fipses":["13067"]},"type":"Feature"},{"geometry":{"coordinates":[-94.68505095083452,39.290121050497966],"type":"Point"},"id":"fac_im3_building_00288909509","properties":{"county_fipses":["29165"],"data_status":"provisional_source_record","display_name":"Unnamed IM3 building 00288909509","entity_id":"fac_im3_building_00288909509","entity_type":"facility","footprint_sqft":30923.0,"geography_assignment_method":"point_in_polygon","primary_county_fips":"29165","release_vintage":"2026.02.09","source_layer":"building","source_name":null,"source_operator":null,"source_record_id":"00288909509","source_ref":null,"source_reported_county_fipses":["29165"]},"type":"Feature"},{"geometry":{"coordinates":[-122.39793596994734,37.7236016950597],"type":"Point"},"id":"fac_im3_building_00289620443","properties":{"county_fipses":["06075"],"data_status":"provisional_source_record","display_name":"Digital Realty San Francisco SFO10","entity_id":"fac_im3_building_00289620443","entity_type":"facility","footprint_sqft":104867.0,"geography_assignment_method":"point_in_polygon","primary_county_fips":"06075","release_vintage":"2026.02.09","source_layer":"building","source_name":"Digital Realty San Francisco SFO10","source_operator":"Digital Realty","source_record_id":"00289620443","source_ref":"SFO10","source_reported_county_fipses":["06075"]},"type":"Feature"},{"geometry":{"coordinates":[-74.0059130609563,40.7165249817088],"type":"Point"},"id":"fac_im3_building_00289884123","properties":{"county_fipses":["36061"],"data_status":"provisional_source_record","display_name":"33 Thomas Street","entity_id":"fac_im3_building_00289884123","entity_type":"facility","footprint_sqft":30791.0,"geography_assignment_method":"point_in_polygon","primary_county_fips":"36061","release_vintage":"2026.02.09","source_layer":"building","source_name":"33 Thomas Street","source_operator":null,"source_record_id":"00289884123","source_ref":null,"source_reported_county_fipses":["36061"]},"type":"Feature"},{"geometry":{"coordinates":[-111.78209278694163,43.825243232176796],"type":"Point"},"id":"fac_im3_building_00290101976","properties":{"county_fipses":["16065"],"data_status":"provisional_source_record","display_name":"VentureData","entity_id":"fac_im3_building_00290101976","entity_type":"facility","footprint_sqft":18269.0,"geography_assignment_method":"point_in_polygon","primary_county_fips":"16065","release_vintage":"2026.02.09","source_layer":"building","source_name":"VentureData","source_operator":null,"source_record_id":"00290101976","source_ref":null,"source_reported_county_fipses":["16065"]},"type":"Feature"},{"geometry":{"coordinates":[-112.04789988122732,33.400255234990105],"type":"Point"},"id":"fac_im3_building_00290307022","properties":{"county_fipses":["04013"],"data_status":"provisional_source_record","display_name":"Cogent Data Center","entity_id":"fac_im3_building_00290307022","entity_type":"facility","footprint_sqft":51675.0,"geography_assignment_method":"point_in_polygon","primary_county_fips":"04013","release_vintage":"2026.02.09","source_layer":"building","source_name":"Cogent Data Center","source_operator":"Cogent Communications, Inc.","source_record_id":"00290307022","source_ref":null,"source_reported_county_fipses":["04013"]},"type":"Feature"},{"geometry":{"coordinates":[-96.87306493151617,32.81755909182154],"type":"Point"},"id":"fac_im3_building_00290703004","properties":{"county_fipses":["48113"],"data_status":"provisional_source_record","display_name":"CoreSpace Dallas","entity_id":"fac_im3_building_00290703004","entity_type":"facility","footprint_sqft":31626.0,"geography_assignment_method":"point_in_polygon","primary_county_fips":"48113","release_vintage":"2026.02.09","source_layer":"building","source_name":"CoreSpace Dallas","source_operator":"CoreSpace","source_record_id":"00290703004","source_ref":null,"source_reported_county_fipses":["48113"]},"type":"Feature"},{"geometry":{"coordinates":[-104.84696328231581,39.59013144249605],"type":"Point"},"id":"fac_im3_building_00292506449","properties":{"county_fipses":["08005"],"data_status":"provisional_source_record","display_name":"Unnamed IM3 building 00292506449","entity_id":"fac_im3_building_00292506449","entity_type":"facility","footprint_sqft":108473.0,"geography_assignment_method":"point_in_polygon","primary_county_fips":"08005","release_vintage":"2026.02.09","source_layer":"building","source_name":null,"source_operator":null,"source_record_id":"00292506449","source_ref":null,"source_reported_county_fipses":["08005"]},"type":"Feature"},{"geometry":{"coordinates":[-104.84703864109652,39.591351747526645],"type":"Point"},"id":"fac_im3_building_00292506452","properties":{"county_fipses":["08005"],"data_status":"provisional_source_record","display_name":"zColo by Zayo","entity_id":"fac_im3_building_00292506452","entity_type":"facility","footprint_sqft":62177.0,"geography_assignment_method":"point_in_polygon","primary_county_fips":"08005","release_vintage":"2026.02.09","source_layer":"building","source_name":"zColo by Zayo","source_operator":null,"source_record_id":"00292506452","source_ref":null,"source_reported_county_fipses":["08005"]},"type":"Feature"},{"geometry":{"coordinates":[-122.28973615206532,47.49191977023952],"type":"Point"},"id":"fac_im3_building_00293211683","properties":{"county_fipses":["53033"],"data_status":"provisional_source_record","display_name":"Intergate Seattle East Building 5","entity_id":"fac_im3_building_00293211683","entity_type":"facility","footprint_sqft":200124.0,"geography_assignment_method":"point_in_polygon","primary_county_fips":"53033","release_vintage":"2026.02.09","source_layer":"building","source_name":"Intergate Seattle East Building 5","source_operator":"Sabey","source_record_id":"00293211683","source_ref":null,"source_reported_county_fipses":["53033"]},"type":"Feature"},{"geometry":{"coordinates":[-122.29030164481166,47.493556238112845],"type":"Point"},"id":"fac_im3_building_00293211686","properties":{"county_fipses":["53033"],"data_status":"provisional_source_record","display_name":"Intergate Seattle East Building 3","entity_id":"fac_im3_building_00293211686","entity_type":"facility","footprint_sqft":203387.0,"geography_assignment_method":"point_in_polygon","primary_county_fips":"53033","release_vintage":"2026.02.09","source_layer":"building","source_name":"Intergate Seattle East Building 3","source_operator":"Sabey","source_record_id":"00293211686","source_ref":null,"source_reported_county_fipses":["53033"]},"type":"Feature"},{"geometry":{"coordinates":[-122.28885825770003,47.49341087440766],"type":"Point"},"id":"fac_im3_building_00293211687","properties":{"county_fipses":["53033"],"data_status":"provisional_source_record","display_name":"Intergate Seattle East Building 4","entity_id":"fac_im3_building_00293211687","entity_type":"facility","footprint_sqft":116828.0,"geography_assignment_method":"point_in_polygon","primary_county_fips":"53033","release_vintage":"2026.02.09","source_layer":"building","source_name":"Intergate Seattle East Building 4","source_operator":"Digital Realty","source_record_id":"00293211687","source_ref":null,"source_reported_county_fipses":["53033"]},"type":"Feature"},{"geometry":{"coordinates":[-75.45757328328773,40.635695315852814],"type":"Point"},"id":"fac_im3_building_00296374269","properties":{"county_fipses":["42077"],"data_status":"provisional_source_record","display_name":"Flexential Allentown data center","entity_id":"fac_im3_building_00296374269","entity_type":"facility","footprint_sqft":48995.0,"geography_assignment_method":"point_in_polygon","primary_county_fips":"42077","release_vintage":"2026.02.09","source_layer":"building","source_name":"Flexential Allentown data center","source_operator":"Flexential","source_record_id":"00296374269","source_ref":null,"source_reported_county_fipses":["42077"]},"type":"Feature"},{"geometry":{"coordinates":[-77.46254912313509,39.017901791124075],"type":"Point"},"id":"fac_im3_building_00298126010","properties":{"county_fipses":["51107"],"data_status":"provisional_source_record","display_name":"Digital Realty ACC4","entity_id":"fac_im3_building_00298126010","entity_type":"facility","footprint_sqft":294156.0,"geography_assignment_method":"point_in_polygon","primary_county_fips":"51107","release_vintage":"2026.02.09","source_layer":"building","source_name":"Digital Realty ACC4","source_operator":"Digital Realty","source_record_id":"00298126010","source_ref":"ACC4","source_reported_county_fipses":["51107"]},"type":"Feature"},{"geometry":{"coordinates":[-77.46032653997727,39.01556033255059],"type":"Point"},"id":"fac_im3_building_00298127059","properties":{"county_fipses":["51107"],"data_status":"provisional_source_record","display_name":"Equinix Ashburn DC1","entity_id":"fac_im3_building_00298127059","entity_type":"facility","footprint_sqft":59757.0,"geography_assignment_method":"point_in_polygon","primary_county_fips":"51107","release_vintage":"2026.02.09","source_layer":"building","source_name":"Equinix Ashburn DC1","source_operator":"Equinix","source_record_id":"00298127059","source_ref":"DC1","source_reported_county_fipses":["51107"]},"type":"Feature"},{"geometry":{"coordinates":[-77.46124797924023,39.015987297259315],"type":"Point"},"id":"fac_im3_building_00298127361","properties":{"county_fipses":["51107"],"data_status":"provisional_source_record","display_name":"Equinix Ashburn DC5","entity_id":"fac_im3_building_00298127361","entity_type":"facility","footprint_sqft":94665.0,"geography_assignment_method":"point_in_polygon","primary_county_fips":"51107","release_vintage":"2026.02.09","source_layer":"building","source_name":"Equinix Ashburn DC5","source_operator":"Equinix","source_record_id":"00298127361","source_ref":"DC5","source_reported_county_fipses":["51107"]},"type":"Feature"},{"geometry":{"coordinates":[-77.45880365175545,39.014930750375306],"type":"Point"},"id":"fac_im3_building_00298127420","properties":{"county_fipses":["51107"],"data_status":"provisional_source_record","display_name":"Equinix Ashburn DC11","entity_id":"fac_im3_building_00298127420","entity_type":"facility","footprint_sqft":132897.0,"geography_assignment_method":"point_in_polygon","primary_county_fips":"51107","release_vintage":"2026.02.09","source_layer":"building","source_name":"Equinix Ashburn DC11","source_operator":"Equinix","source_record_id":"00298127420","source_ref":"DC11","source_reported_county_fipses":["51107"]},"type":"Feature"},{"geometry":{"coordinates":[-77.46028710356292,39.021947987272775],"type":"Point"},"id":"fac_im3_building_00298242260","properties":{"county_fipses":["51107"],"data_status":"provisional_source_record","display_name":"Equinix Ashburn DC3","entity_id":"fac_im3_building_00298242260","entity_type":"facility","footprint_sqft":186227.0,"geography_assignment_method":"point_in_polygon","primary_county_fips":"51107","release_vintage":"2026.02.09","source_layer":"building","source_name":"Equinix Ashburn DC3","source_operator":"Equinix","source_record_id":"00298242260","source_ref":"DC3","source_reported_county_fipses":["51107"]},"type":"Feature"},{"geometry":{"coordinates":[-77.45984179886374,39.01993590507545],"type":"Point"},"id":"fac_im3_building_00298242335","properties":{"county_fipses":["51107"],"data_status":"provisional_source_record","display_name":"Digital Realty ACC3","entity_id":"fac_im3_building_00298242335","entity_type":"facility","footprint_sqft":151562.0,"geography_assignment_method":"point_in_polygon","primary_county_fips":"51107","release_vintage":"2026.02.09","source_layer":"building","source_name":"Digital Realty ACC3","source_operator":"Digital Realty","source_record_id":"00298242335","source_ref":"ACC3","source_reported_county_fipses":["51107"]},"type":"Feature"},{"geometry":{"coordinates":[-121.91624119521207,37.40568310648504],"type":"Point"},"id":"fac_im3_building_00299388896","properties":{"county_fipses":["06085"],"data_status":"provisional_source_record","display_name":"CoreSite SV2","entity_id":"fac_im3_building_00299388896","entity_type":"facility","footprint_sqft":89939.0,"geography_assignment_method":"point_in_polygon","primary_county_fips":"06085","release_vintage":"2026.02.09","source_layer":"building","source_name":"CoreSite SV2","source_operator":"CoreSite Real Estate 1656 McCarthy, L.P.","source_record_id":"00299388896","source_ref":"SV2","source_reported_county_fipses":["06085"]},"type":"Feature"},{"geometry":{"coordinates":[-77.45050945562221,38.993785281689334],"type":"Point"},"id":"fac_im3_building_00299927846","properties":{"county_fipses":["51107"],"data_status":"provisional_source_record","display_name":"Amazon IAD76","entity_id":"fac_im3_building_00299927846","entity_type":"facility","footprint_sqft":138071.0,"geography_assignment_method":"point_in_polygon","primary_county_fips":"51107","release_vintage":"2026.02.09","source_layer":"building","source_name":"Amazon IAD76","source_operator":"Amazon Web Services","source_record_id":"00299927846","source_ref":"IAD76","source_reported_county_fipses":["51107"]},"type":"Feature"},{"geometry":{"coordinates":[-77.44767141862896,38.98872330810434],"type":"Point"},"id":"fac_im3_building_00299929061","properties":{"county_fipses":["51107"],"data_status":"provisional_source_record","display_name":"Amazon IAD12","entity_id":"fac_im3_building_00299929061","entity_type":"facility","footprint_sqft":149598.0,"geography_assignment_method":"point_in_polygon","primary_county_fips":"51107","release_vintage":"2026.02.09","source_layer":"building","source_name":"Amazon IAD12","source_operator":"Amazon Web Services","source_record_id":"00299929061","source_ref":"Amazon IAD12","source_reported_county_fipses":["51107"]},"type":"Feature"},{"geometry":{"coordinates":[-77.44790209132543,38.99463732348249],"type":"Point"},"id":"fac_im3_building_00299946152","properties":{"county_fipses":["51107"],"data_status":"provisional_source_record","display_name":"QTS Data Centers","entity_id":"fac_im3_building_00299946152","entity_type":"facility","footprint_sqft":10175.0,"geography_assignment_method":"point_in_polygon","primary_county_fips":"51107","release_vintage":"2026.02.09","source_layer":"building","source_name":null,"source_operator":"QTS Data Centers","source_record_id":"00299946152","source_ref":"QTS Moran (The Vault)","source_reported_county_fipses":["51107"]},"type":"Feature"},{"geometry":{"coordinates":[-77.46307101056209,39.02011263672101],"type":"Point"},"id":"fac_im3_building_00300162674","properties":{"county_fipses":["51107"],"data_status":"provisional_source_record","display_name":"Digital Realty ACC5","entity_id":"fac_im3_building_00300162674","entity_type":"facility","footprint_sqft":298859.0,"geography_assignment_method":"point_in_polygon","primary_county_fips":"51107","release_vintage":"2026.02.09","source_layer":"building","source_name":"Digital Realty ACC5","source_operator":"Digital Realty","source_record_id":"00300162674","source_ref":"ACC5","source_reported_county_fipses":["51107"]},"type":"Feature"},{"geometry":{"coordinates":[-77.46358953091513,39.02106804323565],"type":"Point"},"id":"fac_im3_building_00300162675","properties":{"county_fipses":["51107"],"data_status":"provisional_source_record","display_name":"Digital Realty ACC6","entity_id":"fac_im3_building_00300162675","entity_type":"facility","footprint_sqft":226152.0,"geography_assignment_method":"point_in_polygon","primary_county_fips":"51107","release_vintage":"2026.02.09","source_layer":"building","source_name":"Digital Realty ACC6","source_operator":"Digital Realty","source_record_id":"00300162675","source_ref":"ACC6","source_reported_county_fipses":["51107"]},"type":"Feature"},{"geometry":{"coordinates":[-77.45759526371418,39.0221725562622],"type":"Point"},"id":"fac_im3_building_00300162689","properties":{"county_fipses":["51107"],"data_status":"provisional_source_record","display_name":"Level 3 Ashburn","entity_id":"fac_im3_building_00300162689","entity_type":"facility","footprint_sqft":49022.0,"geography_assignment_method":"point_in_polygon","primary_county_fips":"51107","release_vintage":"2026.02.09","source_layer":"building","source_name":"Level 3 Ashburn","source_operator":"Lumen Technologies","source_record_id":"00300162689","source_ref":null,"source_reported_county_fipses":["51107"]},"type":"Feature"},{"geometry":{"coordinates":[-77.45360972261447,39.022140336655866],"type":"Point"},"id":"fac_im3_building_00300163074","properties":{"county_fipses":["51107"],"data_status":"provisional_source_record","display_name":"Centersquare IAD4-B","entity_id":"fac_im3_building_00300163074","entity_type":"facility","footprint_sqft":90029.0,"geography_assignment_method":"point_in_polygon","primary_county_fips":"51107","release_vintage":"2026.02.09","source_layer":"building","source_name":"Centersquare IAD4-B","source_operator":"Centersquare","source_record_id":"00300163074","source_ref":"IAD4-B","source_reported_county_fipses":["51107"]},"type":"Feature"},{"geometry":{"coordinates":[-77.45486923381064,39.02276445956019],"type":"Point"},"id":"fac_im3_building_00300163083","properties":{"county_fipses":["51107"],"data_status":"provisional_source_record","display_name":"NTT Ashburn VA1 Data Center","entity_id":"fac_im3_building_00300163083","entity_type":"facility","footprint_sqft":138507.0,"geography_assignment_method":"point_in_polygon","primary_county_fips":"51107","release_vintage":"2026.02.09","source_layer":"building","source_name":"NTT Ashburn VA1 Data Center","source_operator":"NTT","source_record_id":"00300163083","source_ref":"VA1","source_reported_county_fipses":["51107"]},"type":"Feature"},{"geometry":{"coordinates":[-111.88662619785597,33.27497378533701],"type":"Point"},"id":"fac_im3_building_00300952513","properties":{"county_fipses":["04013"],"data_status":"provisional_source_record","display_name":"Digital Realty Phoenix PHX15","entity_id":"fac_im3_building_00300952513","entity_type":"facility","footprint_sqft":294678.0,"geography_assignment_method":"point_in_polygon","primary_county_fips":"04013","release_vintage":"2026.02.09","source_layer":"building","source_name":"Digital Realty Phoenix PHX15","source_operator":"Digital Realty","source_record_id":"00300952513","source_ref":"PHX15","source_reported_county_fipses":["04013"]},"type":"Feature"},{"geometry":{"coordinates":[-111.88590913146852,33.27691083822963],"type":"Point"},"id":"fac_im3_building_00300959969","properties":{"county_fipses":["04013"],"data_status":"provisional_source_record","display_name":"H5 Phoenix","entity_id":"fac_im3_building_00300959969","entity_type":"facility","footprint_sqft":50925.0,"geography_assignment_method":"point_in_polygon","primary_county_fips":"04013","release_vintage":"2026.02.09","source_layer":"building","source_name":"H5 Phoenix","source_operator":"H5","source_record_id":"00300959969","source_ref":"Phoenix","source_reported_county_fipses":["04013"]},"type":"Feature"},{"geometry":{"coordinates":[-111.88191152923802,33.27085532906607],"type":"Point"},"id":"fac_im3_building_00300959970","properties":{"county_fipses":["04013"],"data_status":"provisional_source_record","display_name":"CyrusOne PHX1","entity_id":"fac_im3_building_00300959970","entity_type":"facility","footprint_sqft":137355.0,"geography_assignment_method":"point_in_polygon","primary_county_fips":"04013","release_vintage":"2026.02.09","source_layer":"building","source_name":"CyrusOne PHX1","source_operator":"CyrusOne","source_record_id":"00300959970","source_ref":"PHX1","source_reported_county_fipses":["04013"]},"type":"Feature"},{"geometry":{"coordinates":[-77.47539286797381,39.01253746084648],"type":"Point"},"id":"fac_im3_building_00300969250","properties":{"county_fipses":["51107"],"data_status":"provisional_source_record","display_name":"Equinix DC13","entity_id":"fac_im3_building_00300969250","entity_type":"facility","footprint_sqft":125613.0,"geography_assignment_method":"point_in_polygon","primary_county_fips":"51107","release_vintage":"2026.02.09","source_layer":"building","source_name":"Equinix DC13","source_operator":"Equinix","source_record_id":"00300969250","source_ref":"DC13","source_reported_county_fipses":["51107"]},"type":"Feature"},{"geometry":{"coordinates":[-77.48709346092416,39.00333638342545],"type":"Point"},"id":"fac_im3_building_00300969614","properties":{"county_fipses":["51107"],"data_status":"provisional_source_record","display_name":"Digital Realty Northern Virginia IAD14","entity_id":"fac_im3_building_00300969614","entity_type":"facility","footprint_sqft":134503.0,"geography_assignment_method":"point_in_polygon","primary_county_fips":"51107","release_vintage":"2026.02.09","source_layer":"building","source_name":"Digital Realty Northern Virginia IAD14","source_operator":"Digital Realty","source_record_id":"00300969614","source_ref":"IAD14","source_reported_county_fipses":["51107"]},"type":"Feature"},{"geometry":{"coordinates":[-77.48544866796638,39.00275165389682],"type":"Point"},"id":"fac_im3_building_00300969615","properties":{"county_fipses":["51107"],"data_status":"provisional_source_record","display_name":"Amazon Web Services Building C","entity_id":"fac_im3_building_00300969615","entity_type":"facility","footprint_sqft":116698.0,"geography_assignment_method":"point_in_polygon","primary_county_fips":"51107","release_vintage":"2026.02.09","source_layer":"building","source_name":"Amazon Web Services Building C","source_operator":"Amazon Web Services","source_record_id":"00300969615","source_ref":null,"source_reported_county_fipses":["51107"]},"type":"Feature"},{"geometry":{"coordinates":[-77.48334543979661,39.002021512406806],"type":"Point"},"id":"fac_im3_building_00300969616","properties":{"county_fipses":["51107"],"data_status":"provisional_source_record","display_name":"Digital Realty Northern Virginia IAD12","entity_id":"fac_im3_building_00300969616","entity_type":"facility","footprint_sqft":180269.0,"geography_assignment_method":"point_in_polygon","primary_county_fips":"51107","release_vintage":"2026.02.09","source_layer":"building","source_name":"Digital Realty Northern Virginia IAD12","source_operator":"Digital Realty","source_record_id":"00300969616","source_ref":"IAD12","source_reported_county_fipses":["51107"]},"type":"Feature"},{"geometry":{"coordinates":[-77.48195442999278,39.00275464974417],"type":"Point"},"id":"fac_im3_building_00300969617","properties":{"county_fipses":["51107"],"data_status":"provisional_source_record","display_name":"Digital Realty Building A","entity_id":"fac_im3_building_00300969617","entity_type":"facility","footprint_sqft":133113.0,"geography_assignment_method":"point_in_polygon","primary_county_fips":"51107","release_vintage":"2026.02.09","source_layer":"building","source_name":"Digital Realty Building A","source_operator":"Digital Realty","source_record_id":"00300969617","source_ref":null,"source_reported_county_fipses":["51107"]},"type":"Feature"},{"geometry":{"coordinates":[-77.48435473615672,39.00429228111817],"type":"Point"},"id":"fac_im3_building_00300969619","properties":{"county_fipses":["51107"],"data_status":"provisional_source_record","display_name":"Digital Realty Northern Virginia IAD24","entity_id":"fac_im3_building_00300969619","entity_type":"facility","footprint_sqft":114428.0,"geography_assignment_method":"point_in_polygon","primary_county_fips":"51107","release_vintage":"2026.02.09","source_layer":"building","source_name":"Digital Realty Northern Virginia IAD24","source_operator":"Digital Realty","source_record_id":"00300969619","source_ref":"IAD24","source_reported_county_fipses":["51107"]},"type":"Feature"},{"geometry":{"coordinates":[-77.48213787541994,39.01554879745239],"type":"Point"},"id":"fac_im3_building_00300970759","properties":{"county_fipses":["51107"],"data_status":"provisional_source_record","display_name":"Databank Ashburn IAD1","entity_id":"fac_im3_building_00300970759","entity_type":"facility","footprint_sqft":144740.0,"geography_assignment_method":"point_in_polygon","primary_county_fips":"51107","release_vintage":"2026.02.09","source_layer":"building","source_name":"Databank Ashburn IAD1","source_operator":"Databank","source_record_id":"00300970759","source_ref":"IAD1","source_reported_county_fipses":["51107"]},"type":"Feature"},{"geometry":{"coordinates":[-77.48327064329858,39.01560147883306],"type":"Point"},"id":"fac_im3_building_00300970761","properties":{"county_fipses":["51107"],"data_status":"provisional_source_record","display_name":"Golds Gym Ashburn","entity_id":"fac_im3_building_00300970761","entity_type":"facility","footprint_sqft":54700.0,"geography_assignment_method":"point_in_polygon","primary_county_fips":"51107","release_vintage":"2026.02.09","source_layer":"building","source_name":"Golds Gym Ashburn","source_operator":null,"source_record_id":"00300970761","source_ref":null,"source_reported_county_fipses":["51107"]},"type":"Feature"},{"geometry":{"coordinates":[-111.60405623426205,33.34701915860399],"type":"Point"},"id":"fac_im3_building_00300974499","properties":{"county_fipses":["04013"],"data_status":"provisional_source_record","display_name":"Apple Data Center","entity_id":"fac_im3_building_00300974499","entity_type":"facility","footprint_sqft":1338261.0,"geography_assignment_method":"point_in_polygon","primary_county_fips":"04013","release_vintage":"2026.02.09","source_layer":"building","source_name":"Apple Data Center","source_operator":"Apple Inc.","source_record_id":"00300974499","source_ref":null,"source_reported_county_fipses":["04013"]},"type":"Feature"},{"geometry":{"coordinates":[-87.95284650862307,42.216756536018735],"type":"Point"},"id":"fac_im3_building_00317466755","properties":{"county_fipses":["17097"],"data_status":"provisional_source_record","display_name":"VISA","entity_id":"fac_im3_building_00317466755","entity_type":"facility","footprint_sqft":55001.0,"geography_assignment_method":"point_in_polygon","primary_county_fips":"17097","release_vintage":"2026.02.09","source_layer":"building","source_name":"VISA","source_operator":"VISA","source_record_id":"00317466755","source_ref":null,"source_reported_county_fipses":["17097"]},"type":"Feature"},{"geometry":{"coordinates":[-105.95657515744648,35.67244389730999],"type":"Point"},"id":"fac_im3_building_00318069356","properties":{"county_fipses":["35049"],"data_status":"provisional_source_record","display_name":"John F. Simms Building","entity_id":"fac_im3_building_00318069356","entity_type":"facility","footprint_sqft":31727.0,"geography_assignment_method":"point_in_polygon","primary_county_fips":"35049","release_vintage":"2026.02.09","source_layer":"building","source_name":"John F. Simms Building","source_operator":"SONM","source_record_id":"00318069356","source_ref":null,"source_reported_county_fipses":["35049"]},"type":"Feature"},{"geometry":{"coordinates":[-98.50652172672935,29.438279094436894],"type":"Point"},"id":"fac_im3_building_00319857331","properties":{"county_fipses":["48029"],"data_status":"provisional_source_record","display_name":"Lumen San Antonio 2","entity_id":"fac_im3_building_00319857331","entity_type":"facility","footprint_sqft":12722.0,"geography_assignment_method":"point_in_polygon","primary_county_fips":"48029","release_vintage":"2026.02.09","source_layer":"building","source_name":"Lumen San Antonio 2","source_operator":"Lumen Technologies","source_record_id":"00319857331","source_ref":null,"source_reported_county_fipses":["48029"]},"type":"Feature"},{"geometry":{"coordinates":[-120.88726144669496,44.29588334105515],"type":"Point"},"id":"fac_im3_building_00321385147","properties":{"county_fipses":["41013"],"data_status":"provisional_source_record","display_name":"Unnamed IM3 building 00321385147","entity_id":"fac_im3_building_00321385147","entity_type":"facility","footprint_sqft":269642.0,"geography_assignment_method":"point_in_polygon","primary_county_fips":"41013","release_vintage":"2026.02.09","source_layer":"building","source_name":null,"source_operator":null,"source_record_id":"00321385147","source_ref":null,"source_reported_county_fipses":["41013"]},"type":"Feature"},{"geometry":{"coordinates":[-122.93181213080429,45.55018168886831],"type":"Point"},"id":"fac_im3_building_00325096144","properties":{"county_fipses":["41067"],"data_status":"provisional_source_record","display_name":"Adobe Data Center","entity_id":"fac_im3_building_00325096144","entity_type":"facility","footprint_sqft":89232.0,"geography_assignment_method":"point_in_polygon","primary_county_fips":"41067","release_vintage":"2026.02.09","source_layer":"building","source_name":"Adobe Data Center","source_operator":null,"source_record_id":"00325096144","source_ref":null,"source_reported_county_fipses":["41067"]},"type":"Feature"},{"geometry":{"coordinates":[-122.89744896301694,45.547311791366376],"type":"Point"},"id":"fac_im3_building_00328702378","properties":{"county_fipses":["41067"],"data_status":"provisional_source_record","display_name":"Stack Infrastructure Portland 2 Data Center","entity_id":"fac_im3_building_00328702378","entity_type":"facility","footprint_sqft":215217.0,"geography_assignment_method":"point_in_polygon","primary_county_fips":"41067","release_vintage":"2026.02.09","source_layer":"building","source_name":"Stack Infrastructure Portland 2 Data Center","source_operator":null,"source_record_id":"00328702378","source_ref":null,"source_reported_county_fipses":["41067"]},"type":"Feature"},{"geometry":{"coordinates":[-122.89195798239217,45.54761722382477],"type":"Point"},"id":"fac_im3_building_00328702750","properties":{"county_fipses":["41067"],"data_status":"provisional_source_record","display_name":"Digital Realty PDX10 Data Center","entity_id":"fac_im3_building_00328702750","entity_type":"facility","footprint_sqft":68807.0,"geography_assignment_method":"point_in_polygon","primary_county_fips":"41067","release_vintage":"2026.02.09","source_layer":"building","source_name":"Digital Realty PDX10 Data Center","source_operator":"Digital Realty","source_record_id":"00328702750","source_ref":null,"source_reported_county_fipses":["41067"]},"type":"Feature"},{"geometry":{"coordinates":[-122.8908514025637,45.5498209002179],"type":"Point"},"id":"fac_im3_building_00328703598","properties":{"county_fipses":["41067"],"data_status":"provisional_source_record","display_name":"Flexential","entity_id":"fac_im3_building_00328703598","entity_type":"facility","footprint_sqft":41245.0,"geography_assignment_method":"point_in_polygon","primary_county_fips":"41067","release_vintage":"2026.02.09","source_layer":"building","source_name":"Flexential","source_operator":"Flexential","source_record_id":"00328703598","source_ref":null,"source_reported_county_fipses":["41067"]},"type":"Feature"},{"geometry":{"coordinates":[-122.89220172053012,45.550333986427404],"type":"Point"},"id":"fac_im3_building_00328703599","properties":{"county_fipses":["41067"],"data_status":"provisional_source_record","display_name":"Flexential Portland - Hillsboro 1","entity_id":"fac_im3_building_00328703599","entity_type":"facility","footprint_sqft":44088.0,"geography_assignment_method":"point_in_polygon","primary_county_fips":"41067","release_vintage":"2026.02.09","source_layer":"building","source_name":"Flexential Portland - Hillsboro 1","source_operator":"Flexential","source_record_id":"00328703599","source_ref":null,"source_reported_county_fipses":["41067"]},"type":"Feature"},{"geometry":{"coordinates":[-85.50724111669626,38.277197827679295],"type":"Point"},"id":"fac_im3_building_00329551673","properties":{"county_fipses":["21111"],"data_status":"provisional_source_record","display_name":"Flexential Louisville - East","entity_id":"fac_im3_building_00329551673","entity_type":"facility","footprint_sqft":34794.0,"geography_assignment_method":"point_in_polygon","primary_county_fips":"21111","release_vintage":"2026.02.09","source_layer":"building","source_name":"Flexential Louisville - East","source_operator":"Flexential","source_record_id":"00329551673","source_ref":null,"source_reported_county_fipses":["21111"]},"type":"Feature"},{"geometry":{"coordinates":[-85.73335104065765,38.24249601378566],"type":"Point"},"id":"fac_im3_building_00330276516","properties":{"county_fipses":["21111"],"data_status":"provisional_source_record","display_name":"Flexential Louisville - Downtown","entity_id":"fac_im3_building_00330276516","entity_type":"facility","footprint_sqft":36525.0,"geography_assignment_method":"point_in_polygon","primary_county_fips":"21111","release_vintage":"2026.02.09","source_layer":"building","source_name":"Flexential Louisville - Downtown","source_operator":"Flexential","source_record_id":"00330276516","source_ref":null,"source_reported_county_fipses":["21111"]},"type":"Feature"},{"geometry":{"coordinates":[-75.16083249176855,39.959809526359834],"type":"Point"},"id":"fac_im3_building_00334264478","properties":{"county_fipses":["42101"],"data_status":"provisional_source_record","display_name":"Terminal Commerce Building","entity_id":"fac_im3_building_00334264478","entity_type":"facility","footprint_sqft":119659.0,"geography_assignment_method":"point_in_polygon","primary_county_fips":"42101","release_vintage":"2026.02.09","source_layer":"building","source_name":"Terminal Commerce Building","source_operator":null,"source_record_id":"00334264478","source_ref":null,"source_reported_county_fipses":["42101"]},"type":"Feature"},{"geometry":{"coordinates":[-117.09593477622663,47.671916867147694],"type":"Point"},"id":"fac_im3_building_00335468616","properties":{"county_fipses":["53063"],"data_status":"provisional_source_record","display_name":"TierPoint","entity_id":"fac_im3_building_00335468616","entity_type":"facility","footprint_sqft":14435.0,"geography_assignment_method":"point_in_polygon","primary_county_fips":"53063","release_vintage":"2026.02.09","source_layer":"building","source_name":"TierPoint","source_operator":null,"source_record_id":"00335468616","source_ref":null,"source_reported_county_fipses":["53063"]},"type":"Feature"},{"geometry":{"coordinates":[-76.62552663391303,39.27538391165092],"type":"Point"},"id":"fac_im3_building_00336387583","properties":{"county_fipses":["24510"],"data_status":"provisional_source_record","display_name":"Baltimore Technology Park","entity_id":"fac_im3_building_00336387583","entity_type":"facility","footprint_sqft":30131.0,"geography_assignment_method":"point_in_polygon","primary_county_fips":"24510","release_vintage":"2026.02.09","source_layer":"building","source_name":"Baltimore Technology Park","source_operator":null,"source_record_id":"00336387583","source_ref":null,"source_reported_county_fipses":["24510"]},"type":"Feature"},{"geometry":{"coordinates":[-122.29440690516354,47.49413118771306],"type":"Point"},"id":"fac_im3_building_00337126739","properties":{"county_fipses":["53033"],"data_status":"provisional_source_record","display_name":"Intergate Seattle West Building C","entity_id":"fac_im3_building_00337126739","entity_type":"facility","footprint_sqft":19791.0,"geography_assignment_method":"point_in_polygon","primary_county_fips":"53033","release_vintage":"2026.02.09","source_layer":"building","source_name":"Intergate Seattle West Building C","source_operator":"Sabey","source_record_id":"00337126739","source_ref":null,"source_reported_county_fipses":["53033"]},"type":"Feature"},{"geometry":{"coordinates":[-122.29368392327882,47.49307629033907],"type":"Point"},"id":"fac_im3_building_00337126741","properties":{"county_fipses":["53033"],"data_status":"provisional_source_record","display_name":"Intergate Seattle West Building B","entity_id":"fac_im3_building_00337126741","entity_type":"facility","footprint_sqft":19140.0,"geography_assignment_method":"point_in_polygon","primary_county_fips":"53033","release_vintage":"2026.02.09","source_layer":"building","source_name":"Intergate Seattle West Building B","source_operator":"Sabey","source_record_id":"00337126741","source_ref":null,"source_reported_county_fipses":["53033"]},"type":"Feature"},{"geometry":{"coordinates":[-122.293319807759,47.49214782871073],"type":"Point"},"id":"fac_im3_building_00337126742","properties":{"county_fipses":["53033"],"data_status":"provisional_source_record","display_name":"Intergate Seattle West Building A","entity_id":"fac_im3_building_00337126742","entity_type":"facility","footprint_sqft":38547.0,"geography_assignment_method":"point_in_polygon","primary_county_fips":"53033","release_vintage":"2026.02.09","source_layer":"building","source_name":"Intergate Seattle West Building A","source_operator":"Sabey","source_record_id":"00337126742","source_ref":null,"source_reported_county_fipses":["53033"]},"type":"Feature"},{"geometry":{"coordinates":[-119.81449029306091,47.25016454994511],"type":"Point"},"id":"fac_im3_building_00337127817","properties":{"county_fipses":["53025"],"data_status":"provisional_source_record","display_name":"Vantage WA11","entity_id":"fac_im3_building_00337127817","entity_type":"facility","footprint_sqft":147430.0,"geography_assignment_method":"point_in_polygon","primary_county_fips":"53025","release_vintage":"2026.02.09","source_layer":"building","source_name":"Vantage WA11","source_operator":null,"source_record_id":"00337127817","source_ref":null,"source_reported_county_fipses":["53025"]},"type":"Feature"},{"geometry":{"coordinates":[-119.86571157127666,47.24358751309279],"type":"Point"},"id":"fac_im3_building_00337127824","properties":{"county_fipses":["53025"],"data_status":"provisional_source_record","display_name":"NTT Data Quincy","entity_id":"fac_im3_building_00337127824","entity_type":"facility","footprint_sqft":99760.0,"geography_assignment_method":"point_in_polygon","primary_county_fips":"53025","release_vintage":"2026.02.09","source_layer":"building","source_name":"NTT Data Quincy","source_operator":"NTT","source_record_id":"00337127824","source_ref":null,"source_reported_county_fipses":["53025"]},"type":"Feature"},{"geometry":{"coordinates":[-119.85935927491568,47.23881859630125],"type":"Point"},"id":"fac_im3_building_00337127832","properties":{"county_fipses":["53025"],"data_status":"provisional_source_record","display_name":"Unnamed IM3 building 00337127832","entity_id":"fac_im3_building_00337127832","entity_type":"facility","footprint_sqft":44365.0,"geography_assignment_method":"point_in_polygon","primary_county_fips":"53025","release_vintage":"2026.02.09","source_layer":"building","source_name":null,"source_operator":null,"source_record_id":"00337127832","source_ref":null,"source_reported_county_fipses":["53025"]},"type":"Feature"},{"geometry":{"coordinates":[-119.85936632665342,47.23826232566218],"type":"Point"},"id":"fac_im3_building_00337127833","properties":{"county_fipses":["53025"],"data_status":"provisional_source_record","display_name":"Unnamed IM3 building 00337127833","entity_id":"fac_im3_building_00337127833","entity_type":"facility","footprint_sqft":32106.0,"geography_assignment_method":"point_in_polygon","primary_county_fips":"53025","release_vintage":"2026.02.09","source_layer":"building","source_name":null,"source_operator":null,"source_record_id":"00337127833","source_ref":null,"source_reported_county_fipses":["53025"]},"type":"Feature"},{"geometry":{"coordinates":[-90.482409225225,41.55026944582376],"type":"Point"},"id":"fac_im3_building_00342664739","properties":{"county_fipses":["19163"],"data_status":"provisional_source_record","display_name":"Geneseo Communications Inc","entity_id":"fac_im3_building_00342664739","entity_type":"facility","footprint_sqft":53983.0,"geography_assignment_method":"point_in_polygon","primary_county_fips":"19163","release_vintage":"2026.02.09","source_layer":"building","source_name":"Geneseo Communications Inc","source_operator":null,"source_record_id":"00342664739","source_ref":null,"source_reported_county_fipses":["19163"]},"type":"Feature"},{"geometry":{"coordinates":[-88.21951394141162,41.90535458903981],"type":"Point"},"id":"fac_im3_building_00343593591","properties":{"county_fipses":["17043"],"data_status":"provisional_source_record","display_name":"Unnamed IM3 building 00343593591","entity_id":"fac_im3_building_00343593591","entity_type":"facility","footprint_sqft":14550.0,"geography_assignment_method":"point_in_polygon","primary_county_fips":"17043","release_vintage":"2026.02.09","source_layer":"building","source_name":null,"source_operator":null,"source_record_id":"00343593591","source_ref":null,"source_reported_county_fipses":["17043"]},"type":"Feature"},{"geometry":{"coordinates":[-74.45667583889342,40.5528187281629],"type":"Point"},"id":"fac_im3_building_00345650474","properties":{"county_fipses":["34023"],"data_status":"provisional_source_record","display_name":"Unnamed IM3 building 00345650474","entity_id":"fac_im3_building_00345650474","entity_type":"facility","footprint_sqft":61263.0,"geography_assignment_method":"point_in_polygon","primary_county_fips":"34023","release_vintage":"2026.02.09","source_layer":"building","source_name":null,"source_operator":null,"source_record_id":"00345650474","source_ref":null,"source_reported_county_fipses":["34023"]},"type":"Feature"},{"geometry":{"coordinates":[-85.94132960161893,39.71718414793671],"type":"Point"},"id":"fac_im3_building_00349925359","properties":{"county_fipses":["18059"],"data_status":"provisional_source_record","display_name":"Verizon Wireless","entity_id":"fac_im3_building_00349925359","entity_type":"facility","footprint_sqft":21005.0,"geography_assignment_method":"point_in_polygon","primary_county_fips":"18059","release_vintage":"2026.02.09","source_layer":"building","source_name":null,"source_operator":"Verizon Wireless","source_record_id":"00349925359","source_ref":null,"source_reported_county_fipses":["18059"]},"type":"Feature"},{"geometry":{"coordinates":[-74.06435818266343,40.78473886879808],"type":"Point"},"id":"fac_im3_building_00354590432","properties":{"county_fipses":["34017"],"data_status":"provisional_source_record","display_name":"Unnamed IM3 building 00354590432","entity_id":"fac_im3_building_00354590432","entity_type":"facility","footprint_sqft":34462.0,"geography_assignment_method":"point_in_polygon","primary_county_fips":"34017","release_vintage":"2026.02.09","source_layer":"building","source_name":null,"source_operator":null,"source_record_id":"00354590432","source_ref":null,"source_reported_county_fipses":["34017"]},"type":"Feature"},{"geometry":{"coordinates":[-111.98604691692421,40.62035188350187],"type":"Point"},"id":"fac_im3_building_00355926681","properties":{"county_fipses":["49035"],"data_status":"provisional_source_record","display_name":"Flexential Salt Lake City - South Valley","entity_id":"fac_im3_building_00355926681","entity_type":"facility","footprint_sqft":30547.0,"geography_assignment_method":"point_in_polygon","primary_county_fips":"49035","release_vintage":"2026.02.09","source_layer":"building","source_name":"Flexential Salt Lake City - South Valley","source_operator":"Flexential","source_record_id":"00355926681","source_ref":null,"source_reported_county_fipses":["49035"]},"type":"Feature"},{"geometry":{"coordinates":[-121.94391134202756,37.36168658658687],"type":"Point"},"id":"fac_im3_building_00358455179","properties":{"county_fipses":["06085"],"data_status":"provisional_source_record","display_name":"Digital Realty Silicon Valley SC1","entity_id":"fac_im3_building_00358455179","entity_type":"facility","footprint_sqft":297948.0,"geography_assignment_method":"point_in_polygon","primary_county_fips":"06085","release_vintage":"2026.02.09","source_layer":"building","source_name":"Digital Realty Silicon Valley SC1","source_operator":"Digital Realty","source_record_id":"00358455179","source_ref":null,"source_reported_county_fipses":["06085"]},"type":"Feature"},{"geometry":{"coordinates":[-121.90379949999843,37.699475300043446],"type":"Point"},"id":"fac_im3_building_00358946546","properties":{"county_fipses":["06001"],"data_status":"provisional_source_record","display_name":"QES Computers","entity_id":"fac_im3_building_00358946546","entity_type":"facility","footprint_sqft":941.0,"geography_assignment_method":"point_in_polygon","primary_county_fips":"06001","release_vintage":"2026.02.09","source_layer":"building","source_name":"QES Computers","source_operator":null,"source_record_id":"00358946546","source_ref":null,"source_reported_county_fipses":["06001"]},"type":"Feature"},{"geometry":{"coordinates":[-122.33974344575807,47.61442272967249],"type":"Point"},"id":"fac_im3_building_00359930465","properties":{"county_fipses":["53033"],"data_status":"provisional_source_record","display_name":"Equinix SE3 Data Center","entity_id":"fac_im3_building_00359930465","entity_type":"facility","footprint_sqft":12575.0,"geography_assignment_method":"point_in_polygon","primary_county_fips":"53033","release_vintage":"2026.02.09","source_layer":"building","source_name":"Equinix SE3 Data Center","source_operator":"Equinix","source_record_id":"00359930465","source_ref":"SE3","source_reported_county_fipses":["53033"]},"type":"Feature"},{"geometry":{"coordinates":[-74.48400692707673,40.55696486399719],"type":"Point"},"id":"fac_im3_building_00362662493","properties":{"county_fipses":["34023"],"data_status":"provisional_source_record","display_name":"QTS Piscataway Data Center","entity_id":"fac_im3_building_00362662493","entity_type":"facility","footprint_sqft":343444.0,"geography_assignment_method":"point_in_polygon","primary_county_fips":"34023","release_vintage":"2026.02.09","source_layer":"building","source_name":"QTS Piscataway Data Center","source_operator":"Quality Technology Services","source_record_id":"00362662493","source_ref":"NJ1","source_reported_county_fipses":["34023"]},"type":"Feature"},{"geometry":{"coordinates":[-76.92590821703205,39.052822508078144],"type":"Point"},"id":"fac_im3_building_00363017375","properties":{"county_fipses":["24033"],"data_status":"provisional_source_record","display_name":"AiNET","entity_id":"fac_im3_building_00363017375","entity_type":"facility","footprint_sqft":43057.0,"geography_assignment_method":"point_in_polygon","primary_county_fips":"24033","release_vintage":"2026.02.09","source_layer":"building","source_name":"AiNET","source_operator":null,"source_record_id":"00363017375","source_ref":null,"source_reported_county_fipses":["24033"]},"type":"Feature"},{"geometry":{"coordinates":[-98.69072125219773,29.478216376231007],"type":"Point"},"id":"fac_im3_building_00364289073","properties":{"county_fipses":["48029"],"data_status":"provisional_source_record","display_name":"Microsoft","entity_id":"fac_im3_building_00364289073","entity_type":"facility","footprint_sqft":258191.0,"geography_assignment_method":"point_in_polygon","primary_county_fips":"48029","release_vintage":"2026.02.09","source_layer":"building","source_name":"Microsoft","source_operator":"Microsoft","source_record_id":"00364289073","source_ref":null,"source_reported_county_fipses":["48029"]},"type":"Feature"},{"geometry":{"coordinates":[-98.69260809155041,29.479925996060736],"type":"Point"},"id":"fac_im3_building_00364289074","properties":{"county_fipses":["48029"],"data_status":"provisional_source_record","display_name":"Microsoft San Antonio","entity_id":"fac_im3_building_00364289074","entity_type":"facility","footprint_sqft":478642.0,"geography_assignment_method":"point_in_polygon","primary_county_fips":"48029","release_vintage":"2026.02.09","source_layer":"building","source_name":"Microsoft San Antonio","source_operator":"Microsoft","source_record_id":"00364289074","source_ref":null,"source_reported_county_fipses":["48029"]},"type":"Feature"},{"geometry":{"coordinates":[-98.69655923476323,29.48106634167372],"type":"Point"},"id":"fac_im3_building_00364289077","properties":{"county_fipses":["48029"],"data_status":"provisional_source_record","display_name":"Microsoft","entity_id":"fac_im3_building_00364289077","entity_type":"facility","footprint_sqft":194916.0,"geography_assignment_method":"point_in_polygon","primary_county_fips":"48029","release_vintage":"2026.02.09","source_layer":"building","source_name":"Microsoft","source_operator":"Microsoft","source_record_id":"00364289077","source_ref":null,"source_reported_county_fipses":["48029"]},"type":"Feature"},{"geometry":{"coordinates":[-75.40863781443159,40.1270582669318],"type":"Point"},"id":"fac_im3_building_00366049843","properties":{"county_fipses":["42091"],"data_status":"provisional_source_record","display_name":"Lumen Norristown","entity_id":"fac_im3_building_00366049843","entity_type":"facility","footprint_sqft":34224.0,"geography_assignment_method":"point_in_polygon","primary_county_fips":"42091","release_vintage":"2026.02.09","source_layer":"building","source_name":"Lumen Norristown","source_operator":"Lumen Technologies","source_record_id":"00366049843","source_ref":null,"source_reported_county_fipses":["42091"]},"type":"Feature"},{"geometry":{"coordinates":[-77.22055679495352,38.90913922220713],"type":"Point"},"id":"fac_im3_building_00368724474","properties":{"county_fipses":["51059"],"data_status":"provisional_source_record","display_name":"Equinix DC7","entity_id":"fac_im3_building_00368724474","entity_type":"facility","footprint_sqft":79709.0,"geography_assignment_method":"point_in_polygon","primary_county_fips":"51059","release_vintage":"2026.02.09","source_layer":"building","source_name":"Equinix DC7","source_operator":"Equinix","source_record_id":"00368724474","source_ref":"DC7","source_reported_county_fipses":["51059"]},"type":"Feature"},{"geometry":{"coordinates":[-77.21974420009786,38.9083675000258],"type":"Point"},"id":"fac_im3_building_00368724479","properties":{"county_fipses":["51059"],"data_status":"provisional_source_record","display_name":"Element Critical VA1","entity_id":"fac_im3_building_00368724479","entity_type":"facility","footprint_sqft":20483.0,"geography_assignment_method":"point_in_polygon","primary_county_fips":"51059","release_vintage":"2026.02.09","source_layer":"building","source_name":"Element Critical VA1","source_operator":null,"source_record_id":"00368724479","source_ref":null,"source_reported_county_fipses":["51059"]},"type":"Feature"},{"geometry":{"coordinates":[-122.68070403612809,45.521543581997186],"type":"Point"},"id":"fac_im3_building_00369452572","properties":{"county_fipses":["41051"],"data_status":"provisional_source_record","display_name":"Pittock Block","entity_id":"fac_im3_building_00369452572","entity_type":"facility","footprint_sqft":41556.0,"geography_assignment_method":"point_in_polygon","primary_county_fips":"41051","release_vintage":"2026.02.09","source_layer":"building","source_name":"Pittock Block","source_operator":null,"source_record_id":"00369452572","source_ref":null,"source_reported_county_fipses":["41051"]},"type":"Feature"},{"geometry":{"coordinates":[-122.87550380152314,45.526683793418876],"type":"Point"},"id":"fac_im3_building_00369728508","properties":{"county_fipses":["41067"],"data_status":"provisional_source_record","display_name":"Data Center","entity_id":"fac_im3_building_00369728508","entity_type":"facility","footprint_sqft":25297.0,"geography_assignment_method":"point_in_polygon","primary_county_fips":"41067","release_vintage":"2026.02.09","source_layer":"building","source_name":"Data Center","source_operator":"Oregon Health & Science University","source_record_id":"00369728508","source_ref":null,"source_reported_county_fipses":["41067"]},"type":"Feature"},{"geometry":{"coordinates":[-96.66095239322138,33.135980195526706],"type":"Point"},"id":"fac_im3_building_00373913881","properties":{"county_fipses":["48085"],"data_status":"provisional_source_record","display_name":"Cisco Allen","entity_id":"fac_im3_building_00373913881","entity_type":"facility","footprint_sqft":162023.0,"geography_assignment_method":"point_in_polygon","primary_county_fips":"48085","release_vintage":"2026.02.09","source_layer":"building","source_name":"Cisco Allen","source_operator":null,"source_record_id":"00373913881","source_ref":null,"source_reported_county_fipses":["48085"]},"type":"Feature"},{"geometry":{"coordinates":[-120.8839983863009,44.29489361961425],"type":"Point"},"id":"fac_im3_building_00373945186","properties":{"county_fipses":["41013"],"data_status":"provisional_source_record","display_name":"Unnamed IM3 building 00373945186","entity_id":"fac_im3_building_00373945186","entity_type":"facility","footprint_sqft":231830.0,"geography_assignment_method":"point_in_polygon","primary_county_fips":"41013","release_vintage":"2026.02.09","source_layer":"building","source_name":null,"source_operator":null,"source_record_id":"00373945186","source_ref":null,"source_reported_county_fipses":["41013"]},"type":"Feature"},{"geometry":{"coordinates":[-122.48054752807799,48.75726819331372],"type":"Point"},"id":"fac_im3_building_00376627431","properties":{"county_fipses":["53073"],"data_status":"provisional_source_record","display_name":"CSSNW Bellingham","entity_id":"fac_im3_building_00376627431","entity_type":"facility","footprint_sqft":4312.0,"geography_assignment_method":"point_in_polygon","primary_county_fips":"53073","release_vintage":"2026.02.09","source_layer":"building","source_name":"CSSNW Bellingham","source_operator":"CSS Communications","source_record_id":"00376627431","source_ref":null,"source_reported_county_fipses":["53073"]},"type":"Feature"},{"geometry":{"coordinates":[-87.95256335815348,42.001494373393264],"type":"Point"},"id":"fac_im3_building_00377032058","properties":{"county_fipses":["17031"],"data_status":"provisional_source_record","display_name":"EdgeConneX CHI02","entity_id":"fac_im3_building_00377032058","entity_type":"facility","footprint_sqft":64358.0,"geography_assignment_method":"point_in_polygon","primary_county_fips":"17031","release_vintage":"2026.02.09","source_layer":"building","source_name":"EdgeConneX CHI02","source_operator":"EdgeConneX","source_record_id":"00377032058","source_ref":"CHI02","source_reported_county_fipses":["17031"]},"type":"Feature"},{"geometry":{"coordinates":[-87.95521312428228,42.001158707879654],"type":"Point"},"id":"fac_im3_building_00377032061","properties":{"county_fipses":["17031"],"data_status":"provisional_source_record","display_name":"Equinix Chicago CH3","entity_id":"fac_im3_building_00377032061","entity_type":"facility","footprint_sqft":135800.0,"geography_assignment_method":"point_in_polygon","primary_county_fips":"17031","release_vintage":"2026.02.09","source_layer":"building","source_name":"Equinix Chicago CH3","source_operator":"Equinix","source_record_id":"00377032061","source_ref":"CH3","source_reported_county_fipses":["17031"]},"type":"Feature"},{"geometry":{"coordinates":[-87.9671757623118,41.97422731222964],"type":"Point"},"id":"fac_im3_building_00377212693","properties":{"county_fipses":["17043"],"data_status":"provisional_source_record","display_name":"Element Critical CH2","entity_id":"fac_im3_building_00377212693","entity_type":"facility","footprint_sqft":44358.0,"geography_assignment_method":"point_in_polygon","primary_county_fips":"17043","release_vintage":"2026.02.09","source_layer":"building","source_name":"Element Critical CH2","source_operator":"Element Critical","source_record_id":"00377212693","source_ref":"CH2","source_reported_county_fipses":["17043"]},"type":"Feature"},{"geometry":{"coordinates":[-87.95817200961845,41.992040415356676],"type":"Point"},"id":"fac_im3_building_00377345296","properties":{"county_fipses":["17043"],"data_status":"provisional_source_record","display_name":"Centersquare Elk Grove Village Data Center Campus ORD2","entity_id":"fac_im3_building_00377345296","entity_type":"facility","footprint_sqft":198323.0,"geography_assignment_method":"point_in_polygon","primary_county_fips":"17043","release_vintage":"2026.02.09","source_layer":"building","source_name":"Centersquare Elk Grove Village Data Center Campus ORD2","source_operator":"Centersquare","source_record_id":"00377345296","source_ref":"ORD2","source_reported_county_fipses":["17043"]},"type":"Feature"},{"geometry":{"coordinates":[-104.83755343632711,39.55897087407264],"type":"Point"},"id":"fac_im3_building_00377545385","properties":{"county_fipses":["08035"],"data_status":"provisional_source_record","display_name":"Flexential Denver - Englewood","entity_id":"fac_im3_building_00377545385","entity_type":"facility","footprint_sqft":198772.0,"geography_assignment_method":"point_in_polygon","primary_county_fips":"08035","release_vintage":"2026.02.09","source_layer":"building","source_name":"Flexential Denver - Englewood","source_operator":"Flexential","source_record_id":"00377545385","source_ref":null,"source_reported_county_fipses":["08035"]},"type":"Feature"},{"geometry":{"coordinates":[-83.26266713633784,42.447696914234804],"type":"Point"},"id":"fac_im3_building_00377585075","properties":{"county_fipses":["26125"],"data_status":"provisional_source_record","display_name":"EdgeConneX Detroit DET01","entity_id":"fac_im3_building_00377585075","entity_type":"facility","footprint_sqft":40574.0,"geography_assignment_method":"point_in_polygon","primary_county_fips":"26125","release_vintage":"2026.02.09","source_layer":"building","source_name":"EdgeConneX Detroit DET01","source_operator":"EdgeConneX","source_record_id":"00377585075","source_ref":"DET01","source_reported_county_fipses":["26125"]},"type":"Feature"},{"geometry":{"coordinates":[-97.72359737399289,30.261396172131168],"type":"Point"},"id":"fac_im3_building_00379195054","properties":{"county_fipses":["48453"],"data_status":"provisional_source_record","display_name":"Lumen Austin 3","entity_id":"fac_im3_building_00379195054","entity_type":"facility","footprint_sqft":5068.0,"geography_assignment_method":"point_in_polygon","primary_county_fips":"48453","release_vintage":"2026.02.09","source_layer":"building","source_name":"Lumen Austin 3","source_operator":"Lumen Technologies","source_record_id":"00379195054","source_ref":null,"source_reported_county_fipses":["48453"]},"type":"Feature"},{"geometry":{"coordinates":[-97.72210231000722,30.261043226760542],"type":"Point"},"id":"fac_im3_building_00379199519","properties":{"county_fipses":["48453"],"data_status":"provisional_source_record","display_name":"Alpheus DataCenter","entity_id":"fac_im3_building_00379199519","entity_type":"facility","footprint_sqft":36089.0,"geography_assignment_method":"point_in_polygon","primary_county_fips":"48453","release_vintage":"2026.02.09","source_layer":"building","source_name":"Alpheus DataCenter","source_operator":"Alpheus","source_record_id":"00379199519","source_ref":null,"source_reported_county_fipses":["48453"]},"type":"Feature"},{"geometry":{"coordinates":[-97.6957806400088,30.21217551197644],"type":"Point"},"id":"fac_im3_building_00379204279","properties":{"county_fipses":["48453"],"data_status":"provisional_source_record","display_name":"Digital Realty Austin AUS11","entity_id":"fac_im3_building_00379204279","entity_type":"facility","footprint_sqft":79985.0,"geography_assignment_method":"point_in_polygon","primary_county_fips":"48453","release_vintage":"2026.02.09","source_layer":"building","source_name":"Digital Realty Austin AUS11","source_operator":null,"source_record_id":"00379204279","source_ref":"AUS11","source_reported_county_fipses":["48453"]},"type":"Feature"},{"geometry":{"coordinates":[-97.70704415374419,30.200676320425476],"type":"Point"},"id":"fac_im3_building_00379204643","properties":{"county_fipses":["48453"],"data_status":"provisional_source_record","display_name":"LightEdge Austin II","entity_id":"fac_im3_building_00379204643","entity_type":"facility","footprint_sqft":86445.0,"geography_assignment_method":"point_in_polygon","primary_county_fips":"48453","release_vintage":"2026.02.09","source_layer":"building","source_name":"LightEdge Austin II","source_operator":null,"source_record_id":"00379204643","source_ref":null,"source_reported_county_fipses":["48453"]},"type":"Feature"},{"geometry":{"coordinates":[-97.69796494527762,30.205929677925745],"type":"Point"},"id":"fac_im3_building_00379204766","properties":{"county_fipses":["48453"],"data_status":"provisional_source_record","display_name":"CyrusOne Austin Data Center II","entity_id":"fac_im3_building_00379204766","entity_type":"facility","footprint_sqft":77356.0,"geography_assignment_method":"point_in_polygon","primary_county_fips":"48453","release_vintage":"2026.02.09","source_layer":"building","source_name":"CyrusOne Austin Data Center II","source_operator":null,"source_record_id":"00379204766","source_ref":"AUS2","source_reported_county_fipses":["48453"]},"type":"Feature"},{"geometry":{"coordinates":[-97.69607393452047,30.215503976280193],"type":"Point"},"id":"fac_im3_building_00379205427","properties":{"county_fipses":["48453"],"data_status":"provisional_source_record","display_name":"Data Foundry Austin 1 Data Center","entity_id":"fac_im3_building_00379205427","entity_type":"facility","footprint_sqft":50461.0,"geography_assignment_method":"point_in_polygon","primary_county_fips":"48453","release_vintage":"2026.02.09","source_layer":"building","source_name":"Data Foundry Austin 1 Data Center","source_operator":null,"source_record_id":"00379205427","source_ref":null,"source_reported_county_fipses":["48453"]},"type":"Feature"},{"geometry":{"coordinates":[-77.4454155025337,39.04872822028961],"type":"Point"},"id":"fac_im3_building_00380282154","properties":{"county_fipses":["51107"],"data_status":"provisional_source_record","display_name":"VISA Data Center","entity_id":"fac_im3_building_00380282154","entity_type":"facility","footprint_sqft":349987.0,"geography_assignment_method":"point_in_polygon","primary_county_fips":"51107","release_vintage":"2026.02.09","source_layer":"building","source_name":"VISA Data Center","source_operator":null,"source_record_id":"00380282154","source_ref":null,"source_reported_county_fipses":["51107"]},"type":"Feature"},{"geometry":{"coordinates":[-97.71266756573961,30.21429715095225],"type":"Point"},"id":"fac_im3_building_00382785871","properties":{"county_fipses":["48453"],"data_status":"provisional_source_record","display_name":"LightEdge Austin I","entity_id":"fac_im3_building_00382785871","entity_type":"facility","footprint_sqft":30876.0,"geography_assignment_method":"point_in_polygon","primary_county_fips":"48453","release_vintage":"2026.02.09","source_layer":"building","source_name":"LightEdge Austin I","source_operator":null,"source_record_id":"00382785871","source_ref":null,"source_reported_county_fipses":["48453"]},"type":"Feature"},{"geometry":{"coordinates":[-87.9735185179455,41.99366849754896],"type":"Point"},"id":"fac_im3_building_00383545769","properties":{"county_fipses":["17031"],"data_status":"provisional_source_record","display_name":"Skybox Chicago I","entity_id":"fac_im3_building_00383545769","entity_type":"facility","footprint_sqft":174575.0,"geography_assignment_method":"point_in_polygon","primary_county_fips":"17031","release_vintage":"2026.02.09","source_layer":"building","source_name":"Skybox Chicago I","source_operator":"Skybox","source_record_id":"00383545769","source_ref":"Chicago I","source_reported_county_fipses":["17031"]},"type":"Feature"},{"geometry":{"coordinates":[-121.93101655253417,37.48986462008944],"type":"Point"},"id":"fac_im3_building_00383728972","properties":{"county_fipses":["06001"],"data_status":"provisional_source_record","display_name":"Hurricane Electric Fremont 1","entity_id":"fac_im3_building_00383728972","entity_type":"facility","footprint_sqft":33640.0,"geography_assignment_method":"point_in_polygon","primary_county_fips":"06001","release_vintage":"2026.02.09","source_layer":"building","source_name":"Hurricane Electric Fremont 1","source_operator":"Hurricane Electric","source_record_id":"00383728972","source_ref":"fmt1","source_reported_county_fipses":["06001"]},"type":"Feature"},{"geometry":{"coordinates":[-82.71902751224367,41.4324305009821],"type":"Point"},"id":"fac_im3_building_00383796776","properties":{"county_fipses":["39043"],"data_status":"provisional_source_record","display_name":"Aligned Data Centers","entity_id":"fac_im3_building_00383796776","entity_type":"facility","footprint_sqft":633484.0,"geography_assignment_method":"point_in_polygon","primary_county_fips":"39043","release_vintage":"2026.02.09","source_layer":"building","source_name":null,"source_operator":"Aligned Data Centers","source_record_id":"00383796776","source_ref":null,"source_reported_county_fipses":["39043"]},"type":"Feature"},{"geometry":{"coordinates":[-97.71239983833573,30.196499004972576],"type":"Point"},"id":"fac_im3_building_00383888101","properties":{"county_fipses":["48453"],"data_status":"provisional_source_record","display_name":"Lumen Austin 1","entity_id":"fac_im3_building_00383888101","entity_type":"facility","footprint_sqft":74722.0,"geography_assignment_method":"point_in_polygon","primary_county_fips":"48453","release_vintage":"2026.02.09","source_layer":"building","source_name":"Lumen Austin 1","source_operator":null,"source_record_id":"00383888101","source_ref":null,"source_reported_county_fipses":["48453"]},"type":"Feature"},{"geometry":{"coordinates":[-97.71378843935518,30.198926082371674],"type":"Point"},"id":"fac_im3_building_00383888914","properties":{"county_fipses":["48453"],"data_status":"provisional_source_record","display_name":"Data Foundry - Texas 1","entity_id":"fac_im3_building_00383888914","entity_type":"facility","footprint_sqft":137095.0,"geography_assignment_method":"point_in_polygon","primary_county_fips":"48453","release_vintage":"2026.02.09","source_layer":"building","source_name":"Data Foundry - Texas 1","source_operator":null,"source_record_id":"00383888914","source_ref":null,"source_reported_county_fipses":["48453"]},"type":"Feature"},{"geometry":{"coordinates":[-121.92211346250497,37.47533720746737],"type":"Point"},"id":"fac_im3_building_00384310259","properties":{"county_fipses":["06001"],"data_status":"provisional_source_record","display_name":"XO Fremont","entity_id":"fac_im3_building_00384310259","entity_type":"facility","footprint_sqft":65815.0,"geography_assignment_method":"point_in_polygon","primary_county_fips":"06001","release_vintage":"2026.02.09","source_layer":"building","source_name":"XO Fremont","source_operator":"XO","source_record_id":"00384310259","source_ref":null,"source_reported_county_fipses":["06001"]},"type":"Feature"},{"geometry":{"coordinates":[-121.92031059714009,37.471827238512944],"type":"Point"},"id":"fac_im3_building_00384310269","properties":{"county_fipses":["06001"],"data_status":"provisional_source_record","display_name":"Hurricane Electric Fremont 2","entity_id":"fac_im3_building_00384310269","entity_type":"facility","footprint_sqft":181268.0,"geography_assignment_method":"point_in_polygon","primary_county_fips":"06001","release_vintage":"2026.02.09","source_layer":"building","source_name":"Hurricane Electric Fremont 2","source_operator":"Hurricane Electric","source_record_id":"00384310269","source_ref":"fmt2","source_reported_county_fipses":["06001"]},"type":"Feature"},{"geometry":{"coordinates":[-97.69617577010003,30.342800020345656],"type":"Point"},"id":"fac_im3_building_00384396017","properties":{"county_fipses":["48453"],"data_status":"provisional_source_record","display_name":"Element Critical","entity_id":"fac_im3_building_00384396017","entity_type":"facility","footprint_sqft":61978.0,"geography_assignment_method":"point_in_polygon","primary_county_fips":"48453","release_vintage":"2026.02.09","source_layer":"building","source_name":"Element Critical","source_operator":null,"source_record_id":"00384396017","source_ref":null,"source_reported_county_fipses":["48453"]},"type":"Feature"},{"geometry":{"coordinates":[-87.96468543810447,41.97576175006559],"type":"Point"},"id":"fac_im3_building_00384690290","properties":{"county_fipses":["17043"],"data_status":"provisional_source_record","display_name":"Element Critical CH1","entity_id":"fac_im3_building_00384690290","entity_type":"facility","footprint_sqft":92076.0,"geography_assignment_method":"point_in_polygon","primary_county_fips":"17043","release_vintage":"2026.02.09","source_layer":"building","source_name":"Element Critical CH1","source_operator":"Element Critical","source_record_id":"00384690290","source_ref":"CH1","source_reported_county_fipses":["17043"]},"type":"Feature"},{"geometry":{"coordinates":[-74.17392520750958,40.73672574708444],"type":"Point"},"id":"fac_im3_building_00387208881","properties":{"county_fipses":["34013"],"data_status":"provisional_source_record","display_name":"165 Halsey / Equinix NY1 / Databank EWR1","entity_id":"fac_im3_building_00387208881","entity_type":"facility","footprint_sqft":89363.0,"geography_assignment_method":"point_in_polygon","primary_county_fips":"34013","release_vintage":"2026.02.09","source_layer":"building","source_name":"165 Halsey / Equinix NY1 / Databank EWR1","source_operator":"Tishman","source_record_id":"00387208881","source_ref":null,"source_reported_county_fipses":["34013"]},"type":"Feature"},{"geometry":{"coordinates":[-84.06107488394335,34.03538969563108],"type":"Point"},"id":"fac_im3_building_00387378765","properties":{"county_fipses":["13135"],"data_status":"provisional_source_record","display_name":"QTS Suwanee Data Center 1","entity_id":"fac_im3_building_00387378765","entity_type":"facility","footprint_sqft":310488.0,"geography_assignment_method":"point_in_polygon","primary_county_fips":"13135","release_vintage":"2026.02.09","source_layer":"building","source_name":"QTS Suwanee Data Center 1","source_operator":"Quality Technology Services","source_record_id":"00387378765","source_ref":null,"source_reported_county_fipses":["13135"]},"type":"Feature"},{"geometry":{"coordinates":[-84.0577034926908,34.037098808167876],"type":"Point"},"id":"fac_im3_building_00387379196","properties":{"county_fipses":["13135"],"data_status":"provisional_source_record","display_name":"QTS Suwanee Data Center 2","entity_id":"fac_im3_building_00387379196","entity_type":"facility","footprint_sqft":360379.0,"geography_assignment_method":"point_in_polygon","primary_county_fips":"13135","release_vintage":"2026.02.09","source_layer":"building","source_name":"QTS Suwanee Data Center 2","source_operator":"Quality Technology Services","source_record_id":"00387379196","source_ref":null,"source_reported_county_fipses":["13135"]},"type":"Feature"},{"geometry":{"coordinates":[-92.44472351005183,34.75623579847398],"type":"Point"},"id":"fac_im3_building_00388148510","properties":{"county_fipses":["05119"],"data_status":"provisional_source_record","display_name":"TierPoint Little Rock","entity_id":"fac_im3_building_00388148510","entity_type":"facility","footprint_sqft":31845.0,"geography_assignment_method":"point_in_polygon","primary_county_fips":"05119","release_vintage":"2026.02.09","source_layer":"building","source_name":"TierPoint Little Rock","source_operator":null,"source_record_id":"00388148510","source_ref":null,"source_reported_county_fipses":["05119"]},"type":"Feature"},{"geometry":{"coordinates":[-122.01456250837072,37.39960173949957],"type":"Point"},"id":"fac_im3_building_00390287635","properties":{"county_fipses":["06085"],"data_status":"provisional_source_record","display_name":"Equinix SV6","entity_id":"fac_im3_building_00390287635","entity_type":"facility","footprint_sqft":21678.0,"geography_assignment_method":"point_in_polygon","primary_county_fips":"06085","release_vintage":"2026.02.09","source_layer":"building","source_name":"Equinix SV6","source_operator":"Equinix","source_record_id":"00390287635","source_ref":"SV6","source_reported_county_fipses":["06085"]},"type":"Feature"},{"geometry":{"coordinates":[-84.19856192066597,33.95476871472785],"type":"Point"},"id":"fac_im3_building_00392324240","properties":{"county_fipses":["13135"],"data_status":"provisional_source_record","display_name":"Flexential Atlanta - Norcross","entity_id":"fac_im3_building_00392324240","entity_type":"facility","footprint_sqft":32309.0,"geography_assignment_method":"point_in_polygon","primary_county_fips":"13135","release_vintage":"2026.02.09","source_layer":"building","source_name":"Flexential Atlanta - Norcross","source_operator":"Flexential","source_record_id":"00392324240","source_ref":null,"source_reported_county_fipses":["13135"]},"type":"Feature"},{"geometry":{"coordinates":[-122.30169031041981,47.84181079877673],"type":"Point"},"id":"fac_im3_building_00396296733","properties":{"county_fipses":["53061"],"data_status":"provisional_source_record","display_name":"Centersquare Lynnwood SE1","entity_id":"fac_im3_building_00396296733","entity_type":"facility","footprint_sqft":104460.0,"geography_assignment_method":"point_in_polygon","primary_county_fips":"53061","release_vintage":"2026.02.09","source_layer":"building","source_name":"Centersquare Lynnwood SE1","source_operator":"Centersquare","source_record_id":"00396296733","source_ref":"SE1","source_reported_county_fipses":["53061"]},"type":"Feature"},{"geometry":{"coordinates":[-120.87507749015272,44.28941552511668],"type":"Point"},"id":"fac_im3_building_00397914434","properties":{"county_fipses":["41013"],"data_status":"provisional_source_record","display_name":"Apple","entity_id":"fac_im3_building_00397914434","entity_type":"facility","footprint_sqft":9228.0,"geography_assignment_method":"point_in_polygon","primary_county_fips":"41013","release_vintage":"2026.02.09","source_layer":"building","source_name":null,"source_operator":"Apple","source_record_id":"00397914434","source_ref":null,"source_reported_county_fipses":["41013"]},"type":"Feature"},{"geometry":{"coordinates":[-104.78726998003246,38.98574620589175],"type":"Point"},"id":"fac_im3_building_00400540223","properties":{"county_fipses":["08041"],"data_status":"provisional_source_record","display_name":"Walmart Colorado Data Center","entity_id":"fac_im3_building_00400540223","entity_type":"facility","footprint_sqft":219542.0,"geography_assignment_method":"point_in_polygon","primary_county_fips":"08041","release_vintage":"2026.02.09","source_layer":"building","source_name":"Walmart Colorado Data Center","source_operator":"Walmart","source_record_id":"00400540223","source_ref":null,"source_reported_county_fipses":["08041"]},"type":"Feature"},{"geometry":{"coordinates":[-96.0277741269746,41.33832138450139],"type":"Point"},"id":"fac_im3_building_00405034574","properties":{"county_fipses":["31055"],"data_status":"provisional_source_record","display_name":"Verizon","entity_id":"fac_im3_building_00405034574","entity_type":"facility","footprint_sqft":11836.0,"geography_assignment_method":"point_in_polygon","primary_county_fips":"31055","release_vintage":"2026.02.09","source_layer":"building","source_name":"Verizon","source_operator":null,"source_record_id":"00405034574","source_ref":null,"source_reported_county_fipses":["31055"]},"type":"Feature"},{"geometry":{"coordinates":[-96.02861432583268,41.33843614997797],"type":"Point"},"id":"fac_im3_building_00405034584","properties":{"county_fipses":["31055"],"data_status":"provisional_source_record","display_name":"Verizon","entity_id":"fac_im3_building_00405034584","entity_type":"facility","footprint_sqft":87375.0,"geography_assignment_method":"point_in_polygon","primary_county_fips":"31055","release_vintage":"2026.02.09","source_layer":"building","source_name":"Verizon","source_operator":null,"source_record_id":"00405034584","source_ref":null,"source_reported_county_fipses":["31055"]},"type":"Feature"},{"geometry":{"coordinates":[-86.67309882783594,34.73654090277783],"type":"Point"},"id":"fac_im3_building_00408012357","properties":{"county_fipses":["01089"],"data_status":"provisional_source_record","display_name":"George C. Wallace Alabama Supercomputer Center","entity_id":"fac_im3_building_00408012357","entity_type":"facility","footprint_sqft":14919.0,"geography_assignment_method":"point_in_polygon","primary_county_fips":"01089","release_vintage":"2026.02.09","source_layer":"building","source_name":"George C. Wallace Alabama Supercomputer Center","source_operator":"Alabama Supercomputer Authority","source_record_id":"00408012357","source_ref":null,"source_reported_county_fipses":["01089"]},"type":"Feature"},{"geometry":{"coordinates":[-87.85923594325138,41.928378286120044],"type":"Point"},"id":"fac_im3_building_00409296605","properties":{"county_fipses":["17031"],"data_status":"provisional_source_record","display_name":"Digital Realty Chicago ORD12","entity_id":"fac_im3_building_00409296605","entity_type":"facility","footprint_sqft":90165.0,"geography_assignment_method":"point_in_polygon","primary_county_fips":"17031","release_vintage":"2026.02.09","source_layer":"building","source_name":"Digital Realty Chicago ORD12","source_operator":"Digital Realty","source_record_id":"00409296605","source_ref":"ORD12","source_reported_county_fipses":["17031"]},"type":"Feature"},{"geometry":{"coordinates":[-119.86448737759345,47.23763280547861],"type":"Point"},"id":"fac_im3_building_00410408067","properties":{"county_fipses":["53025"],"data_status":"provisional_source_record","display_name":"Unnamed IM3 building 00410408067","entity_id":"fac_im3_building_00410408067","entity_type":"facility","footprint_sqft":36918.0,"geography_assignment_method":"point_in_polygon","primary_county_fips":"53025","release_vintage":"2026.02.09","source_layer":"building","source_name":null,"source_operator":null,"source_record_id":"00410408067","source_ref":null,"source_reported_county_fipses":["53025"]},"type":"Feature"},{"geometry":{"coordinates":[-119.88299787007462,47.23947854795628],"type":"Point"},"id":"fac_im3_building_00410408073","properties":{"county_fipses":["53025"],"data_status":"provisional_source_record","display_name":"Microsoft","entity_id":"fac_im3_building_00410408073","entity_type":"facility","footprint_sqft":151246.0,"geography_assignment_method":"point_in_polygon","primary_county_fips":"53025","release_vintage":"2026.02.09","source_layer":"building","source_name":"Microsoft","source_operator":"Microsoft","source_record_id":"00410408073","source_ref":null,"source_reported_county_fipses":["53025"]},"type":"Feature"},{"geometry":{"coordinates":[-119.88308360926234,47.238574845290714],"type":"Point"},"id":"fac_im3_building_00410408074","properties":{"county_fipses":["53025"],"data_status":"provisional_source_record","display_name":"Microsoft","entity_id":"fac_im3_building_00410408074","entity_type":"facility","footprint_sqft":147922.0,"geography_assignment_method":"point_in_polygon","primary_county_fips":"53025","release_vintage":"2026.02.09","source_layer":"building","source_name":"Microsoft","source_operator":"Microsoft","source_record_id":"00410408074","source_ref":null,"source_reported_county_fipses":["53025"]},"type":"Feature"},{"geometry":{"coordinates":[-119.85940592515068,47.23948769629937],"type":"Point"},"id":"fac_im3_building_00410408079","properties":{"county_fipses":["53025"],"data_status":"provisional_source_record","display_name":"Unnamed IM3 building 00410408079","entity_id":"fac_im3_building_00410408079","entity_type":"facility","footprint_sqft":46835.0,"geography_assignment_method":"point_in_polygon","primary_county_fips":"53025","release_vintage":"2026.02.09","source_layer":"building","source_name":null,"source_operator":null,"source_record_id":"00410408079","source_ref":null,"source_reported_county_fipses":["53025"]},"type":"Feature"},{"geometry":{"coordinates":[-104.90187602195962,41.1262309898459],"type":"Point"},"id":"fac_im3_building_00414055239","properties":{"county_fipses":["56021"],"data_status":"provisional_source_record","display_name":"Unnamed IM3 building 00414055239","entity_id":"fac_im3_building_00414055239","entity_type":"facility","footprint_sqft":140780.0,"geography_assignment_method":"point_in_polygon","primary_county_fips":"56021","release_vintage":"2026.02.09","source_layer":"building","source_name":null,"source_operator":null,"source_record_id":"00414055239","source_ref":null,"source_reported_county_fipses":["56021"]},"type":"Feature"},{"geometry":{"coordinates":[-122.34815288067006,47.619324932166734],"type":"Point"},"id":"fac_im3_building_00417682780","properties":{"county_fipses":["53033"],"data_status":"provisional_source_record","display_name":"KOMO Plaza East","entity_id":"fac_im3_building_00417682780","entity_type":"facility","footprint_sqft":45743.0,"geography_assignment_method":"point_in_polygon","primary_county_fips":"53033","release_vintage":"2026.02.09","source_layer":"building","source_name":"KOMO Plaza East","source_operator":null,"source_record_id":"00417682780","source_ref":null,"source_reported_county_fipses":["53033"]},"type":"Feature"},{"geometry":{"coordinates":[-122.34859631775392,47.618919759615665],"type":"Point"},"id":"fac_im3_building_00417682781","properties":{"county_fipses":["53033"],"data_status":"provisional_source_record","display_name":"KOMO Plaza West","entity_id":"fac_im3_building_00417682781","entity_type":"facility","footprint_sqft":20239.0,"geography_assignment_method":"point_in_polygon","primary_county_fips":"53033","release_vintage":"2026.02.09","source_layer":"building","source_name":"KOMO Plaza West","source_operator":null,"source_record_id":"00417682781","source_ref":null,"source_reported_county_fipses":["53033"]},"type":"Feature"},{"geometry":{"coordinates":[-96.08338762268534,41.16546905416773],"type":"Point"},"id":"fac_im3_building_00421273622","properties":{"county_fipses":["31153"],"data_status":"provisional_source_record","display_name":"Fidelity","entity_id":"fac_im3_building_00421273622","entity_type":"facility","footprint_sqft":40714.0,"geography_assignment_method":"point_in_polygon","primary_county_fips":"31153","release_vintage":"2026.02.09","source_layer":"building","source_name":"Fidelity","source_operator":"Fidelity","source_record_id":"00421273622","source_ref":null,"source_reported_county_fipses":["31153"]},"type":"Feature"},{"geometry":{"coordinates":[-118.38631267027328,33.91772905166227],"type":"Point"},"id":"fac_im3_building_00424945736","properties":{"county_fipses":["06037"],"data_status":"provisional_source_record","display_name":"Centurylink","entity_id":"fac_im3_building_00424945736","entity_type":"facility","footprint_sqft":71500.0,"geography_assignment_method":"point_in_polygon","primary_county_fips":"06037","release_vintage":"2026.02.09","source_layer":"building","source_name":null,"source_operator":"Centurylink","source_record_id":"00424945736","source_ref":null,"source_reported_county_fipses":["06037"]},"type":"Feature"},{"geometry":{"coordinates":[-118.38643608724031,33.92174167558056],"type":"Point"},"id":"fac_im3_building_00424945845","properties":{"county_fipses":["06037"],"data_status":"provisional_source_record","display_name":"Serverfarm - LAX1","entity_id":"fac_im3_building_00424945845","entity_type":"facility","footprint_sqft":119102.0,"geography_assignment_method":"point_in_polygon","primary_county_fips":"06037","release_vintage":"2026.02.09","source_layer":"building","source_name":"Serverfarm - LAX1","source_operator":"Serverfarm LLC.","source_record_id":"00424945845","source_ref":"LAX1","source_reported_county_fipses":["06037"]},"type":"Feature"},{"geometry":{"coordinates":[-118.38463005026091,33.9156488974591],"type":"Point"},"id":"fac_im3_building_00424945852","properties":{"county_fipses":["06037"],"data_status":"provisional_source_record","display_name":"DRT LAX12","entity_id":"fac_im3_building_00424945852","entity_type":"facility","footprint_sqft":113310.0,"geography_assignment_method":"point_in_polygon","primary_county_fips":"06037","release_vintage":"2026.02.09","source_layer":"building","source_name":"DRT LAX12","source_operator":"Digital Realty","source_record_id":"00424945852","source_ref":"LAX4","source_reported_county_fipses":["06037"]},"type":"Feature"},{"geometry":{"coordinates":[-104.98324467111505,39.922418557554764],"type":"Point"},"id":"fac_im3_building_00426586135","properties":{"county_fipses":["08001"],"data_status":"provisional_source_record","display_name":"Google - Thornton","entity_id":"fac_im3_building_00426586135","entity_type":"facility","footprint_sqft":86059.0,"geography_assignment_method":"point_in_polygon","primary_county_fips":"08001","release_vintage":"2026.02.09","source_layer":"building","source_name":"Google - Thornton","source_operator":"Google","source_record_id":"00426586135","source_ref":null,"source_reported_county_fipses":["08001"]},"type":"Feature"},{"geometry":{"coordinates":[-118.25751427697325,34.04732574551566],"type":"Point"},"id":"fac_im3_building_00428021796","properties":{"county_fipses":["06037"],"data_status":"provisional_source_record","display_name":"DRT LAX10","entity_id":"fac_im3_building_00428021796","entity_type":"facility","footprint_sqft":66979.0,"geography_assignment_method":"point_in_polygon","primary_county_fips":"06037","release_vintage":"2026.02.09","source_layer":"building","source_name":"DRT LAX10","source_operator":null,"source_record_id":"00428021796","source_ref":"LAX6","source_reported_county_fipses":["06037"]},"type":"Feature"},{"geometry":{"coordinates":[-118.25554585155656,34.04789230531704],"type":"Point"},"id":"fac_im3_building_00428021816","properties":{"county_fipses":["06037"],"data_status":"provisional_source_record","display_name":"One Wilshire","entity_id":"fac_im3_building_00428021816","entity_type":"facility","footprint_sqft":43850.0,"geography_assignment_method":"point_in_polygon","primary_county_fips":"06037","release_vintage":"2026.02.09","source_layer":"building","source_name":"One Wilshire","source_operator":null,"source_record_id":"00428021816","source_ref":null,"source_reported_county_fipses":["06037"]},"type":"Feature"},{"geometry":{"coordinates":[-82.29992999372256,29.672591133291224],"type":"Point"},"id":"fac_im3_building_00429782814","properties":{"county_fipses":["12001"],"data_status":"provisional_source_record","display_name":"UF Research Computing Center","entity_id":"fac_im3_building_00429782814","entity_type":"facility","footprint_sqft":36370.0,"geography_assignment_method":"point_in_polygon","primary_county_fips":"12001","release_vintage":"2026.02.09","source_layer":"building","source_name":"UF Research Computing Center","source_operator":"University of Florida","source_record_id":"00429782814","source_ref":"1635","source_reported_county_fipses":["12001"]},"type":"Feature"},{"geometry":{"coordinates":[-77.41452291234779,39.02594651093395],"type":"Point"},"id":"fac_im3_building_00435324552","properties":{"county_fipses":["51107"],"data_status":"provisional_source_record","display_name":"CyrusOne NVA1, NVA2 & NVA3","entity_id":"fac_im3_building_00435324552","entity_type":"facility","footprint_sqft":265601.0,"geography_assignment_method":"point_in_polygon","primary_county_fips":"51107","release_vintage":"2026.02.09","source_layer":"building","source_name":"CyrusOne NVA1, NVA2 & NVA3","source_operator":"CyrusOne","source_record_id":"00435324552","source_ref":"NVA1;NVA2;NVA3","source_reported_county_fipses":["51107"]},"type":"Feature"},{"geometry":{"coordinates":[-80.19307541186281,25.782378977030266],"type":"Point"},"id":"fac_im3_building_00435518280","properties":{"county_fipses":["12086"],"data_status":"provisional_source_record","display_name":"NAP of the Americas","entity_id":"fac_im3_building_00435518280","entity_type":"facility","footprint_sqft":122625.0,"geography_assignment_method":"point_in_polygon","primary_county_fips":"12086","release_vintage":"2026.02.09","source_layer":"building","source_name":"NAP of the Americas","source_operator":null,"source_record_id":"00435518280","source_ref":null,"source_reported_county_fipses":["12086"]},"type":"Feature"},{"geometry":{"coordinates":[-80.230033722435,25.79754440402661],"type":"Point"},"id":"fac_im3_building_00435531451","properties":{"county_fipses":["12086"],"data_status":"provisional_source_record","display_name":"Unnamed IM3 building 00435531451","entity_id":"fac_im3_building_00435531451","entity_type":"facility","footprint_sqft":15911.0,"geography_assignment_method":"point_in_polygon","primary_county_fips":"12086","release_vintage":"2026.02.09","source_layer":"building","source_name":null,"source_operator":null,"source_record_id":"00435531451","source_ref":null,"source_reported_county_fipses":["12086"]},"type":"Feature"},{"geometry":{"coordinates":[-77.43403366059391,39.024327100481464],"type":"Point"},"id":"fac_im3_building_00435817145","properties":{"county_fipses":["51107"],"data_status":"provisional_source_record","display_name":"CyrusOne NVA5","entity_id":"fac_im3_building_00435817145","entity_type":"facility","footprint_sqft":506948.0,"geography_assignment_method":"point_in_polygon","primary_county_fips":"51107","release_vintage":"2026.02.09","source_layer":"building","source_name":"CyrusOne NVA5","source_operator":"CyrusOne","source_record_id":"00435817145","source_ref":"NVA5","source_reported_county_fipses":["51107"]},"type":"Feature"},{"geometry":{"coordinates":[-93.82494906980826,41.540615955850996],"type":"Point"},"id":"fac_im3_building_00438077632","properties":{"county_fipses":["19049"],"data_status":"provisional_source_record","display_name":"Microsoft","entity_id":"fac_im3_building_00438077632","entity_type":"facility","footprint_sqft":39146.0,"geography_assignment_method":"point_in_polygon","primary_county_fips":"19049","release_vintage":"2026.02.09","source_layer":"building","source_name":"Microsoft","source_operator":"Microsoft","source_record_id":"00438077632","source_ref":null,"source_reported_county_fipses":["19049"]},"type":"Feature"},{"geometry":{"coordinates":[-93.51472775765038,41.6642411277008],"type":"Point"},"id":"fac_im3_building_00438078069","properties":{"county_fipses":["19153"],"data_status":"provisional_source_record","display_name":"Facebook Altoona Data Center 1","entity_id":"fac_im3_building_00438078069","entity_type":"facility","footprint_sqft":315400.0,"geography_assignment_method":"point_in_polygon","primary_county_fips":"19153","release_vintage":"2026.02.09","source_layer":"building","source_name":"Facebook Altoona Data Center 1","source_operator":"Meta","source_record_id":"00438078069","source_ref":null,"source_reported_county_fipses":["19153"]},"type":"Feature"},{"geometry":{"coordinates":[-93.50817041153361,41.66553719114288],"type":"Point"},"id":"fac_im3_building_00438078070","properties":{"county_fipses":["19153"],"data_status":"provisional_source_record","display_name":"Facebook Altoona Data Center 2","entity_id":"fac_im3_building_00438078070","entity_type":"facility","footprint_sqft":307370.0,"geography_assignment_method":"point_in_polygon","primary_county_fips":"19153","release_vintage":"2026.02.09","source_layer":"building","source_name":"Facebook Altoona Data Center 2","source_operator":"Meta","source_record_id":"00438078070","source_ref":null,"source_reported_county_fipses":["19153"]},"type":"Feature"},{"geometry":{"coordinates":[-117.80580094927477,33.716777907497594],"type":"Point"},"id":"fac_im3_building_00441502816","properties":{"county_fipses":["06059"],"data_status":"provisional_source_record","display_name":"Lumen Technologies","entity_id":"fac_im3_building_00441502816","entity_type":"facility","footprint_sqft":85658.0,"geography_assignment_method":"point_in_polygon","primary_county_fips":"06059","release_vintage":"2026.02.09","source_layer":"building","source_name":"Lumen Technologies","source_operator":null,"source_record_id":"00441502816","source_ref":null,"source_reported_county_fipses":["06059"]},"type":"Feature"},{"geometry":{"coordinates":[-117.42000258764048,47.654225584825305],"type":"Point"},"id":"fac_im3_building_00444683815","properties":{"county_fipses":["53063"],"data_status":"provisional_source_record","display_name":"Lumen","entity_id":"fac_im3_building_00444683815","entity_type":"facility","footprint_sqft":25399.0,"geography_assignment_method":"point_in_polygon","primary_county_fips":"53063","release_vintage":"2026.02.09","source_layer":"building","source_name":"Lumen","source_operator":"Lumen Technologies","source_record_id":"00444683815","source_ref":null,"source_reported_county_fipses":["53063"]},"type":"Feature"},{"geometry":{"coordinates":[-89.43673598135521,43.06728877873921],"type":"Point"},"id":"fac_im3_building_00447803368","properties":{"county_fipses":["55025"],"data_status":"provisional_source_record","display_name":"Unnamed IM3 building 00447803368","entity_id":"fac_im3_building_00447803368","entity_type":"facility","footprint_sqft":9176.0,"geography_assignment_method":"point_in_polygon","primary_county_fips":"55025","release_vintage":"2026.02.09","source_layer":"building","source_name":null,"source_operator":null,"source_record_id":"00447803368","source_ref":null,"source_reported_county_fipses":["55025"]},"type":"Feature"},{"geometry":{"coordinates":[-121.88797542273252,37.33363768871057],"type":"Point"},"id":"fac_im3_building_00451413811","properties":{"county_fipses":["06085"],"data_status":"provisional_source_record","display_name":"Unnamed IM3 building 00451413811","entity_id":"fac_im3_building_00451413811","entity_type":"facility","footprint_sqft":102004.0,"geography_assignment_method":"point_in_polygon","primary_county_fips":"06085","release_vintage":"2026.02.09","source_layer":"building","source_name":null,"source_operator":null,"source_record_id":"00451413811","source_ref":null,"source_reported_county_fipses":["06085"]},"type":"Feature"},{"geometry":{"coordinates":[-74.06556019989502,40.78413403768732],"type":"Point"},"id":"fac_im3_building_00451491797","properties":{"county_fipses":["34017"],"data_status":"provisional_source_record","display_name":"Unnamed IM3 building 00451491797","entity_id":"fac_im3_building_00451491797","entity_type":"facility","footprint_sqft":150951.0,"geography_assignment_method":"point_in_polygon","primary_county_fips":"34017","release_vintage":"2026.02.09","source_layer":"building","source_name":null,"source_operator":null,"source_record_id":"00451491797","source_ref":null,"source_reported_county_fipses":["34017"]},"type":"Feature"},{"geometry":{"coordinates":[-74.06804834898094,40.787550185315126],"type":"Point"},"id":"fac_im3_building_00451497833","properties":{"county_fipses":["34017"],"data_status":"provisional_source_record","display_name":"Evocative Secaucus","entity_id":"fac_im3_building_00451497833","entity_type":"facility","footprint_sqft":101304.0,"geography_assignment_method":"point_in_polygon","primary_county_fips":"34017","release_vintage":"2026.02.09","source_layer":"building","source_name":"Evocative Secaucus","source_operator":"Evocative","source_record_id":"00451497833","source_ref":null,"source_reported_county_fipses":["34017"]},"type":"Feature"},{"geometry":{"coordinates":[-74.13418574563293,40.82145355154189],"type":"Point"},"id":"fac_im3_building_00452116337","properties":{"county_fipses":["34013"],"data_status":"provisional_source_record","display_name":"BT Radianz: 492 River Road","entity_id":"fac_im3_building_00452116337","entity_type":"facility","footprint_sqft":107857.0,"geography_assignment_method":"point_in_polygon","primary_county_fips":"34013","release_vintage":"2026.02.09","source_layer":"building","source_name":"BT Radianz: 492 River Road","source_operator":"bt","source_record_id":"00452116337","source_ref":null,"source_reported_county_fipses":["34013"]},"type":"Feature"},{"geometry":{"coordinates":[-104.8603774822199,39.5989600863557],"type":"Point"},"id":"fac_im3_building_00453969917","properties":{"county_fipses":["08005"],"data_status":"provisional_source_record","display_name":"Time Warner Datacenter","entity_id":"fac_im3_building_00453969917","entity_type":"facility","footprint_sqft":33804.0,"geography_assignment_method":"point_in_polygon","primary_county_fips":"08005","release_vintage":"2026.02.09","source_layer":"building","source_name":"Time Warner Datacenter","source_operator":null,"source_record_id":"00453969917","source_ref":null,"source_reported_county_fipses":["08005"]},"type":"Feature"},{"geometry":{"coordinates":[-104.86018232055083,39.59993080115642],"type":"Point"},"id":"fac_im3_building_00453969923","properties":{"county_fipses":["08005"],"data_status":"provisional_source_record","display_name":"Time Warner Datacenter","entity_id":"fac_im3_building_00453969923","entity_type":"facility","footprint_sqft":61435.0,"geography_assignment_method":"point_in_polygon","primary_county_fips":"08005","release_vintage":"2026.02.09","source_layer":"building","source_name":"Time Warner Datacenter","source_operator":null,"source_record_id":"00453969923","source_ref":null,"source_reported_county_fipses":["08005"]},"type":"Feature"},{"geometry":{"coordinates":[-97.7011142781365,30.206993743520524],"type":"Point"},"id":"fac_im3_building_00455171103","properties":{"county_fipses":["48453"],"data_status":"provisional_source_record","display_name":"CyrusOne Austin Data Center III","entity_id":"fac_im3_building_00455171103","entity_type":"facility","footprint_sqft":189921.0,"geography_assignment_method":"point_in_polygon","primary_county_fips":"48453","release_vintage":"2026.02.09","source_layer":"building","source_name":"CyrusOne Austin Data Center III","source_operator":null,"source_record_id":"00455171103","source_ref":"AUS3","source_reported_county_fipses":["48453"]},"type":"Feature"},{"geometry":{"coordinates":[-74.10158204974093,40.15704355065648],"type":"Point"},"id":"fac_im3_building_00459188722","properties":{"county_fipses":["34025"],"data_status":"provisional_source_record","display_name":"Apollo Cable Landing Station","entity_id":"fac_im3_building_00459188722","entity_type":"facility","footprint_sqft":25904.0,"geography_assignment_method":"point_in_polygon","primary_county_fips":"34025","release_vintage":"2026.02.09","source_layer":"building","source_name":"Apollo Cable Landing Station","source_operator":"Apollo","source_record_id":"00459188722","source_ref":null,"source_reported_county_fipses":["34025"]},"type":"Feature"},{"geometry":{"coordinates":[-72.88334530997138,40.84365992460773],"type":"Point"},"id":"fac_im3_building_00459188725","properties":{"county_fipses":["36103"],"data_status":"provisional_source_record","display_name":"Cable & Wireless Cable Landing Station","entity_id":"fac_im3_building_00459188725","entity_type":"facility","footprint_sqft":36746.0,"geography_assignment_method":"point_in_polygon","primary_county_fips":"36103","release_vintage":"2026.02.09","source_layer":"building","source_name":"Cable & Wireless Cable Landing Station","source_operator":null,"source_record_id":"00459188725","source_ref":null,"source_reported_county_fipses":["36103"]},"type":"Feature"},{"geometry":{"coordinates":[-77.45151283533546,39.02101419483995],"type":"Point"},"id":"fac_im3_building_00460050155","properties":{"county_fipses":["51107"],"data_status":"provisional_source_record","display_name":"Equinix Ashburn DC10","entity_id":"fac_im3_building_00460050155","entity_type":"facility","footprint_sqft":152397.0,"geography_assignment_method":"point_in_polygon","primary_county_fips":"51107","release_vintage":"2026.02.09","source_layer":"building","source_name":"Equinix Ashburn DC10","source_operator":"Equinix","source_record_id":"00460050155","source_ref":"DC10","source_reported_county_fipses":["51107"]},"type":"Feature"},{"geometry":{"coordinates":[-77.49198694607598,38.915805125747426],"type":"Point"},"id":"fac_im3_building_00460056017","properties":{"county_fipses":["51107"],"data_status":"provisional_source_record","display_name":"Amazon IAD-61","entity_id":"fac_im3_building_00460056017","entity_type":"facility","footprint_sqft":152289.0,"geography_assignment_method":"point_in_polygon","primary_county_fips":"51107","release_vintage":"2026.02.09","source_layer":"building","source_name":"Amazon IAD-61","source_operator":"Amazon Web Services","source_record_id":"00460056017","source_ref":"Amazon IAD-61","source_reported_county_fipses":["51107"]},"type":"Feature"},{"geometry":{"coordinates":[-77.43650684069107,38.991413813734994],"type":"Point"},"id":"fac_im3_building_00460056019","properties":{"county_fipses":["51107"],"data_status":"provisional_source_record","display_name":"Amazon IAD51","entity_id":"fac_im3_building_00460056019","entity_type":"facility","footprint_sqft":64127.0,"geography_assignment_method":"point_in_polygon","primary_county_fips":"51107","release_vintage":"2026.02.09","source_layer":"building","source_name":"Amazon IAD51","source_operator":"Amazon Web Services","source_record_id":"00460056019","source_ref":"Amazon IAD51","source_reported_county_fipses":["51107"]},"type":"Feature"},{"geometry":{"coordinates":[-77.43706177436276,38.990567610094665],"type":"Point"},"id":"fac_im3_building_00460056020","properties":{"county_fipses":["51107"],"data_status":"provisional_source_record","display_name":"Amazon IAD56","entity_id":"fac_im3_building_00460056020","entity_type":"facility","footprint_sqft":78441.0,"geography_assignment_method":"point_in_polygon","primary_county_fips":"51107","release_vintage":"2026.02.09","source_layer":"building","source_name":"Amazon IAD56","source_operator":"Amazon Web Services","source_record_id":"00460056020","source_ref":"Amazon IAD56","source_reported_county_fipses":["51107"]},"type":"Feature"},{"geometry":{"coordinates":[-77.44882479290187,38.99069899784283],"type":"Point"},"id":"fac_im3_building_00460056023","properties":{"county_fipses":["51107"],"data_status":"provisional_source_record","display_name":"Amazon IAD16","entity_id":"fac_im3_building_00460056023","entity_type":"facility","footprint_sqft":75817.0,"geography_assignment_method":"point_in_polygon","primary_county_fips":"51107","release_vintage":"2026.02.09","source_layer":"building","source_name":"Amazon IAD16","source_operator":"Amazon Web Services","source_record_id":"00460056023","source_ref":"Amazon IAD16","source_reported_county_fipses":["51107"]},"type":"Feature"},{"geometry":{"coordinates":[-77.44857953268574,38.991692895450356],"type":"Point"},"id":"fac_im3_building_00460056024","properties":{"county_fipses":["51107"],"data_status":"provisional_source_record","display_name":"Amazon IAD15","entity_id":"fac_im3_building_00460056024","entity_type":"facility","footprint_sqft":103452.0,"geography_assignment_method":"point_in_polygon","primary_county_fips":"51107","release_vintage":"2026.02.09","source_layer":"building","source_name":"Amazon IAD15","source_operator":"Amazon Web Services","source_record_id":"00460056024","source_ref":"Amazon IAD15","source_reported_county_fipses":["51107"]},"type":"Feature"},{"geometry":{"coordinates":[-77.54821678521624,38.78993178096453],"type":"Point"},"id":"fac_im3_building_00460059465","properties":{"county_fipses":["51153"],"data_status":"provisional_source_record","display_name":"Amazon IAD14","entity_id":"fac_im3_building_00460059465","entity_type":"facility","footprint_sqft":118192.0,"geography_assignment_method":"point_in_polygon","primary_county_fips":"51153","release_vintage":"2026.02.09","source_layer":"building","source_name":"Amazon IAD14","source_operator":"Amazon Web Services","source_record_id":"00460059465","source_ref":"IAD14","source_reported_county_fipses":["51153"]},"type":"Feature"},{"geometry":{"coordinates":[-77.54844963730864,38.79222600770484],"type":"Point"},"id":"fac_im3_building_00460060340","properties":{"county_fipses":["51153"],"data_status":"provisional_source_record","display_name":"Amazon IAD59","entity_id":"fac_im3_building_00460060340","entity_type":"facility","footprint_sqft":127281.0,"geography_assignment_method":"point_in_polygon","primary_county_fips":"51153","release_vintage":"2026.02.09","source_layer":"building","source_name":"Amazon IAD59","source_operator":"Amazon Web Services","source_record_id":"00460060340","source_ref":"IAD59","source_reported_county_fipses":["51153"]},"type":"Feature"},{"geometry":{"coordinates":[-77.54837196346583,38.79106882111887],"type":"Point"},"id":"fac_im3_building_00460060341","properties":{"county_fipses":["51153"],"data_status":"provisional_source_record","display_name":"Amazon IAD52","entity_id":"fac_im3_building_00460060341","entity_type":"facility","footprint_sqft":126699.0,"geography_assignment_method":"point_in_polygon","primary_county_fips":"51153","release_vintage":"2026.02.09","source_layer":"building","source_name":"Amazon IAD52","source_operator":"Amazon Web Services","source_record_id":"00460060341","source_ref":"IAD52","source_reported_county_fipses":["51153"]},"type":"Feature"},{"geometry":{"coordinates":[-119.26632355,45.91583559984652],"type":"Point"},"id":"fac_im3_building_00460070135","properties":{"county_fipses":["41059"],"data_status":"provisional_source_record","display_name":"Unnamed IM3 building 00460070135","entity_id":"fac_im3_building_00460070135","entity_type":"facility","footprint_sqft":2605.0,"geography_assignment_method":"point_in_polygon","primary_county_fips":"41059","release_vintage":"2026.02.09","source_layer":"building","source_name":null,"source_operator":null,"source_record_id":"00460070135","source_ref":null,"source_reported_county_fipses":["41059"]},"type":"Feature"},{"geometry":{"coordinates":[-119.26652739999999,45.915835599846574],"type":"Point"},"id":"fac_im3_building_00460070136","properties":{"county_fipses":["41059"],"data_status":"provisional_source_record","display_name":"Unnamed IM3 building 00460070136","entity_id":"fac_im3_building_00460070136","entity_type":"facility","footprint_sqft":2608.0,"geography_assignment_method":"point_in_polygon","primary_county_fips":"41059","release_vintage":"2026.02.09","source_layer":"building","source_name":null,"source_operator":null,"source_record_id":"00460070136","source_ref":null,"source_reported_county_fipses":["41059"]},"type":"Feature"},{"geometry":{"coordinates":[-119.26672585,45.91583559984652],"type":"Point"},"id":"fac_im3_building_00460070137","properties":{"county_fipses":["41059"],"data_status":"provisional_source_record","display_name":"Unnamed IM3 building 00460070137","entity_id":"fac_im3_building_00460070137","entity_type":"facility","footprint_sqft":2605.0,"geography_assignment_method":"point_in_polygon","primary_county_fips":"41059","release_vintage":"2026.02.09","source_layer":"building","source_name":null,"source_operator":null,"source_record_id":"00460070137","source_ref":null,"source_reported_county_fipses":["41059"]},"type":"Feature"},{"geometry":{"coordinates":[-119.26711214999999,45.91583559984655],"type":"Point"},"id":"fac_im3_building_00460070138","properties":{"county_fipses":["41059"],"data_status":"provisional_source_record","display_name":"Unnamed IM3 building 00460070138","entity_id":"fac_im3_building_00460070138","entity_type":"facility","footprint_sqft":2605.0,"geography_assignment_method":"point_in_polygon","primary_county_fips":"41059","release_vintage":"2026.02.09","source_layer":"building","source_name":null,"source_operator":null,"source_record_id":"00460070138","source_ref":null,"source_reported_county_fipses":["41059"]},"type":"Feature"},{"geometry":{"coordinates":[-119.26731594999998,45.91584309984662],"type":"Point"},"id":"fac_im3_building_00460070139","properties":{"county_fipses":["41059"],"data_status":"provisional_source_record","display_name":"Unnamed IM3 building 00460070139","entity_id":"fac_im3_building_00460070139","entity_type":"facility","footprint_sqft":2605.0,"geography_assignment_method":"point_in_polygon","primary_county_fips":"41059","release_vintage":"2026.02.09","source_layer":"building","source_name":null,"source_operator":null,"source_record_id":"00460070139","source_ref":null,"source_reported_county_fipses":["41059"]},"type":"Feature"},{"geometry":{"coordinates":[-119.26751175,45.91583189984655],"type":"Point"},"id":"fac_im3_building_00460070140","properties":{"county_fipses":["41059"],"data_status":"provisional_source_record","display_name":"Unnamed IM3 building 00460070140","entity_id":"fac_im3_building_00460070140","entity_type":"facility","footprint_sqft":2605.0,"geography_assignment_method":"point_in_polygon","primary_county_fips":"41059","release_vintage":"2026.02.09","source_layer":"building","source_name":null,"source_operator":null,"source_record_id":"00460070140","source_ref":null,"source_reported_county_fipses":["41059"]},"type":"Feature"},{"geometry":{"coordinates":[-119.26771695000002,45.91583559984655],"type":"Point"},"id":"fac_im3_building_00460070141","properties":{"county_fipses":["41059"],"data_status":"provisional_source_record","display_name":"Unnamed IM3 building 00460070141","entity_id":"fac_im3_building_00460070141","entity_type":"facility","footprint_sqft":2605.0,"geography_assignment_method":"point_in_polygon","primary_county_fips":"41059","release_vintage":"2026.02.09","source_layer":"building","source_name":null,"source_operator":null,"source_record_id":"00460070141","source_ref":null,"source_reported_county_fipses":["41059"]},"type":"Feature"},{"geometry":{"coordinates":[-119.26777584933069,45.91640356429687],"type":"Point"},"id":"fac_im3_building_00460070143","properties":{"county_fipses":["41059"],"data_status":"provisional_source_record","display_name":"Amazon PDX2","entity_id":"fac_im3_building_00460070143","entity_type":"facility","footprint_sqft":133053.0,"geography_assignment_method":"point_in_polygon","primary_county_fips":"41059","release_vintage":"2026.02.09","source_layer":"building","source_name":"Amazon PDX2","source_operator":"Amazon Web Services","source_record_id":"00460070143","source_ref":"PDX2","source_reported_county_fipses":["41059"]},"type":"Feature"},{"geometry":{"coordinates":[-119.65276874957645,45.841003193690035],"type":"Point"},"id":"fac_im3_building_00460070144","properties":{"county_fipses":["41049"],"data_status":"provisional_source_record","display_name":"Amazon Web Services us-west-2","entity_id":"fac_im3_building_00460070144","entity_type":"facility","footprint_sqft":127483.0,"geography_assignment_method":"point_in_polygon","primary_county_fips":"41049","release_vintage":"2026.02.09","source_layer":"building","source_name":"Amazon Web Services us-west-2","source_operator":"Amazon Web Services","source_record_id":"00460070144","source_ref":"PDX4","source_reported_county_fipses":["41049"]},"type":"Feature"},{"geometry":{"coordinates":[-119.62988821726834,45.85223533738975],"type":"Point"},"id":"fac_im3_building_00460070145","properties":{"county_fipses":["41049"],"data_status":"provisional_source_record","display_name":"Amazon Web Services us-west-2","entity_id":"fac_im3_building_00460070145","entity_type":"facility","footprint_sqft":267452.0,"geography_assignment_method":"point_in_polygon","primary_county_fips":"41049","release_vintage":"2026.02.09","source_layer":"building","source_name":"Amazon Web Services us-west-2","source_operator":"Amazon Web Services","source_record_id":"00460070145","source_ref":"PDX50/53","source_reported_county_fipses":["41049"]},"type":"Feature"},{"geometry":{"coordinates":[-119.63052370002721,45.850880751269834],"type":"Point"},"id":"fac_im3_building_00460070147","properties":{"county_fipses":["41049"],"data_status":"provisional_source_record","display_name":"Amazon Web Services us-west-2","entity_id":"fac_im3_building_00460070147","entity_type":"facility","footprint_sqft":103260.0,"geography_assignment_method":"point_in_polygon","primary_county_fips":"41049","release_vintage":"2026.02.09","source_layer":"building","source_name":"Amazon Web Services us-west-2","source_operator":"Amazon Web Services","source_record_id":"00460070147","source_ref":"PDX1","source_reported_county_fipses":["41049"]},"type":"Feature"},{"geometry":{"coordinates":[-121.88842909046676,37.38826955704538],"type":"Point"},"id":"fac_im3_building_00460076753","properties":{"county_fipses":["06085"],"data_status":"provisional_source_record","display_name":"Equinix San Jose SV3","entity_id":"fac_im3_building_00460076753","entity_type":"facility","footprint_sqft":109684.0,"geography_assignment_method":"point_in_polygon","primary_county_fips":"06085","release_vintage":"2026.02.09","source_layer":"building","source_name":"Equinix San Jose SV3","source_operator":"Equinix","source_record_id":"00460076753","source_ref":"SV3","source_reported_county_fipses":["06085"]},"type":"Feature"},{"geometry":{"coordinates":[-122.39046904827536,37.78873103633594],"type":"Point"},"id":"fac_im3_building_00460085343","properties":{"county_fipses":["06075"],"data_status":"provisional_source_record","display_name":"365 Main Street Data Center","entity_id":"fac_im3_building_00460085343","entity_type":"facility","footprint_sqft":39318.0,"geography_assignment_method":"point_in_polygon","primary_county_fips":"06075","release_vintage":"2026.02.09","source_layer":"building","source_name":"365 Main Street Data Center","source_operator":"Digital Realty","source_record_id":"00460085343","source_ref":null,"source_reported_county_fipses":["06075"]},"type":"Feature"},{"geometry":{"coordinates":[-81.82213877550394,35.314231256978196],"type":"Point"},"id":"fac_im3_building_00460089167","properties":{"county_fipses":["37161"],"data_status":"provisional_source_record","display_name":"Meta Forest City datacenter","entity_id":"fac_im3_building_00460089167","entity_type":"facility","footprint_sqft":241126.0,"geography_assignment_method":"point_in_polygon","primary_county_fips":"37161","release_vintage":"2026.02.09","source_layer":"building","source_name":"Meta Forest City datacenter","source_operator":"Meta","source_record_id":"00460089167","source_ref":"FRC","source_reported_county_fipses":["37161"]},"type":"Feature"},{"geometry":{"coordinates":[-81.82632689449466,35.31737236865609],"type":"Point"},"id":"fac_im3_building_00460089168","properties":{"county_fipses":["37161"],"data_status":"provisional_source_record","display_name":"Meta Forest City datacenter","entity_id":"fac_im3_building_00460089168","entity_type":"facility","footprint_sqft":244176.0,"geography_assignment_method":"point_in_polygon","primary_county_fips":"37161","release_vintage":"2026.02.09","source_layer":"building","source_name":"Meta Forest City datacenter","source_operator":"Meta","source_record_id":"00460089168","source_ref":"FRC","source_reported_county_fipses":["37161"]},"type":"Feature"},{"geometry":{"coordinates":[-121.88929689106432,37.40390424000007],"type":"Point"},"id":"fac_im3_building_00460159925","properties":{"county_fipses":["06085"],"data_status":"provisional_source_record","display_name":"NTT Limited","entity_id":"fac_im3_building_00460159925","entity_type":"facility","footprint_sqft":75249.0,"geography_assignment_method":"point_in_polygon","primary_county_fips":"06085","release_vintage":"2026.02.09","source_layer":"building","source_name":null,"source_operator":"NTT Limited","source_record_id":"00460159925","source_ref":null,"source_reported_county_fipses":["06085"]},"type":"Feature"},{"geometry":{"coordinates":[-121.96982954691394,37.37043804478318],"type":"Point"},"id":"fac_im3_building_00460159928","properties":{"county_fipses":["06085"],"data_status":"provisional_source_record","display_name":"Csquare SFO1","entity_id":"fac_im3_building_00460159928","entity_type":"facility","footprint_sqft":83921.0,"geography_assignment_method":"point_in_polygon","primary_county_fips":"06085","release_vintage":"2026.02.09","source_layer":"building","source_name":"Csquare SFO1","source_operator":"Csquare","source_record_id":"00460159928","source_ref":null,"source_reported_county_fipses":["06085"]},"type":"Feature"},{"geometry":{"coordinates":[-121.97250520730036,37.371778697164096],"type":"Point"},"id":"fac_im3_building_00460159955","properties":{"county_fipses":["06085"],"data_status":"provisional_source_record","display_name":"Vantage","entity_id":"fac_im3_building_00460159955","entity_type":"facility","footprint_sqft":75686.0,"geography_assignment_method":"point_in_polygon","primary_county_fips":"06085","release_vintage":"2026.02.09","source_layer":"building","source_name":null,"source_operator":"Vantage","source_record_id":"00460159955","source_ref":null,"source_reported_county_fipses":["06085"]},"type":"Feature"},{"geometry":{"coordinates":[-120.1874901793035,47.407163625794155],"type":"Point"},"id":"fac_im3_building_00460167186","properties":{"county_fipses":["53017"],"data_status":"provisional_source_record","display_name":"Intergate Columbia B","entity_id":"fac_im3_building_00460167186","entity_type":"facility","footprint_sqft":192887.0,"geography_assignment_method":"point_in_polygon","primary_county_fips":"53017","release_vintage":"2026.02.09","source_layer":"building","source_name":"Intergate Columbia B","source_operator":"Sabey Data Centers","source_record_id":"00460167186","source_ref":null,"source_reported_county_fipses":["53017"]},"type":"Feature"},{"geometry":{"coordinates":[-120.18929355566497,47.40871425585381],"type":"Point"},"id":"fac_im3_building_00460167187","properties":{"county_fipses":["53017"],"data_status":"provisional_source_record","display_name":"Intergate Columbia A","entity_id":"fac_im3_building_00460167187","entity_type":"facility","footprint_sqft":262378.0,"geography_assignment_method":"point_in_polygon","primary_county_fips":"53017","release_vintage":"2026.02.09","source_layer":"building","source_name":"Intergate Columbia A","source_operator":"Sabey Data Centers","source_record_id":"00460167187","source_ref":null,"source_reported_county_fipses":["53017"]},"type":"Feature"},{"geometry":{"coordinates":[-77.44818874268246,38.99422739840353],"type":"Point"},"id":"fac_im3_building_00460175664","properties":{"county_fipses":["51107"],"data_status":"provisional_source_record","display_name":"Unnamed IM3 building 00460175664","entity_id":"fac_im3_building_00460175664","entity_type":"facility","footprint_sqft":35740.0,"geography_assignment_method":"point_in_polygon","primary_county_fips":"51107","release_vintage":"2026.02.09","source_layer":"building","source_name":null,"source_operator":null,"source_record_id":"00460175664","source_ref":null,"source_reported_county_fipses":["51107"]},"type":"Feature"},{"geometry":{"coordinates":[-77.45274689712927,39.02173368633118],"type":"Point"},"id":"fac_im3_building_00460175666","properties":{"county_fipses":["51107"],"data_status":"provisional_source_record","display_name":"Centersquare IAD4-A","entity_id":"fac_im3_building_00460175666","entity_type":"facility","footprint_sqft":77749.0,"geography_assignment_method":"point_in_polygon","primary_county_fips":"51107","release_vintage":"2026.02.09","source_layer":"building","source_name":"Centersquare IAD4-A","source_operator":"Centersquare","source_record_id":"00460175666","source_ref":"IAD4-A","source_reported_county_fipses":["51107"]},"type":"Feature"},{"geometry":{"coordinates":[-77.48561242978808,39.005051586407944],"type":"Point"},"id":"fac_im3_building_00460175672","properties":{"county_fipses":["51107"],"data_status":"provisional_source_record","display_name":"AWS Building E","entity_id":"fac_im3_building_00460175672","entity_type":"facility","footprint_sqft":153355.0,"geography_assignment_method":"point_in_polygon","primary_county_fips":"51107","release_vintage":"2026.02.09","source_layer":"building","source_name":"AWS Building E","source_operator":"Amazon Web Services","source_record_id":"00460175672","source_ref":null,"source_reported_county_fipses":["51107"]},"type":"Feature"},{"geometry":{"coordinates":[-74.12674913164862,40.82992945585005],"type":"Point"},"id":"fac_im3_building_00460177088","properties":{"county_fipses":["34031"],"data_status":"provisional_source_record","display_name":"Digital Realty New Jersey EWR20","entity_id":"fac_im3_building_00460177088","entity_type":"facility","footprint_sqft":29614.0,"geography_assignment_method":"point_in_polygon","primary_county_fips":"34031","release_vintage":"2026.02.09","source_layer":"building","source_name":"Digital Realty New Jersey EWR20","source_operator":"Digital Realty","source_record_id":"00460177088","source_ref":"EWR20","source_reported_county_fipses":["34031"]},"type":"Feature"},{"geometry":{"coordinates":[-74.54565865822576,40.537986381868514],"type":"Point"},"id":"fac_im3_building_00460182320","properties":{"county_fipses":["34035"],"data_status":"provisional_source_record","display_name":"CyrusOne Somerset","entity_id":"fac_im3_building_00460182320","entity_type":"facility","footprint_sqft":318583.0,"geography_assignment_method":"point_in_polygon","primary_county_fips":"34035","release_vintage":"2026.02.09","source_layer":"building","source_name":"CyrusOne Somerset","source_operator":"CyrusOne","source_record_id":"00460182320","source_ref":null,"source_reported_county_fipses":["34035"]},"type":"Feature"},{"geometry":{"coordinates":[-74.5534089707814,40.53601964911133],"type":"Point"},"id":"fac_im3_building_00460182335","properties":{"county_fipses":["34035"],"data_status":"provisional_source_record","display_name":"BNY Mellon Somerset","entity_id":"fac_im3_building_00460182335","entity_type":"facility","footprint_sqft":121002.0,"geography_assignment_method":"point_in_polygon","primary_county_fips":"34035","release_vintage":"2026.02.09","source_layer":"building","source_name":"BNY Mellon Somerset","source_operator":null,"source_record_id":"00460182335","source_ref":null,"source_reported_county_fipses":["34035"]},"type":"Feature"},{"geometry":{"coordinates":[-74.55554039982248,40.537538352599995],"type":"Point"},"id":"fac_im3_building_00460182337","properties":{"county_fipses":["34035"],"data_status":"provisional_source_record","display_name":"Digital Realty","entity_id":"fac_im3_building_00460182337","entity_type":"facility","footprint_sqft":125668.0,"geography_assignment_method":"point_in_polygon","primary_county_fips":"34035","release_vintage":"2026.02.09","source_layer":"building","source_name":null,"source_operator":"Digital Realty","source_record_id":"00460182337","source_ref":null,"source_reported_county_fipses":["34035"]},"type":"Feature"},{"geometry":{"coordinates":[-74.12451439724033,40.83058580151704],"type":"Point"},"id":"fac_im3_building_00460182351","properties":{"county_fipses":["34031"],"data_status":"provisional_source_record","display_name":"Digital Realty New Jersey EWR21","entity_id":"fac_im3_building_00460182351","entity_type":"facility","footprint_sqft":71645.0,"geography_assignment_method":"point_in_polygon","primary_county_fips":"34031","release_vintage":"2026.02.09","source_layer":"building","source_name":"Digital Realty New Jersey EWR21","source_operator":"Digital Realty","source_record_id":"00460182351","source_ref":"EWR21","source_reported_county_fipses":["34031"]},"type":"Feature"},{"geometry":{"coordinates":[-118.34378887471212,34.19986910792885],"type":"Point"},"id":"fac_im3_building_00460212563","properties":{"county_fipses":["06037"],"data_status":"provisional_source_record","display_name":"Centurylink","entity_id":"fac_im3_building_00460212563","entity_type":"facility","footprint_sqft":43140.0,"geography_assignment_method":"point_in_polygon","primary_county_fips":"06037","release_vintage":"2026.02.09","source_layer":"building","source_name":null,"source_operator":"Centurylink","source_record_id":"00460212563","source_ref":null,"source_reported_county_fipses":["06037"]},"type":"Feature"},{"geometry":{"coordinates":[-77.44952022668694,39.026368042625414],"type":"Point"},"id":"fac_im3_building_00463571875","properties":{"county_fipses":["51107"],"data_status":"provisional_source_record","display_name":"Amazon IAD78","entity_id":"fac_im3_building_00463571875","entity_type":"facility","footprint_sqft":147979.0,"geography_assignment_method":"point_in_polygon","primary_county_fips":"51107","release_vintage":"2026.02.09","source_layer":"building","source_name":"Amazon IAD78","source_operator":"Amazon Web Services","source_record_id":"00463571875","source_ref":"IAD78","source_reported_county_fipses":["51107"]},"type":"Feature"},{"geometry":{"coordinates":[-77.45087034712718,39.026357370464034],"type":"Point"},"id":"fac_im3_building_00463571876","properties":{"county_fipses":["51107"],"data_status":"provisional_source_record","display_name":"Amazon IAD79","entity_id":"fac_im3_building_00463571876","entity_type":"facility","footprint_sqft":148678.0,"geography_assignment_method":"point_in_polygon","primary_county_fips":"51107","release_vintage":"2026.02.09","source_layer":"building","source_name":"Amazon IAD79","source_operator":"Amazon Web Services","source_record_id":"00463571876","source_ref":"IAD79","source_reported_county_fipses":["51107"]},"type":"Feature"},{"geometry":{"coordinates":[-119.54857352752407,39.56710538351869],"type":"Point"},"id":"fac_im3_building_00464097467","properties":{"county_fipses":["32031"],"data_status":"provisional_source_record","display_name":"Unnamed IM3 building 00464097467","entity_id":"fac_im3_building_00464097467","entity_type":"facility","footprint_sqft":276687.0,"geography_assignment_method":"point_in_polygon","primary_county_fips":"32031","release_vintage":"2026.02.09","source_layer":"building","source_name":null,"source_operator":null,"source_record_id":"00464097467","source_ref":null,"source_reported_county_fipses":["32031"]},"type":"Feature"},{"geometry":{"coordinates":[-122.2730981200017,38.254085135435545],"type":"Point"},"id":"fac_im3_building_00464371693","properties":{"county_fipses":["06055"],"data_status":"provisional_source_record","display_name":"Kaiser Data Center","entity_id":"fac_im3_building_00464371693","entity_type":"facility","footprint_sqft":162791.0,"geography_assignment_method":"point_in_polygon","primary_county_fips":"06055","release_vintage":"2026.02.09","source_layer":"building","source_name":"Kaiser Data Center","source_operator":null,"source_record_id":"00464371693","source_ref":null,"source_reported_county_fipses":["06055"]},"type":"Feature"},{"geometry":{"coordinates":[-96.86858877539873,32.806954885472585],"type":"Point"},"id":"fac_im3_building_00465032201","properties":{"county_fipses":["48113"],"data_status":"provisional_source_record","display_name":"Lumen Dallas - 3180 Irving Blvd.","entity_id":"fac_im3_building_00465032201","entity_type":"facility","footprint_sqft":80859.0,"geography_assignment_method":"point_in_polygon","primary_county_fips":"48113","release_vintage":"2026.02.09","source_layer":"building","source_name":"Lumen Dallas - 3180 Irving Blvd.","source_operator":"Lumen Technologies","source_record_id":"00465032201","source_ref":null,"source_reported_county_fipses":["48113"]},"type":"Feature"},{"geometry":{"coordinates":[-96.87839306215342,32.83796688361756],"type":"Point"},"id":"fac_im3_building_00465032380","properties":{"county_fipses":["48113"],"data_status":"provisional_source_record","display_name":"Prime DFW01-01","entity_id":"fac_im3_building_00465032380","entity_type":"facility","footprint_sqft":88881.0,"geography_assignment_method":"point_in_polygon","primary_county_fips":"48113","release_vintage":"2026.02.09","source_layer":"building","source_name":"Prime DFW01-01","source_operator":"Prime","source_record_id":"00465032380","source_ref":"DFW01-01","source_reported_county_fipses":["48113"]},"type":"Feature"},{"geometry":{"coordinates":[-96.88438205812223,32.82799793180718],"type":"Point"},"id":"fac_im3_building_00465032484","properties":{"county_fipses":["48113"],"data_status":"provisional_source_record","display_name":"Lumen Dallas 6","entity_id":"fac_im3_building_00465032484","entity_type":"facility","footprint_sqft":12977.0,"geography_assignment_method":"point_in_polygon","primary_county_fips":"48113","release_vintage":"2026.02.09","source_layer":"building","source_name":"Lumen Dallas 6","source_operator":"Lumen Technologies","source_record_id":"00465032484","source_ref":null,"source_reported_county_fipses":["48113"]},"type":"Feature"},{"geometry":{"coordinates":[-96.87374979541197,32.82754986077816],"type":"Point"},"id":"fac_im3_building_00465032487","properties":{"county_fipses":["48113"],"data_status":"provisional_source_record","display_name":"Digital Realty DFW36","entity_id":"fac_im3_building_00465032487","entity_type":"facility","footprint_sqft":24499.0,"geography_assignment_method":"point_in_polygon","primary_county_fips":"48113","release_vintage":"2026.02.09","source_layer":"building","source_name":"Digital Realty DFW36","source_operator":"Digital Realty","source_record_id":"00465032487","source_ref":"DFW36","source_reported_county_fipses":["48113"]},"type":"Feature"},{"geometry":{"coordinates":[-96.87359763406623,32.82173820429836],"type":"Point"},"id":"fac_im3_building_00465032631","properties":{"county_fipses":["48113"],"data_status":"provisional_source_record","display_name":"DataBank Dallas Empire Central Data Center","entity_id":"fac_im3_building_00465032631","entity_type":"facility","footprint_sqft":67717.0,"geography_assignment_method":"point_in_polygon","primary_county_fips":"48113","release_vintage":"2026.02.09","source_layer":"building","source_name":"DataBank Dallas Empire Central Data Center","source_operator":"DataBank","source_record_id":"00465032631","source_ref":null,"source_reported_county_fipses":["48113"]},"type":"Feature"},{"geometry":{"coordinates":[-96.85735461854576,32.807972677629614],"type":"Point"},"id":"fac_im3_building_00465042594","properties":{"county_fipses":["48113"],"data_status":"provisional_source_record","display_name":"TierPoint Dallas Data Center","entity_id":"fac_im3_building_00465042594","entity_type":"facility","footprint_sqft":71358.0,"geography_assignment_method":"point_in_polygon","primary_county_fips":"48113","release_vintage":"2026.02.09","source_layer":"building","source_name":"TierPoint Dallas Data Center","source_operator":"TierPoint","source_record_id":"00465042594","source_ref":null,"source_reported_county_fipses":["48113"]},"type":"Feature"},{"geometry":{"coordinates":[-77.44116774003697,38.99181366629844],"type":"Point"},"id":"fac_im3_building_00465062052","properties":{"county_fipses":["51107"],"data_status":"provisional_source_record","display_name":"Amazon IAD87","entity_id":"fac_im3_building_00465062052","entity_type":"facility","footprint_sqft":147390.0,"geography_assignment_method":"point_in_polygon","primary_county_fips":"51107","release_vintage":"2026.02.09","source_layer":"building","source_name":"Amazon IAD87","source_operator":"Amazon Web Services","source_record_id":"00465062052","source_ref":"IAD87","source_reported_county_fipses":["51107"]},"type":"Feature"},{"geometry":{"coordinates":[-77.44187048800238,38.99096434751658],"type":"Point"},"id":"fac_im3_building_00465062053","properties":{"county_fipses":["51107"],"data_status":"provisional_source_record","display_name":"Amazon IAD88","entity_id":"fac_im3_building_00465062053","entity_type":"facility","footprint_sqft":147468.0,"geography_assignment_method":"point_in_polygon","primary_county_fips":"51107","release_vintage":"2026.02.09","source_layer":"building","source_name":"Amazon IAD88","source_operator":"Amazon Web Services","source_record_id":"00465062053","source_ref":"IAD88","source_reported_county_fipses":["51107"]},"type":"Feature"},{"geometry":{"coordinates":[-104.87793294999813,39.58924804995954],"type":"Point"},"id":"fac_im3_building_00465530450","properties":{"county_fipses":["08005"],"data_status":"provisional_source_record","display_name":"Verizon","entity_id":"fac_im3_building_00465530450","entity_type":"facility","footprint_sqft":8059.0,"geography_assignment_method":"point_in_polygon","primary_county_fips":"08005","release_vintage":"2026.02.09","source_layer":"building","source_name":"Verizon","source_operator":"Verizon","source_record_id":"00465530450","source_ref":null,"source_reported_county_fipses":["08005"]},"type":"Feature"},{"geometry":{"coordinates":[-112.35998844515763,33.41949068772329],"type":"Point"},"id":"fac_im3_building_00468707940","properties":{"county_fipses":["04013"],"data_status":"provisional_source_record","display_name":"Stream Data Centers PHX-1","entity_id":"fac_im3_building_00468707940","entity_type":"facility","footprint_sqft":413250.0,"geography_assignment_method":"point_in_polygon","primary_county_fips":"04013","release_vintage":"2026.02.09","source_layer":"building","source_name":"Stream Data Centers PHX-1","source_operator":null,"source_record_id":"00468707940","source_ref":null,"source_reported_county_fipses":["04013"]},"type":"Feature"},{"geometry":{"coordinates":[-96.79457490220035,32.78371232090692],"type":"Point"},"id":"fac_im3_building_00471658485","properties":{"county_fipses":["48113"],"data_status":"provisional_source_record","display_name":"Live Oak Data Center","entity_id":"fac_im3_building_00471658485","entity_type":"facility","footprint_sqft":49853.0,"geography_assignment_method":"point_in_polygon","primary_county_fips":"48113","release_vintage":"2026.02.09","source_layer":"building","source_name":"Live Oak Data Center","source_operator":null,"source_record_id":"00471658485","source_ref":null,"source_reported_county_fipses":["48113"]},"type":"Feature"},{"geometry":{"coordinates":[-122.91709178475038,45.558285521867774],"type":"Point"},"id":"fac_im3_building_00471691760","properties":{"county_fipses":["41067"],"data_status":"provisional_source_record","display_name":"Flexential Portland - Hillsboro 2","entity_id":"fac_im3_building_00471691760","entity_type":"facility","footprint_sqft":214259.0,"geography_assignment_method":"point_in_polygon","primary_county_fips":"41067","release_vintage":"2026.02.09","source_layer":"building","source_name":"Flexential Portland - Hillsboro 2","source_operator":"Flexential","source_record_id":"00471691760","source_ref":null,"source_reported_county_fipses":["41067"]},"type":"Feature"},{"geometry":{"coordinates":[-74.15291807503208,41.078302339181775],"type":"Point"},"id":"fac_im3_building_00472761713","properties":{"county_fipses":["34003"],"data_status":"provisional_source_record","display_name":"NYSE Data Center","entity_id":"fac_im3_building_00472761713","entity_type":"facility","footprint_sqft":200804.0,"geography_assignment_method":"point_in_polygon","primary_county_fips":"34003","release_vintage":"2026.02.09","source_layer":"building","source_name":"NYSE Data Center","source_operator":"nyse","source_record_id":"00472761713","source_ref":null,"source_reported_county_fipses":["34003"]},"type":"Feature"},{"geometry":{"coordinates":[-118.11402444850229,34.57998399250564],"type":"Point"},"id":"fac_im3_building_00472954201","properties":{"county_fipses":["06037"],"data_status":"provisional_source_record","display_name":"AT&T","entity_id":"fac_im3_building_00472954201","entity_type":"facility","footprint_sqft":17388.0,"geography_assignment_method":"point_in_polygon","primary_county_fips":"06037","release_vintage":"2026.02.09","source_layer":"building","source_name":"AT&T","source_operator":null,"source_record_id":"00472954201","source_ref":null,"source_reported_county_fipses":["06037"]},"type":"Feature"},{"geometry":{"coordinates":[-104.52196604272531,38.80265970986479],"type":"Point"},"id":"fac_im3_building_00476609221","properties":{"county_fipses":["08041"],"data_status":"provisional_source_record","display_name":"Unnamed IM3 building 00476609221","entity_id":"fac_im3_building_00476609221","entity_type":"facility","footprint_sqft":42627.0,"geography_assignment_method":"point_in_polygon","primary_county_fips":"08041","release_vintage":"2026.02.09","source_layer":"building","source_name":null,"source_operator":null,"source_record_id":"00476609221","source_ref":"600","source_reported_county_fipses":["08041"]},"type":"Feature"},{"geometry":{"coordinates":[-122.76587362101382,45.31873065187943],"type":"Point"},"id":"fac_im3_building_00480762078","properties":{"county_fipses":["41005"],"data_status":"provisional_source_record","display_name":"Juniper","entity_id":"fac_im3_building_00480762078","entity_type":"facility","footprint_sqft":24854.0,"geography_assignment_method":"point_in_polygon","primary_county_fips":"41005","release_vintage":"2026.02.09","source_layer":"building","source_name":"Juniper","source_operator":null,"source_record_id":"00480762078","source_ref":null,"source_reported_county_fipses":["41005"]},"type":"Feature"},{"geometry":{"coordinates":[-96.6765444557892,33.00929860932998],"type":"Point"},"id":"fac_im3_building_00483286527","properties":{"county_fipses":["48085"],"data_status":"provisional_source_record","display_name":"Unnamed IM3 building 00483286527","entity_id":"fac_im3_building_00483286527","entity_type":"facility","footprint_sqft":108401.0,"geography_assignment_method":"point_in_polygon","primary_county_fips":"48085","release_vintage":"2026.02.09","source_layer":"building","source_name":null,"source_operator":null,"source_record_id":"00483286527","source_ref":null,"source_reported_county_fipses":["48085"]},"type":"Feature"},{"geometry":{"coordinates":[-96.65737558964423,33.137934223084564],"type":"Point"},"id":"fac_im3_building_00483307714","properties":{"county_fipses":["48085"],"data_status":"provisional_source_record","display_name":"Tierpoint Dallas-Allen","entity_id":"fac_im3_building_00483307714","entity_type":"facility","footprint_sqft":30651.0,"geography_assignment_method":"point_in_polygon","primary_county_fips":"48085","release_vintage":"2026.02.09","source_layer":"building","source_name":"Tierpoint Dallas-Allen","source_operator":null,"source_record_id":"00483307714","source_ref":null,"source_reported_county_fipses":["48085"]},"type":"Feature"},{"geometry":{"coordinates":[-95.86367622394388,30.018697853415755],"type":"Point"},"id":"fac_im3_building_00487170215","properties":{"county_fipses":["48201"],"data_status":"provisional_source_record","display_name":"DXC Technology","entity_id":"fac_im3_building_00487170215","entity_type":"facility","footprint_sqft":352246.0,"geography_assignment_method":"point_in_polygon","primary_county_fips":"48201","release_vintage":"2026.02.09","source_layer":"building","source_name":null,"source_operator":"DXC Technology","source_record_id":"00487170215","source_ref":null,"source_reported_county_fipses":["48201"]},"type":"Feature"},{"geometry":{"coordinates":[-77.55909921912577,38.77797945837826],"type":"Point"},"id":"fac_im3_building_00490997243","properties":{"county_fipses":["51153"],"data_status":"provisional_source_record","display_name":"Amazon IAD73","entity_id":"fac_im3_building_00490997243","entity_type":"facility","footprint_sqft":146162.0,"geography_assignment_method":"point_in_polygon","primary_county_fips":"51153","release_vintage":"2026.02.09","source_layer":"building","source_name":"Amazon IAD73","source_operator":"Amazon Web Services","source_record_id":"00490997243","source_ref":"IAD73","source_reported_county_fipses":["51153"]},"type":"Feature"},{"geometry":{"coordinates":[-77.55789122919084,38.777436934620916],"type":"Point"},"id":"fac_im3_building_00490997244","properties":{"county_fipses":["51153"],"data_status":"provisional_source_record","display_name":"Amazon IAD74","entity_id":"fac_im3_building_00490997244","entity_type":"facility","footprint_sqft":147480.0,"geography_assignment_method":"point_in_polygon","primary_county_fips":"51153","release_vintage":"2026.02.09","source_layer":"building","source_name":"Amazon IAD74","source_operator":"Amazon Web Services","source_record_id":"00490997244","source_ref":"IAD74","source_reported_county_fipses":["51153"]},"type":"Feature"},{"geometry":{"coordinates":[-81.6835984766603,41.50635749142958],"type":"Point"},"id":"fac_im3_building_00491914767","properties":{"county_fipses":["39035"],"data_status":"provisional_source_record","display_name":"H5 Data Center","entity_id":"fac_im3_building_00491914767","entity_type":"facility","footprint_sqft":71439.0,"geography_assignment_method":"point_in_polygon","primary_county_fips":"39035","release_vintage":"2026.02.09","source_layer":"building","source_name":"H5 Data Center","source_operator":null,"source_record_id":"00491914767","source_ref":null,"source_reported_county_fipses":["39035"]},"type":"Feature"},{"geometry":{"coordinates":[-117.84410419953558,33.70750645042811],"type":"Point"},"id":"fac_im3_building_00492699069","properties":{"county_fipses":["06059"],"data_status":"provisional_source_record","display_name":"TPx Colocation Datacenter","entity_id":"fac_im3_building_00492699069","entity_type":"facility","footprint_sqft":37065.0,"geography_assignment_method":"point_in_polygon","primary_county_fips":"06059","release_vintage":"2026.02.09","source_layer":"building","source_name":"TPx Colocation Datacenter","source_operator":"TPx Communications","source_record_id":"00492699069","source_ref":null,"source_reported_county_fipses":["06059"]},"type":"Feature"},{"geometry":{"coordinates":[-81.66242566977944,30.331429818851134],"type":"Point"},"id":"fac_im3_building_00497151852","properties":{"county_fipses":["12031"],"data_status":"provisional_source_record","display_name":"Cologix Jacksonville JAX1","entity_id":"fac_im3_building_00497151852","entity_type":"facility","footprint_sqft":30201.0,"geography_assignment_method":"point_in_polygon","primary_county_fips":"12031","release_vintage":"2026.02.09","source_layer":"building","source_name":"Cologix Jacksonville JAX1","source_operator":null,"source_record_id":"00497151852","source_ref":null,"source_reported_county_fipses":["12031"]},"type":"Feature"},{"geometry":{"coordinates":[-119.8874068597649,47.23948680981334],"type":"Point"},"id":"fac_im3_building_00499403180","properties":{"county_fipses":["53025"],"data_status":"provisional_source_record","display_name":"Microsoft","entity_id":"fac_im3_building_00499403180","entity_type":"facility","footprint_sqft":143439.0,"geography_assignment_method":"point_in_polygon","primary_county_fips":"53025","release_vintage":"2026.02.09","source_layer":"building","source_name":"Microsoft","source_operator":"Microsoft","source_record_id":"00499403180","source_ref":null,"source_reported_county_fipses":["53025"]},"type":"Feature"},{"geometry":{"coordinates":[-119.86445275389522,47.238560686211635],"type":"Point"},"id":"fac_im3_building_00499403698","properties":{"county_fipses":["53025"],"data_status":"provisional_source_record","display_name":"Unnamed IM3 building 00499403698","entity_id":"fac_im3_building_00499403698","entity_type":"facility","footprint_sqft":44446.0,"geography_assignment_method":"point_in_polygon","primary_county_fips":"53025","release_vintage":"2026.02.09","source_layer":"building","source_name":null,"source_operator":null,"source_record_id":"00499403698","source_ref":null,"source_reported_county_fipses":["53025"]},"type":"Feature"},{"geometry":{"coordinates":[-119.82542905367349,47.24760077002591],"type":"Point"},"id":"fac_im3_building_00499403699","properties":{"county_fipses":["53025"],"data_status":"provisional_source_record","display_name":"Unnamed IM3 building 00499403699","entity_id":"fac_im3_building_00499403699","entity_type":"facility","footprint_sqft":138534.0,"geography_assignment_method":"point_in_polygon","primary_county_fips":"53025","release_vintage":"2026.02.09","source_layer":"building","source_name":null,"source_operator":null,"source_record_id":"00499403699","source_ref":null,"source_reported_county_fipses":["53025"]},"type":"Feature"},{"geometry":{"coordinates":[-97.25934313221771,32.98378403788744],"type":"Point"},"id":"fac_im3_building_00500820007","properties":{"county_fipses":["48439"],"data_status":"provisional_source_record","display_name":"Facebook Fort Worth Datacenter","entity_id":"fac_im3_building_00500820007","entity_type":"facility","footprint_sqft":634395.0,"geography_assignment_method":"point_in_polygon","primary_county_fips":"48439","release_vintage":"2026.02.09","source_layer":"building","source_name":"Facebook Fort Worth Datacenter","source_operator":"Meta","source_record_id":"00500820007","source_ref":null,"source_reported_county_fipses":["48439"]},"type":"Feature"},{"geometry":{"coordinates":[-94.77028959106379,38.92517007028676],"type":"Point"},"id":"fac_im3_building_00502927599","properties":{"county_fipses":["20091"],"data_status":"provisional_source_record","display_name":"Data Center Lenexa","entity_id":"fac_im3_building_00502927599","entity_type":"facility","footprint_sqft":44552.0,"geography_assignment_method":"point_in_polygon","primary_county_fips":"20091","release_vintage":"2026.02.09","source_layer":"building","source_name":"Data Center Lenexa","source_operator":null,"source_record_id":"00502927599","source_ref":null,"source_reported_county_fipses":["20091"]},"type":"Feature"},{"geometry":{"coordinates":[-97.24529013457189,33.00638147848431],"type":"Point"},"id":"fac_im3_building_00507673418","properties":{"county_fipses":["48121"],"data_status":"provisional_source_record","display_name":"CITIGROUP TECHNOLOGY INC","entity_id":"fac_im3_building_00507673418","entity_type":"facility","footprint_sqft":242536.0,"geography_assignment_method":"point_in_polygon","primary_county_fips":"48121","release_vintage":"2026.02.09","source_layer":"building","source_name":"CITIGROUP TECHNOLOGY INC","source_operator":null,"source_record_id":"00507673418","source_ref":null,"source_reported_county_fipses":["48121"]},"type":"Feature"},{"geometry":{"coordinates":[-97.25920173475927,32.98885535912591],"type":"Point"},"id":"fac_im3_building_00507673437","properties":{"county_fipses":["48439"],"data_status":"provisional_source_record","display_name":"QTS Data Center","entity_id":"fac_im3_building_00507673437","entity_type":"facility","footprint_sqft":277996.0,"geography_assignment_method":"point_in_polygon","primary_county_fips":"48439","release_vintage":"2026.02.09","source_layer":"building","source_name":"QTS Data Center","source_operator":"Quality Technology Services","source_record_id":"00507673437","source_ref":null,"source_reported_county_fipses":["48439"]},"type":"Feature"},{"geometry":{"coordinates":[-98.68954665082217,29.472846040284345],"type":"Point"},"id":"fac_im3_building_00509611423","properties":{"county_fipses":["48029"],"data_status":"provisional_source_record","display_name":"Lowe's Data Center","entity_id":"fac_im3_building_00509611423","entity_type":"facility","footprint_sqft":55066.0,"geography_assignment_method":"point_in_polygon","primary_county_fips":"48029","release_vintage":"2026.02.09","source_layer":"building","source_name":"Lowe's Data Center","source_operator":"Lowe's","source_record_id":"00509611423","source_ref":null,"source_reported_county_fipses":["48029"]},"type":"Feature"},{"geometry":{"coordinates":[-98.68620953197289,29.470344479093157],"type":"Point"},"id":"fac_im3_building_00509611426","properties":{"county_fipses":["48029"],"data_status":"provisional_source_record","display_name":"CHRISTUS Health","entity_id":"fac_im3_building_00509611426","entity_type":"facility","footprint_sqft":48815.0,"geography_assignment_method":"point_in_polygon","primary_county_fips":"48029","release_vintage":"2026.02.09","source_layer":"building","source_name":null,"source_operator":"CHRISTUS Health","source_record_id":"00509611426","source_ref":null,"source_reported_county_fipses":["48029"]},"type":"Feature"},{"geometry":{"coordinates":[-98.68765019924955,29.470223440456333],"type":"Point"},"id":"fac_im3_building_00509611429","properties":{"county_fipses":["48029"],"data_status":"provisional_source_record","display_name":"Frost Bank","entity_id":"fac_im3_building_00509611429","entity_type":"facility","footprint_sqft":68591.0,"geography_assignment_method":"point_in_polygon","primary_county_fips":"48029","release_vintage":"2026.02.09","source_layer":"building","source_name":null,"source_operator":"Frost Bank","source_record_id":"00509611429","source_ref":null,"source_reported_county_fipses":["48029"]},"type":"Feature"},{"geometry":{"coordinates":[-98.68811007066918,29.46655501468974],"type":"Point"},"id":"fac_im3_building_00509611432","properties":{"county_fipses":["48029"],"data_status":"provisional_source_record","display_name":"CyrusOne San Antonio I","entity_id":"fac_im3_building_00509611432","entity_type":"facility","footprint_sqft":102327.0,"geography_assignment_method":"point_in_polygon","primary_county_fips":"48029","release_vintage":"2026.02.09","source_layer":"building","source_name":"CyrusOne San Antonio I","source_operator":"CyrusOne","source_record_id":"00509611432","source_ref":null,"source_reported_county_fipses":["48029"]},"type":"Feature"},{"geometry":{"coordinates":[-98.68006447609893,29.474285413407838],"type":"Point"},"id":"fac_im3_building_00509611436","properties":{"county_fipses":["48029"],"data_status":"provisional_source_record","display_name":"Valero Wiserman","entity_id":"fac_im3_building_00509611436","entity_type":"facility","footprint_sqft":58304.0,"geography_assignment_method":"point_in_polygon","primary_county_fips":"48029","release_vintage":"2026.02.09","source_layer":"building","source_name":"Valero Wiserman","source_operator":"Valero","source_record_id":"00509611436","source_ref":null,"source_reported_county_fipses":["48029"]},"type":"Feature"},{"geometry":{"coordinates":[-98.67173678230641,29.472016548814928],"type":"Point"},"id":"fac_im3_building_00509611437","properties":{"county_fipses":["48029"],"data_status":"provisional_source_record","display_name":"Stream San Antonio II","entity_id":"fac_im3_building_00509611437","entity_type":"facility","footprint_sqft":71324.0,"geography_assignment_method":"point_in_polygon","primary_county_fips":"48029","release_vintage":"2026.02.09","source_layer":"building","source_name":"Stream San Antonio II","source_operator":null,"source_record_id":"00509611437","source_ref":null,"source_reported_county_fipses":["48029"]},"type":"Feature"},{"geometry":{"coordinates":[-98.67299896081857,29.47084945067936],"type":"Point"},"id":"fac_im3_building_00509611438","properties":{"county_fipses":["48029"],"data_status":"provisional_source_record","display_name":"CyrusOne San Antonio II","entity_id":"fac_im3_building_00509611438","entity_type":"facility","footprint_sqft":108554.0,"geography_assignment_method":"point_in_polygon","primary_county_fips":"48029","release_vintage":"2026.02.09","source_layer":"building","source_name":"CyrusOne San Antonio II","source_operator":"CyrusOne","source_record_id":"00509611438","source_ref":null,"source_reported_county_fipses":["48029"]},"type":"Feature"},{"geometry":{"coordinates":[-98.67219273225999,29.47004426742346],"type":"Point"},"id":"fac_im3_building_00509611439","properties":{"county_fipses":["48029"],"data_status":"provisional_source_record","display_name":"CyrusOne San Antonio III","entity_id":"fac_im3_building_00509611439","entity_type":"facility","footprint_sqft":100537.0,"geography_assignment_method":"point_in_polygon","primary_county_fips":"48029","release_vintage":"2026.02.09","source_layer":"building","source_name":"CyrusOne San Antonio III","source_operator":"CyrusOne","source_record_id":"00509611439","source_ref":null,"source_reported_county_fipses":["48029"]},"type":"Feature"},{"geometry":{"coordinates":[-80.91620847296733,35.142789017171076],"type":"Point"},"id":"fac_im3_building_00516686211","properties":{"county_fipses":["37119"],"data_status":"provisional_source_record","display_name":"Spectrum Charlotte National Data Center","entity_id":"fac_im3_building_00516686211","entity_type":"facility","footprint_sqft":93604.0,"geography_assignment_method":"point_in_polygon","primary_county_fips":"37119","release_vintage":"2026.02.09","source_layer":"building","source_name":"Spectrum Charlotte National Data Center","source_operator":null,"source_record_id":"00516686211","source_ref":null,"source_reported_county_fipses":["37119"]},"type":"Feature"},{"geometry":{"coordinates":[-120.87012500756974,44.28888249144302],"type":"Point"},"id":"fac_im3_building_00517411076","properties":{"county_fipses":["41013"],"data_status":"provisional_source_record","display_name":"Unnamed IM3 building 00517411076","entity_id":"fac_im3_building_00517411076","entity_type":"facility","footprint_sqft":377457.0,"geography_assignment_method":"point_in_polygon","primary_county_fips":"41013","release_vintage":"2026.02.09","source_layer":"building","source_name":null,"source_operator":null,"source_record_id":"00517411076","source_ref":null,"source_reported_county_fipses":["41013"]},"type":"Feature"},{"geometry":{"coordinates":[-82.35116156727058,27.94553184264413],"type":"Point"},"id":"fac_im3_building_00523886201","properties":{"county_fipses":["12057"],"data_status":"provisional_source_record","display_name":"Cyxtera Tampa TP1","entity_id":"fac_im3_building_00523886201","entity_type":"facility","footprint_sqft":97332.0,"geography_assignment_method":"point_in_polygon","primary_county_fips":"12057","release_vintage":"2026.02.09","source_layer":"building","source_name":"Cyxtera Tampa TP1","source_operator":"Cyxtera","source_record_id":"00523886201","source_ref":"TPA1","source_reported_county_fipses":["12057"]},"type":"Feature"},{"geometry":{"coordinates":[-96.98278763369082,32.89728320232041],"type":"Point"},"id":"fac_im3_building_00526806006","properties":{"county_fipses":["48113"],"data_status":"provisional_source_record","display_name":"QTS Irving - Dallas Data Center Campus","entity_id":"fac_im3_building_00526806006","entity_type":"facility","footprint_sqft":306213.0,"geography_assignment_method":"point_in_polygon","primary_county_fips":"48113","release_vintage":"2026.02.09","source_layer":"building","source_name":"QTS Irving - Dallas Data Center Campus","source_operator":"Quality Technology Services","source_record_id":"00526806006","source_ref":"DAL10","source_reported_county_fipses":["48113"]},"type":"Feature"},{"geometry":{"coordinates":[-88.09488558888414,41.80234062646393],"type":"Point"},"id":"fac_im3_building_00530024353","properties":{"county_fipses":["17043"],"data_status":"provisional_source_record","display_name":"Centersquare Lisle ORD4 Data Center","entity_id":"fac_im3_building_00530024353","entity_type":"facility","footprint_sqft":361205.0,"geography_assignment_method":"point_in_polygon","primary_county_fips":"17043","release_vintage":"2026.02.09","source_layer":"building","source_name":"Centersquare Lisle ORD4 Data Center","source_operator":"Centersquare","source_record_id":"00530024353","source_ref":"ORD4","source_reported_county_fipses":["17043"]},"type":"Feature"},{"geometry":{"coordinates":[-111.83930897383503,33.36191382983084],"type":"Point"},"id":"fac_im3_building_00530982335","properties":{"county_fipses":["04013"],"data_status":"provisional_source_record","display_name":"GoDaddy - Gilbert","entity_id":"fac_im3_building_00530982335","entity_type":"facility","footprint_sqft":91811.0,"geography_assignment_method":"point_in_polygon","primary_county_fips":"04013","release_vintage":"2026.02.09","source_layer":"building","source_name":"GoDaddy - Gilbert","source_operator":null,"source_record_id":"00530982335","source_ref":null,"source_reported_county_fipses":["04013"]},"type":"Feature"},{"geometry":{"coordinates":[-117.15894804229632,32.74757512655355],"type":"Point"},"id":"fac_im3_building_00531709017","properties":{"county_fipses":["06073"],"data_status":"provisional_source_record","display_name":"AT&T Center","entity_id":"fac_im3_building_00531709017","entity_type":"facility","footprint_sqft":88910.0,"geography_assignment_method":"point_in_polygon","primary_county_fips":"06073","release_vintage":"2026.02.09","source_layer":"building","source_name":"AT&T Center","source_operator":"American Telephone & Telegraph","source_record_id":"00531709017","source_ref":null,"source_reported_county_fipses":["06073"]},"type":"Feature"},{"geometry":{"coordinates":[-86.76414722152771,36.14048086552297],"type":"Point"},"id":"fac_im3_building_00533842335","properties":{"county_fipses":["47037"],"data_status":"provisional_source_record","display_name":"Unnamed IM3 building 00533842335","entity_id":"fac_im3_building_00533842335","entity_type":"facility","footprint_sqft":10355.0,"geography_assignment_method":"point_in_polygon","primary_county_fips":"47037","release_vintage":"2026.02.09","source_layer":"building","source_name":null,"source_operator":null,"source_record_id":"00533842335","source_ref":null,"source_reported_county_fipses":["47037"]},"type":"Feature"},{"geometry":{"coordinates":[-84.38373631254974,33.76514415943699],"type":"Point"},"id":"fac_im3_building_00536784688","properties":{"county_fipses":["13121"],"data_status":"provisional_source_record","display_name":"CenturyLink","entity_id":"fac_im3_building_00536784688","entity_type":"facility","footprint_sqft":23046.0,"geography_assignment_method":"point_in_polygon","primary_county_fips":"13121","release_vintage":"2026.02.09","source_layer":"building","source_name":"CenturyLink","source_operator":null,"source_record_id":"00536784688","source_ref":"CenturyLink","source_reported_county_fipses":["13121"]},"type":"Feature"},{"geometry":{"coordinates":[-104.8980886,41.124032949239215],"type":"Point"},"id":"fac_im3_building_00537172525","properties":{"county_fipses":["56021"],"data_status":"provisional_source_record","display_name":"Unnamed IM3 building 00537172525","entity_id":"fac_im3_building_00537172525","entity_type":"facility","footprint_sqft":62914.0,"geography_assignment_method":"point_in_polygon","primary_county_fips":"56021","release_vintage":"2026.02.09","source_layer":"building","source_name":null,"source_operator":null,"source_record_id":"00537172525","source_ref":null,"source_reported_county_fipses":["56021"]},"type":"Feature"},{"geometry":{"coordinates":[-104.8992687499629,41.124036799320784],"type":"Point"},"id":"fac_im3_building_00537172526","properties":{"county_fipses":["56021"],"data_status":"provisional_source_record","display_name":"Unnamed IM3 building 00537172526","entity_id":"fac_im3_building_00537172526","entity_type":"facility","footprint_sqft":67797.0,"geography_assignment_method":"point_in_polygon","primary_county_fips":"56021","release_vintage":"2026.02.09","source_layer":"building","source_name":null,"source_operator":null,"source_record_id":"00537172526","source_ref":null,"source_reported_county_fipses":["56021"]},"type":"Feature"},{"geometry":{"coordinates":[-104.89927145,41.12528359932865],"type":"Point"},"id":"fac_im3_building_00537172527","properties":{"county_fipses":["56021"],"data_status":"provisional_source_record","display_name":"Unnamed IM3 building 00537172527","entity_id":"fac_im3_building_00537172527","entity_type":"facility","footprint_sqft":62555.0,"geography_assignment_method":"point_in_polygon","primary_county_fips":"56021","release_vintage":"2026.02.09","source_layer":"building","source_name":null,"source_operator":null,"source_record_id":"00537172527","source_ref":null,"source_reported_county_fipses":["56021"]},"type":"Feature"},{"geometry":{"coordinates":[-104.89808331876364,41.12528676311575],"type":"Point"},"id":"fac_im3_building_00537172528","properties":{"county_fipses":["56021"],"data_status":"provisional_source_record","display_name":"Unnamed IM3 building 00537172528","entity_id":"fac_im3_building_00537172528","entity_type":"facility","footprint_sqft":63264.0,"geography_assignment_method":"point_in_polygon","primary_county_fips":"56021","release_vintage":"2026.02.09","source_layer":"building","source_name":null,"source_operator":null,"source_record_id":"00537172528","source_ref":null,"source_reported_county_fipses":["56021"]},"type":"Feature"},{"geometry":{"coordinates":[-80.04253151075422,40.42737727783291],"type":"Point"},"id":"fac_im3_building_00537807168","properties":{"county_fipses":["42003"],"data_status":"provisional_source_record","display_name":"Expedient Pittsburgh South","entity_id":"fac_im3_building_00537807168","entity_type":"facility","footprint_sqft":27441.0,"geography_assignment_method":"point_in_polygon","primary_county_fips":"42003","release_vintage":"2026.02.09","source_layer":"building","source_name":"Expedient Pittsburgh South","source_operator":"Expedient","source_record_id":"00537807168","source_ref":null,"source_reported_county_fipses":["42003"]},"type":"Feature"},{"geometry":{"coordinates":[-111.85899423023753,33.421284262350255],"type":"Point"},"id":"fac_im3_building_00543117031","properties":{"county_fipses":["04013"],"data_status":"provisional_source_record","display_name":"Centersquare: Phoenix - (PHX1 - Mesa)","entity_id":"fac_im3_building_00543117031","entity_type":"facility","footprint_sqft":57992.0,"geography_assignment_method":"point_in_polygon","primary_county_fips":"04013","release_vintage":"2026.02.09","source_layer":"building","source_name":"Centersquare: Phoenix - (PHX1 - Mesa)","source_operator":"Centersquare","source_record_id":"00543117031","source_ref":null,"source_reported_county_fipses":["04013"]},"type":"Feature"},{"geometry":{"coordinates":[-95.56325379028314,29.99520064778405],"type":"Point"},"id":"fac_im3_building_00543316327","properties":{"county_fipses":["48201"],"data_status":"provisional_source_record","display_name":"DXC Technology","entity_id":"fac_im3_building_00543316327","entity_type":"facility","footprint_sqft":264173.0,"geography_assignment_method":"point_in_polygon","primary_county_fips":"48201","release_vintage":"2026.02.09","source_layer":"building","source_name":null,"source_operator":"DXC Technology","source_record_id":"00543316327","source_ref":null,"source_reported_county_fipses":["48201"]},"type":"Feature"},{"geometry":{"coordinates":[-95.56398536553905,29.997307161324283],"type":"Point"},"id":"fac_im3_building_00543404966","properties":{"county_fipses":["48201"],"data_status":"provisional_source_record","display_name":"DXC Technology","entity_id":"fac_im3_building_00543404966","entity_type":"facility","footprint_sqft":113970.0,"geography_assignment_method":"point_in_polygon","primary_county_fips":"48201","release_vintage":"2026.02.09","source_layer":"building","source_name":null,"source_operator":"DXC Technology","source_record_id":"00543404966","source_ref":null,"source_reported_county_fipses":["48201"]},"type":"Feature"},{"geometry":{"coordinates":[-84.64299464110024,42.687951324568324],"type":"Point"},"id":"fac_im3_building_00544536822","properties":{"county_fipses":["26045"],"data_status":"provisional_source_record","display_name":"Liquid Web","entity_id":"fac_im3_building_00544536822","entity_type":"facility","footprint_sqft":23079.0,"geography_assignment_method":"point_in_polygon","primary_county_fips":"26045","release_vintage":"2026.02.09","source_layer":"building","source_name":"Liquid Web","source_operator":null,"source_record_id":"00544536822","source_ref":null,"source_reported_county_fipses":["26045"]},"type":"Feature"},{"geometry":{"coordinates":[-77.49325147292357,38.9168847531172],"type":"Point"},"id":"fac_im3_building_00544596573","properties":{"county_fipses":["51107"],"data_status":"provisional_source_record","display_name":"Amazon IAD63","entity_id":"fac_im3_building_00544596573","entity_type":"facility","footprint_sqft":143980.0,"geography_assignment_method":"point_in_polygon","primary_county_fips":"51107","release_vintage":"2026.02.09","source_layer":"building","source_name":"Amazon IAD63","source_operator":"Amazon Web Services","source_record_id":"00544596573","source_ref":"IAD63","source_reported_county_fipses":["51107"]},"type":"Feature"},{"geometry":{"coordinates":[-84.66608910001226,42.70539040001097],"type":"Point"},"id":"fac_im3_building_00545060574","properties":{"county_fipses":["26045"],"data_status":"provisional_source_record","display_name":"Liquid Web, Inc","entity_id":"fac_im3_building_00545060574","entity_type":"facility","footprint_sqft":72843.0,"geography_assignment_method":"point_in_polygon","primary_county_fips":"26045","release_vintage":"2026.02.09","source_layer":"building","source_name":"Liquid Web, Inc","source_operator":null,"source_record_id":"00545060574","source_ref":null,"source_reported_county_fipses":["26045"]},"type":"Feature"},{"geometry":{"coordinates":[-77.51987469094145,38.94932164782646],"type":"Point"},"id":"fac_im3_building_00545396372","properties":{"county_fipses":["51107"],"data_status":"provisional_source_record","display_name":"Amazon IAD62","entity_id":"fac_im3_building_00545396372","entity_type":"facility","footprint_sqft":149941.0,"geography_assignment_method":"point_in_polygon","primary_county_fips":"51107","release_vintage":"2026.02.09","source_layer":"building","source_name":"Amazon IAD62","source_operator":"Amazon Web Services","source_record_id":"00545396372","source_ref":"IAD62","source_reported_county_fipses":["51107"]},"type":"Feature"},{"geometry":{"coordinates":[-84.67590752731094,34.0707036329806],"type":"Point"},"id":"fac_im3_building_00545704217","properties":{"county_fipses":["13067"],"data_status":"provisional_source_record","display_name":"Unnamed IM3 building 00545704217","entity_id":"fac_im3_building_00545704217","entity_type":"facility","footprint_sqft":18558.0,"geography_assignment_method":"point_in_polygon","primary_county_fips":"13067","release_vintage":"2026.02.09","source_layer":"building","source_name":null,"source_operator":null,"source_record_id":"00545704217","source_ref":null,"source_reported_county_fipses":["13067"]},"type":"Feature"},{"geometry":{"coordinates":[-96.79470699634727,43.59991456599551],"type":"Point"},"id":"fac_im3_building_00545895086","properties":{"county_fipses":["46099"],"data_status":"provisional_source_record","display_name":"ADP South Dakota","entity_id":"fac_im3_building_00545895086","entity_type":"facility","footprint_sqft":243125.0,"geography_assignment_method":"point_in_polygon","primary_county_fips":"46099","release_vintage":"2026.02.09","source_layer":"building","source_name":"ADP South Dakota","source_operator":null,"source_record_id":"00545895086","source_ref":null,"source_reported_county_fipses":["46099"]},"type":"Feature"},{"geometry":{"coordinates":[-82.81062585456809,40.10386011394031],"type":"Point"},"id":"fac_im3_building_00547156394","properties":{"county_fipses":["39049"],"data_status":"provisional_source_record","display_name":"TJX Corporate Techno","entity_id":"fac_im3_building_00547156394","entity_type":"facility","footprint_sqft":102681.0,"geography_assignment_method":"point_in_polygon","primary_county_fips":"39049","release_vintage":"2026.02.09","source_layer":"building","source_name":"TJX Corporate Techno","source_operator":null,"source_record_id":"00547156394","source_ref":null,"source_reported_county_fipses":["39049"]},"type":"Feature"},{"geometry":{"coordinates":[-82.80494540049781,40.104550038254644],"type":"Point"},"id":"fac_im3_building_00547156405","properties":{"county_fipses":["39049"],"data_status":"provisional_source_record","display_name":"Compugen New Albany","entity_id":"fac_im3_building_00547156405","entity_type":"facility","footprint_sqft":44250.0,"geography_assignment_method":"point_in_polygon","primary_county_fips":"39049","release_vintage":"2026.02.09","source_layer":"building","source_name":"Compugen New Albany","source_operator":null,"source_record_id":"00547156405","source_ref":null,"source_reported_county_fipses":["39049"]},"type":"Feature"},{"geometry":{"coordinates":[-82.80893932428502,40.10367720079985],"type":"Point"},"id":"fac_im3_building_00547277699","properties":{"county_fipses":["39049"],"data_status":"provisional_source_record","display_name":"Compugen New Albany","entity_id":"fac_im3_building_00547277699","entity_type":"facility","footprint_sqft":32222.0,"geography_assignment_method":"point_in_polygon","primary_county_fips":"39049","release_vintage":"2026.02.09","source_layer":"building","source_name":"Compugen New Albany","source_operator":null,"source_record_id":"00547277699","source_ref":null,"source_reported_county_fipses":["39049"]},"type":"Feature"},{"geometry":{"coordinates":[-96.7525015956488,32.99481331799373],"type":"Point"},"id":"fac_im3_building_00548184239","properties":{"county_fipses":["48085"],"data_status":"provisional_source_record","display_name":"Flexential Dallas - Richardson","entity_id":"fac_im3_building_00548184239","entity_type":"facility","footprint_sqft":68520.0,"geography_assignment_method":"point_in_polygon","primary_county_fips":"48085","release_vintage":"2026.02.09","source_layer":"building","source_name":"Flexential Dallas - Richardson","source_operator":"Flexential","source_record_id":"00548184239","source_ref":null,"source_reported_county_fipses":["48085"]},"type":"Feature"},{"geometry":{"coordinates":[-96.72550500041572,33.17179580069162],"type":"Point"},"id":"fac_im3_building_00549418041","properties":{"county_fipses":["48085"],"data_status":"provisional_source_record","display_name":"Experian McKinney Data Center","entity_id":"fac_im3_building_00549418041","entity_type":"facility","footprint_sqft":76624.0,"geography_assignment_method":"point_in_polygon","primary_county_fips":"48085","release_vintage":"2026.02.09","source_layer":"building","source_name":"Experian McKinney Data Center","source_operator":null,"source_record_id":"00549418041","source_ref":null,"source_reported_county_fipses":["48085"]},"type":"Feature"},{"geometry":{"coordinates":[-83.00256546104873,40.115717015784234],"type":"Point"},"id":"fac_im3_building_00551387747","properties":{"county_fipses":["39049"],"data_status":"provisional_source_record","display_name":"Unnamed IM3 building 00551387747","entity_id":"fac_im3_building_00551387747","entity_type":"facility","footprint_sqft":56266.0,"geography_assignment_method":"point_in_polygon","primary_county_fips":"39049","release_vintage":"2026.02.09","source_layer":"building","source_name":null,"source_operator":null,"source_record_id":"00551387747","source_ref":null,"source_reported_county_fipses":["39049"]},"type":"Feature"},{"geometry":{"coordinates":[-121.89338203369857,37.40255873642884],"type":"Point"},"id":"fac_im3_building_00553223628","properties":{"county_fipses":["06085"],"data_status":"provisional_source_record","display_name":"Stack Infrastructure","entity_id":"fac_im3_building_00553223628","entity_type":"facility","footprint_sqft":78105.0,"geography_assignment_method":"point_in_polygon","primary_county_fips":"06085","release_vintage":"2026.02.09","source_layer":"building","source_name":"Stack Infrastructure","source_operator":"Stack Infrastructure","source_record_id":"00553223628","source_ref":null,"source_reported_county_fipses":["06085"]},"type":"Feature"},{"geometry":{"coordinates":[-121.89238428102912,37.402212525793644],"type":"Point"},"id":"fac_im3_building_00553223629","properties":{"county_fipses":["06085"],"data_status":"provisional_source_record","display_name":"Stack Infrastructure","entity_id":"fac_im3_building_00553223629","entity_type":"facility","footprint_sqft":107993.0,"geography_assignment_method":"point_in_polygon","primary_county_fips":"06085","release_vintage":"2026.02.09","source_layer":"building","source_name":"Stack Infrastructure","source_operator":"Stack Infrastructure","source_record_id":"00553223629","source_ref":null,"source_reported_county_fipses":["06085"]},"type":"Feature"},{"geometry":{"coordinates":[-92.28862384290709,38.9235119701765],"type":"Point"},"id":"fac_im3_building_00553884511","properties":{"county_fipses":["29019"],"data_status":"provisional_source_record","display_name":"Carfax","entity_id":"fac_im3_building_00553884511","entity_type":"facility","footprint_sqft":39487.0,"geography_assignment_method":"point_in_polygon","primary_county_fips":"29019","release_vintage":"2026.02.09","source_layer":"building","source_name":"Carfax","source_operator":null,"source_record_id":"00553884511","source_ref":null,"source_reported_county_fipses":["29019"]},"type":"Feature"},{"geometry":{"coordinates":[-93.50646556541807,41.667071422446156],"type":"Point"},"id":"fac_im3_building_00556564909","properties":{"county_fipses":["19153"],"data_status":"provisional_source_record","display_name":"Facebook Altoona Data Center 3","entity_id":"fac_im3_building_00556564909","entity_type":"facility","footprint_sqft":377755.0,"geography_assignment_method":"point_in_polygon","primary_county_fips":"19153","release_vintage":"2026.02.09","source_layer":"building","source_name":"Facebook Altoona Data Center 3","source_operator":"Meta","source_record_id":"00556564909","source_ref":null,"source_reported_county_fipses":["19153"]},"type":"Feature"},{"geometry":{"coordinates":[-77.4575028799799,39.02790807231044],"type":"Point"},"id":"fac_im3_building_00556599693","properties":{"county_fipses":["51107"],"data_status":"provisional_source_record","display_name":"Amazon IAD71","entity_id":"fac_im3_building_00556599693","entity_type":"facility","footprint_sqft":121176.0,"geography_assignment_method":"point_in_polygon","primary_county_fips":"51107","release_vintage":"2026.02.09","source_layer":"building","source_name":"Amazon IAD71","source_operator":"Amazon Web Services","source_record_id":"00556599693","source_ref":"IAD71","source_reported_county_fipses":["51107"]},"type":"Feature"},{"geometry":{"coordinates":[-77.45968288935686,39.02956976120693],"type":"Point"},"id":"fac_im3_building_00556599694","properties":{"county_fipses":["51107"],"data_status":"provisional_source_record","display_name":"Amazon IAD50","entity_id":"fac_im3_building_00556599694","entity_type":"facility","footprint_sqft":202194.0,"geography_assignment_method":"point_in_polygon","primary_county_fips":"51107","release_vintage":"2026.02.09","source_layer":"building","source_name":"Amazon IAD50","source_operator":"Amazon Web Services","source_record_id":"00556599694","source_ref":"IAD50","source_reported_county_fipses":["51107"]},"type":"Feature"},{"geometry":{"coordinates":[-77.4582461041282,39.02877370248201],"type":"Point"},"id":"fac_im3_building_00556599695","properties":{"county_fipses":["51107"],"data_status":"provisional_source_record","display_name":"Amazon IAD60","entity_id":"fac_im3_building_00556599695","entity_type":"facility","footprint_sqft":110965.0,"geography_assignment_method":"point_in_polygon","primary_county_fips":"51107","release_vintage":"2026.02.09","source_layer":"building","source_name":"Amazon IAD60","source_operator":"Amazon Web Services","source_record_id":"00556599695","source_ref":"IAD60","source_reported_county_fipses":["51107"]},"type":"Feature"},{"geometry":{"coordinates":[-82.75133937578003,40.09462975659448],"type":"Point"},"id":"fac_im3_building_00562775657","properties":{"county_fipses":["39089"],"data_status":"provisional_source_record","display_name":"Amazon Web Services  CMH50","entity_id":"fac_im3_building_00562775657","entity_type":"facility","footprint_sqft":161683.0,"geography_assignment_method":"point_in_polygon","primary_county_fips":"39089","release_vintage":"2026.02.09","source_layer":"building","source_name":"Amazon Web Services  CMH50","source_operator":"Amazon Web Services","source_record_id":"00562775657","source_ref":"CMH50","source_reported_county_fipses":["39089"]},"type":"Feature"},{"geometry":{"coordinates":[-111.60413892780115,33.34702102097167],"type":"Point"},"id":"fac_im3_building_00567575425","properties":{"county_fipses":["04013"],"data_status":"provisional_source_record","display_name":"Unnamed IM3 building 00567575425","entity_id":"fac_im3_building_00567575425","entity_type":"facility","footprint_sqft":1263277.0,"geography_assignment_method":"point_in_polygon","primary_county_fips":"04013","release_vintage":"2026.02.09","source_layer":"building","source_name":null,"source_operator":null,"source_record_id":"00567575425","source_ref":null,"source_reported_county_fipses":["04013"]},"type":"Feature"},{"geometry":{"coordinates":[-97.59160304354108,30.421141229242764],"type":"Point"},"id":"fac_im3_building_00570397131","properties":{"county_fipses":["48453"],"data_status":"provisional_source_record","display_name":"Thin-nology","entity_id":"fac_im3_building_00570397131","entity_type":"facility","footprint_sqft":9209.0,"geography_assignment_method":"point_in_polygon","primary_county_fips":"48453","release_vintage":"2026.02.09","source_layer":"building","source_name":"Thin-nology","source_operator":null,"source_record_id":"00570397131","source_ref":null,"source_reported_county_fipses":["48453"]},"type":"Feature"},{"geometry":{"coordinates":[-73.38864944847491,41.11309235035119],"type":"Point"},"id":"fac_im3_building_00571010571","properties":{"county_fipses":["09190"],"data_status":"provisional_source_record","display_name":"CyrusOne Norwalk","entity_id":"fac_im3_building_00571010571","entity_type":"facility","footprint_sqft":77778.0,"geography_assignment_method":"point_in_polygon","primary_county_fips":"09190","release_vintage":"2026.02.09","source_layer":"building","source_name":"CyrusOne Norwalk","source_operator":"CyrusOne","source_record_id":"00571010571","source_ref":null,"source_reported_county_fipses":["09190"]},"type":"Feature"},{"geometry":{"coordinates":[-97.71307641626001,30.19958813781982],"type":"Point"},"id":"fac_im3_building_00577628941","properties":{"county_fipses":["48453"],"data_status":"provisional_source_record","display_name":"Data Foundry - Texas 2","entity_id":"fac_im3_building_00577628941","entity_type":"facility","footprint_sqft":104857.0,"geography_assignment_method":"point_in_polygon","primary_county_fips":"48453","release_vintage":"2026.02.09","source_layer":"building","source_name":"Data Foundry - Texas 2","source_operator":null,"source_record_id":"00577628941","source_ref":null,"source_reported_county_fipses":["48453"]},"type":"Feature"},{"geometry":{"coordinates":[-87.91824122484651,41.923005619536646],"type":"Point"},"id":"fac_im3_building_00578443547","properties":{"county_fipses":["17031"],"data_status":"provisional_source_record","display_name":"Microsoft - Azure Datacenter","entity_id":"fac_im3_building_00578443547","entity_type":"facility","footprint_sqft":306766.0,"geography_assignment_method":"point_in_polygon","primary_county_fips":"17031","release_vintage":"2026.02.09","source_layer":"building","source_name":"Microsoft - Azure Datacenter","source_operator":"Microsoft","source_record_id":"00578443547","source_ref":null,"source_reported_county_fipses":["17031"]},"type":"Feature"},{"geometry":{"coordinates":[-99.30018745000542,38.87213220021316],"type":"Point"},"id":"fac_im3_building_00581234765","properties":{"county_fipses":["20051"],"data_status":"provisional_source_record","display_name":"Cloud Storage Corp","entity_id":"fac_im3_building_00581234765","entity_type":"facility","footprint_sqft":11561.0,"geography_assignment_method":"point_in_polygon","primary_county_fips":"20051","release_vintage":"2026.02.09","source_layer":"building","source_name":"Cloud Storage Corp","source_operator":null,"source_record_id":"00581234765","source_ref":null,"source_reported_county_fipses":["20051"]},"type":"Feature"},{"geometry":{"coordinates":[-115.21425795862818,36.057833939238215],"type":"Point"},"id":"fac_im3_building_00585998677","properties":{"county_fipses":["32003"],"data_status":"provisional_source_record","display_name":"Switch Las Vegas 8","entity_id":"fac_im3_building_00585998677","entity_type":"facility","footprint_sqft":264412.0,"geography_assignment_method":"point_in_polygon","primary_county_fips":"32003","release_vintage":"2026.02.09","source_layer":"building","source_name":"Switch Las Vegas 8","source_operator":"Switch","source_record_id":"00585998677","source_ref":null,"source_reported_county_fipses":["32003"]},"type":"Feature"},{"geometry":{"coordinates":[-115.21962787172575,36.055707545706994],"type":"Point"},"id":"fac_im3_building_00585998678","properties":{"county_fipses":["32003"],"data_status":"provisional_source_record","display_name":"Switch Las Vegas 9","entity_id":"fac_im3_building_00585998678","entity_type":"facility","footprint_sqft":286176.0,"geography_assignment_method":"point_in_polygon","primary_county_fips":"32003","release_vintage":"2026.02.09","source_layer":"building","source_name":"Switch Las Vegas 9","source_operator":"Switch","source_record_id":"00585998678","source_ref":null,"source_reported_county_fipses":["32003"]},"type":"Feature"},{"geometry":{"coordinates":[-95.57078462369283,29.82150611372374],"type":"Point"},"id":"fac_im3_building_00587103676","properties":{"county_fipses":["48201"],"data_status":"provisional_source_record","display_name":"Unnamed IM3 building 00587103676","entity_id":"fac_im3_building_00587103676","entity_type":"facility","footprint_sqft":98195.0,"geography_assignment_method":"point_in_polygon","primary_county_fips":"48201","release_vintage":"2026.02.09","source_layer":"building","source_name":null,"source_operator":null,"source_record_id":"00587103676","source_ref":null,"source_reported_county_fipses":["48201"]},"type":"Feature"},{"geometry":{"coordinates":[-70.9505927450425,42.982091089771785],"type":"Point"},"id":"fac_im3_building_00589070714","properties":{"county_fipses":["33015"],"data_status":"provisional_source_record","display_name":"Information Technology Data Center","entity_id":"fac_im3_building_00589070714","entity_type":"facility","footprint_sqft":7733.0,"geography_assignment_method":"point_in_polygon","primary_county_fips":"33015","release_vintage":"2026.02.09","source_layer":"building","source_name":"Information Technology Data Center","source_operator":"Phillips Exeter Academy","source_record_id":"00589070714","source_ref":null,"source_reported_county_fipses":["33015"]},"type":"Feature"},{"geometry":{"coordinates":[-122.28956096659816,47.822425185435094],"type":"Point"},"id":"fac_im3_building_00589360530","properties":{"county_fipses":["53061"],"data_status":"provisional_source_record","display_name":"Digital Fortress Lynnwood","entity_id":"fac_im3_building_00589360530","entity_type":"facility","footprint_sqft":24944.0,"geography_assignment_method":"point_in_polygon","primary_county_fips":"53061","release_vintage":"2026.02.09","source_layer":"building","source_name":"Digital Fortress Lynnwood","source_operator":null,"source_record_id":"00589360530","source_ref":null,"source_reported_county_fipses":["53061"]},"type":"Feature"},{"geometry":{"coordinates":[-96.65592593395881,33.13780536915544],"type":"Point"},"id":"fac_im3_building_00590213770","properties":{"county_fipses":["48085"],"data_status":"provisional_source_record","display_name":"Unnamed IM3 building 00590213770","entity_id":"fac_im3_building_00590213770","entity_type":"facility","footprint_sqft":33064.0,"geography_assignment_method":"point_in_polygon","primary_county_fips":"48085","release_vintage":"2026.02.09","source_layer":"building","source_name":null,"source_operator":null,"source_record_id":"00590213770","source_ref":null,"source_reported_county_fipses":["48085"]},"type":"Feature"},{"geometry":{"coordinates":[-96.65995157388973,33.13852055876386],"type":"Point"},"id":"fac_im3_building_00590213771","properties":{"county_fipses":["48085"],"data_status":"provisional_source_record","display_name":"CyrusOne Allen","entity_id":"fac_im3_building_00590213771","entity_type":"facility","footprint_sqft":271378.0,"geography_assignment_method":"point_in_polygon","primary_county_fips":"48085","release_vintage":"2026.02.09","source_layer":"building","source_name":"CyrusOne Allen","source_operator":"CyrusOne","source_record_id":"00590213771","source_ref":null,"source_reported_county_fipses":["48085"]},"type":"Feature"},{"geometry":{"coordinates":[-119.65497937870387,45.8404435353901],"type":"Point"},"id":"fac_im3_building_00592171280","properties":{"county_fipses":["41049"],"data_status":"provisional_source_record","display_name":"Amazon Web Services us-west-2","entity_id":"fac_im3_building_00592171280","entity_type":"facility","footprint_sqft":151857.0,"geography_assignment_method":"point_in_polygon","primary_county_fips":"41049","release_vintage":"2026.02.09","source_layer":"building","source_name":"Amazon Web Services us-west-2","source_operator":"Amazon Web Services","source_record_id":"00592171280","source_ref":"PDX52","source_reported_county_fipses":["41049"]},"type":"Feature"},{"geometry":{"coordinates":[-119.26773387516516,45.91744776004561],"type":"Point"},"id":"fac_im3_building_00592257327","properties":{"county_fipses":["41059"],"data_status":"provisional_source_record","display_name":"Amazon PDX51/54","entity_id":"fac_im3_building_00592257327","entity_type":"facility","footprint_sqft":260806.0,"geography_assignment_method":"point_in_polygon","primary_county_fips":"41059","release_vintage":"2026.02.09","source_layer":"building","source_name":"Amazon PDX51/54","source_operator":"Amazon Web Services","source_record_id":"00592257327","source_ref":"PDX51/54","source_reported_county_fipses":["41059"]},"type":"Feature"},{"geometry":{"coordinates":[-77.4528288502262,39.027108657277445],"type":"Point"},"id":"fac_im3_building_00596690174","properties":{"county_fipses":["51107"],"data_status":"provisional_source_record","display_name":"Amazon IAD80","entity_id":"fac_im3_building_00596690174","entity_type":"facility","footprint_sqft":150443.0,"geography_assignment_method":"point_in_polygon","primary_county_fips":"51107","release_vintage":"2026.02.09","source_layer":"building","source_name":"Amazon IAD80","source_operator":"Amazon Web Services","source_record_id":"00596690174","source_ref":"IAD80","source_reported_county_fipses":["51107"]},"type":"Feature"},{"geometry":{"coordinates":[-77.44975813852024,39.023006641544804],"type":"Point"},"id":"fac_im3_building_00596690175","properties":{"county_fipses":["51107"],"data_status":"provisional_source_record","display_name":"Equinix Ashburn DC12","entity_id":"fac_im3_building_00596690175","entity_type":"facility","footprint_sqft":96380.0,"geography_assignment_method":"point_in_polygon","primary_county_fips":"51107","release_vintage":"2026.02.09","source_layer":"building","source_name":"Equinix Ashburn DC12","source_operator":"Equinix","source_record_id":"00596690175","source_ref":"DC12","source_reported_county_fipses":["51107"]},"type":"Feature"},{"geometry":{"coordinates":[-96.66164643777843,33.000144175089304],"type":"Point"},"id":"fac_im3_building_00597835788","properties":{"county_fipses":["48085"],"data_status":"provisional_source_record","display_name":"Stream DFW IV","entity_id":"fac_im3_building_00597835788","entity_type":"facility","footprint_sqft":19684.0,"geography_assignment_method":"point_in_polygon","primary_county_fips":"48085","release_vintage":"2026.02.09","source_layer":"building","source_name":"Stream DFW IV","source_operator":"Stream","source_record_id":"00597835788","source_ref":"DFW IV","source_reported_county_fipses":["48085"]},"type":"Feature"},{"geometry":{"coordinates":[-96.71587662115734,32.96478869284149],"type":"Point"},"id":"fac_im3_building_00597876719","properties":{"county_fipses":["48113"],"data_status":"provisional_source_record","display_name":"Rackspace Richardson DFW3","entity_id":"fac_im3_building_00597876719","entity_type":"facility","footprint_sqft":112950.0,"geography_assignment_method":"point_in_polygon","primary_county_fips":"48113","release_vintage":"2026.02.09","source_layer":"building","source_name":"Rackspace Richardson DFW3","source_operator":"Rackspace","source_record_id":"00597876719","source_ref":"DFW3","source_reported_county_fipses":["48113"]},"type":"Feature"},{"geometry":{"coordinates":[-96.71321200734354,32.966281179214505],"type":"Point"},"id":"fac_im3_building_00597876721","properties":{"county_fipses":["48113"],"data_status":"provisional_source_record","display_name":"Digital Realty Dallas DFW17","entity_id":"fac_im3_building_00597876721","entity_type":"facility","footprint_sqft":83615.0,"geography_assignment_method":"point_in_polygon","primary_county_fips":"48113","release_vintage":"2026.02.09","source_layer":"building","source_name":"Digital Realty Dallas DFW17","source_operator":"Digital Realty","source_record_id":"00597876721","source_ref":"DFW17","source_reported_county_fipses":["48113"]},"type":"Feature"},{"geometry":{"coordinates":[-96.71054642217494,32.96723267704503],"type":"Point"},"id":"fac_im3_building_00597876722","properties":{"county_fipses":["48113"],"data_status":"provisional_source_record","display_name":"Digital Realty Dallas DFW29","entity_id":"fac_im3_building_00597876722","entity_type":"facility","footprint_sqft":122436.0,"geography_assignment_method":"point_in_polygon","primary_county_fips":"48113","release_vintage":"2026.02.09","source_layer":"building","source_name":"Digital Realty Dallas DFW29","source_operator":"Digital Realty","source_record_id":"00597876722","source_ref":"DFW29","source_reported_county_fipses":["48113"]},"type":"Feature"},{"geometry":{"coordinates":[-96.71119611224063,32.96625357197764],"type":"Point"},"id":"fac_im3_building_00597876723","properties":{"county_fipses":["48113"],"data_status":"provisional_source_record","display_name":"Unnamed IM3 building 00597876723","entity_id":"fac_im3_building_00597876723","entity_type":"facility","footprint_sqft":62460.0,"geography_assignment_method":"point_in_polygon","primary_county_fips":"48113","release_vintage":"2026.02.09","source_layer":"building","source_name":null,"source_operator":null,"source_record_id":"00597876723","source_ref":null,"source_reported_county_fipses":["48113"]},"type":"Feature"},{"geometry":{"coordinates":[-96.7133081589403,32.96724066068804],"type":"Point"},"id":"fac_im3_building_00597876724","properties":{"county_fipses":["48113"],"data_status":"provisional_source_record","display_name":"Digital Realty Dallas DFW28","entity_id":"fac_im3_building_00597876724","entity_type":"facility","footprint_sqft":122015.0,"geography_assignment_method":"point_in_polygon","primary_county_fips":"48113","release_vintage":"2026.02.09","source_layer":"building","source_name":"Digital Realty Dallas DFW28","source_operator":"Digital Realty","source_record_id":"00597876724","source_ref":"DFW28","source_reported_county_fipses":["48113"]},"type":"Feature"},{"geometry":{"coordinates":[-96.71029113488274,32.96504621467304],"type":"Point"},"id":"fac_im3_building_00597876726","properties":{"county_fipses":["48113"],"data_status":"provisional_source_record","display_name":"Digital Realty Dallas DFW35","entity_id":"fac_im3_building_00597876726","entity_type":"facility","footprint_sqft":116539.0,"geography_assignment_method":"point_in_polygon","primary_county_fips":"48113","release_vintage":"2026.02.09","source_layer":"building","source_name":"Digital Realty Dallas DFW35","source_operator":"Digital Realty","source_record_id":"00597876726","source_ref":"DFW35","source_reported_county_fipses":["48113"]},"type":"Feature"},{"geometry":{"coordinates":[-96.71260861653485,32.96520380450456],"type":"Point"},"id":"fac_im3_building_00597876730","properties":{"county_fipses":["48113"],"data_status":"provisional_source_record","display_name":"Digital Realty Dallas DFW18","entity_id":"fac_im3_building_00597876730","entity_type":"facility","footprint_sqft":222335.0,"geography_assignment_method":"point_in_polygon","primary_county_fips":"48113","release_vintage":"2026.02.09","source_layer":"building","source_name":"Digital Realty Dallas DFW18","source_operator":"Digital Realty","source_record_id":"00597876730","source_ref":"DFW18","source_reported_county_fipses":["48113"]},"type":"Feature"},{"geometry":{"coordinates":[-96.71558720321119,32.96607650613046],"type":"Point"},"id":"fac_im3_building_00597876798","properties":{"county_fipses":["48113"],"data_status":"provisional_source_record","display_name":"Digital Realty Dallas DFW16","entity_id":"fac_im3_building_00597876798","entity_type":"facility","footprint_sqft":109470.0,"geography_assignment_method":"point_in_polygon","primary_county_fips":"48113","release_vintage":"2026.02.09","source_layer":"building","source_name":"Digital Realty Dallas DFW16","source_operator":"Digital Realty","source_record_id":"00597876798","source_ref":"DFW16","source_reported_county_fipses":["48113"]},"type":"Feature"},{"geometry":{"coordinates":[-77.47934369722755,39.00155183162294],"type":"Point"},"id":"fac_im3_building_00597970806","properties":{"county_fipses":["51107"],"data_status":"provisional_source_record","display_name":"Digital Realty Northern Virginia IAD36","entity_id":"fac_im3_building_00597970806","entity_type":"facility","footprint_sqft":112516.0,"geography_assignment_method":"point_in_polygon","primary_county_fips":"51107","release_vintage":"2026.02.09","source_layer":"building","source_name":"Digital Realty Northern Virginia IAD36","source_operator":"Digital Realty","source_record_id":"00597970806","source_ref":"IAD36","source_reported_county_fipses":["51107"]},"type":"Feature"},{"geometry":{"coordinates":[-77.48059544638194,39.00051142251577],"type":"Point"},"id":"fac_im3_building_00597970809","properties":{"county_fipses":["51107"],"data_status":"provisional_source_record","display_name":"Digital Realty Northern Virginia IAD35","entity_id":"fac_im3_building_00597970809","entity_type":"facility","footprint_sqft":206225.0,"geography_assignment_method":"point_in_polygon","primary_county_fips":"51107","release_vintage":"2026.02.09","source_layer":"building","source_name":"Digital Realty Northern Virginia IAD35","source_operator":"Digital Realty","source_record_id":"00597970809","source_ref":"IAD35","source_reported_county_fipses":["51107"]},"type":"Feature"},{"geometry":{"coordinates":[-77.47806996501424,39.00000986435985],"type":"Point"},"id":"fac_im3_building_00597970811","properties":{"county_fipses":["51107"],"data_status":"provisional_source_record","display_name":"Digital Realty Northern Virginia IAD37","entity_id":"fac_im3_building_00597970811","entity_type":"facility","footprint_sqft":144298.0,"geography_assignment_method":"point_in_polygon","primary_county_fips":"51107","release_vintage":"2026.02.09","source_layer":"building","source_name":"Digital Realty Northern Virginia IAD37","source_operator":"Digital Realty","source_record_id":"00597970811","source_ref":"IAD37","source_reported_county_fipses":["51107"]},"type":"Feature"},{"geometry":{"coordinates":[-77.47718416154996,39.00110985023303],"type":"Point"},"id":"fac_im3_building_00597970813","properties":{"county_fipses":["51107"],"data_status":"provisional_source_record","display_name":"Digital Realty Northern Virginia IAD38","entity_id":"fac_im3_building_00597970813","entity_type":"facility","footprint_sqft":114543.0,"geography_assignment_method":"point_in_polygon","primary_county_fips":"51107","release_vintage":"2026.02.09","source_layer":"building","source_name":"Digital Realty Northern Virginia IAD38","source_operator":"Digital Realty","source_record_id":"00597970813","source_ref":"IAD38","source_reported_county_fipses":["51107"]},"type":"Feature"},{"geometry":{"coordinates":[-94.86768784080611,38.94011284438559],"type":"Point"},"id":"fac_im3_building_00598261190","properties":{"county_fipses":["20091"],"data_status":"provisional_source_record","display_name":"State Farm Data Center","entity_id":"fac_im3_building_00598261190","entity_type":"facility","footprint_sqft":198601.0,"geography_assignment_method":"point_in_polygon","primary_county_fips":"20091","release_vintage":"2026.02.09","source_layer":"building","source_name":"State Farm Data Center","source_operator":null,"source_record_id":"00598261190","source_ref":null,"source_reported_county_fipses":["20091"]},"type":"Feature"},{"geometry":{"coordinates":[-94.8644712263048,38.93564309846072],"type":"Point"},"id":"fac_im3_building_00598263496","properties":{"county_fipses":["20091"],"data_status":"provisional_source_record","display_name":"U.S. Bank National Data Process Center","entity_id":"fac_im3_building_00598263496","entity_type":"facility","footprint_sqft":162098.0,"geography_assignment_method":"point_in_polygon","primary_county_fips":"20091","release_vintage":"2026.02.09","source_layer":"building","source_name":"U.S. Bank National Data Process Center","source_operator":null,"source_record_id":"00598263496","source_ref":null,"source_reported_county_fipses":["20091"]},"type":"Feature"},{"geometry":{"coordinates":[-121.78476265158875,37.241198528847725],"type":"Point"},"id":"fac_im3_building_00600806974","properties":{"county_fipses":["06085"],"data_status":"provisional_source_record","display_name":"Equinix SV10","entity_id":"fac_im3_building_00600806974","entity_type":"facility","footprint_sqft":86340.0,"geography_assignment_method":"point_in_polygon","primary_county_fips":"06085","release_vintage":"2026.02.09","source_layer":"building","source_name":"Equinix SV10","source_operator":"Equinix","source_record_id":"00600806974","source_ref":"SV10","source_reported_county_fipses":["06085"]},"type":"Feature"},{"geometry":{"coordinates":[-75.19532326682351,39.83093011411571],"type":"Point"},"id":"fac_im3_building_00607483487","properties":{"county_fipses":["34015"],"data_status":"provisional_source_record","display_name":"Unnamed IM3 building 00607483487","entity_id":"fac_im3_building_00607483487","entity_type":"facility","footprint_sqft":41058.0,"geography_assignment_method":"point_in_polygon","primary_county_fips":"34015","release_vintage":"2026.02.09","source_layer":"building","source_name":null,"source_operator":null,"source_record_id":"00607483487","source_ref":null,"source_reported_county_fipses":["34015"]},"type":"Feature"},{"geometry":{"coordinates":[-96.14761886051996,41.22040844920032],"type":"Point"},"id":"fac_im3_building_00607753694","properties":{"county_fipses":["31055"],"data_status":"provisional_source_record","display_name":"Verizon Wireless","entity_id":"fac_im3_building_00607753694","entity_type":"facility","footprint_sqft":38873.0,"geography_assignment_method":"point_in_polygon","primary_county_fips":"31055","release_vintage":"2026.02.09","source_layer":"building","source_name":null,"source_operator":"Verizon Wireless","source_record_id":"00607753694","source_ref":null,"source_reported_county_fipses":["31055"]},"type":"Feature"},{"geometry":{"coordinates":[-81.39343863284896,28.61746822748528],"type":"Point"},"id":"fac_im3_building_00609126465","properties":{"county_fipses":["12095"],"data_status":"provisional_source_record","display_name":"Unnamed IM3 building 00609126465","entity_id":"fac_im3_building_00609126465","entity_type":"facility","footprint_sqft":107548.0,"geography_assignment_method":"point_in_polygon","primary_county_fips":"12095","release_vintage":"2026.02.09","source_layer":"building","source_name":null,"source_operator":null,"source_record_id":"00609126465","source_ref":null,"source_reported_county_fipses":["12095"]},"type":"Feature"},{"geometry":{"coordinates":[-80.04145344691864,33.064272175156404],"type":"Point"},"id":"fac_im3_building_00610827836","properties":{"county_fipses":["45015"],"data_status":"provisional_source_record","display_name":"Google","entity_id":"fac_im3_building_00610827836","entity_type":"facility","footprint_sqft":146623.0,"geography_assignment_method":"point_in_polygon","primary_county_fips":"45015","release_vintage":"2026.02.09","source_layer":"building","source_name":"Google","source_operator":"Google","source_record_id":"00610827836","source_ref":null,"source_reported_county_fipses":["45015"]},"type":"Feature"},{"geometry":{"coordinates":[-76.6828450662765,39.213451704107996],"type":"Point"},"id":"fac_im3_building_00610845529","properties":{"county_fipses":["24003"],"data_status":"provisional_source_record","display_name":"TierPoint Baltimore BWI","entity_id":"fac_im3_building_00610845529","entity_type":"facility","footprint_sqft":33372.0,"geography_assignment_method":"point_in_polygon","primary_county_fips":"24003","release_vintage":"2026.02.09","source_layer":"building","source_name":"TierPoint Baltimore BWI","source_operator":null,"source_record_id":"00610845529","source_ref":null,"source_reported_county_fipses":["24003"]},"type":"Feature"},{"geometry":{"coordinates":[-77.45763923535499,39.025010324380084],"type":"Point"},"id":"fac_im3_building_00610977485","properties":{"county_fipses":["51107"],"data_status":"provisional_source_record","display_name":"NTT Ashburn VA2 Data Center","entity_id":"fac_im3_building_00610977485","entity_type":"facility","footprint_sqft":74197.0,"geography_assignment_method":"point_in_polygon","primary_county_fips":"51107","release_vintage":"2026.02.09","source_layer":"building","source_name":"NTT Ashburn VA2 Data Center","source_operator":"NTT","source_record_id":"00610977485","source_ref":"VA2","source_reported_county_fipses":["51107"]},"type":"Feature"},{"geometry":{"coordinates":[-109.52899881097022,40.456593451731784],"type":"Point"},"id":"fac_im3_building_00611308188","properties":{"county_fipses":["49047"],"data_status":"provisional_source_record","display_name":"Strata Networks","entity_id":"fac_im3_building_00611308188","entity_type":"facility","footprint_sqft":12971.0,"geography_assignment_method":"point_in_polygon","primary_county_fips":"49047","release_vintage":"2026.02.09","source_layer":"building","source_name":"Strata Networks","source_operator":null,"source_record_id":"00611308188","source_ref":null,"source_reported_county_fipses":["49047"]},"type":"Feature"},{"geometry":{"coordinates":[-74.67032960036524,40.570372202161614],"type":"Point"},"id":"fac_im3_building_00612045611","properties":{"county_fipses":["34035"],"data_status":"provisional_source_record","display_name":"Goldman Sachs","entity_id":"fac_im3_building_00612045611","entity_type":"facility","footprint_sqft":276729.0,"geography_assignment_method":"point_in_polygon","primary_county_fips":"34035","release_vintage":"2026.02.09","source_layer":"building","source_name":"Goldman Sachs","source_operator":null,"source_record_id":"00612045611","source_ref":null,"source_reported_county_fipses":["34035"]},"type":"Feature"},{"geometry":{"coordinates":[-84.23739137243545,34.09658361289754],"type":"Point"},"id":"fac_im3_building_00615593145","properties":{"county_fipses":["13121"],"data_status":"provisional_source_record","display_name":"Mapletree Industrial","entity_id":"fac_im3_building_00615593145","entity_type":"facility","footprint_sqft":116842.0,"geography_assignment_method":"point_in_polygon","primary_county_fips":"13121","release_vintage":"2026.02.09","source_layer":"building","source_name":"Mapletree Industrial","source_operator":null,"source_record_id":"00615593145","source_ref":null,"source_reported_county_fipses":["13121"]},"type":"Feature"},{"geometry":{"coordinates":[-115.21413677748545,36.05588519591084],"type":"Point"},"id":"fac_im3_building_00617194689","properties":{"county_fipses":["32003"],"data_status":"provisional_source_record","display_name":"Switch Las Vegas 11","entity_id":"fac_im3_building_00617194689","entity_type":"facility","footprint_sqft":230261.0,"geography_assignment_method":"point_in_polygon","primary_county_fips":"32003","release_vintage":"2026.02.09","source_layer":"building","source_name":"Switch Las Vegas 11","source_operator":"Switch","source_record_id":"00617194689","source_ref":null,"source_reported_county_fipses":["32003"]},"type":"Feature"},{"geometry":{"coordinates":[-90.25539338967405,38.63656882805553],"type":"Point"},"id":"fac_im3_building_00617511179","properties":{"county_fipses":["29510"],"data_status":"provisional_source_record","display_name":"Genome Data Center","entity_id":"fac_im3_building_00617511179","entity_type":"facility","footprint_sqft":24519.0,"geography_assignment_method":"point_in_polygon","primary_county_fips":"29510","release_vintage":"2026.02.09","source_layer":"building","source_name":"Genome Data Center","source_operator":"Washington University in St. Louis","source_record_id":"00617511179","source_ref":null,"source_reported_county_fipses":["29510"]},"type":"Feature"},{"geometry":{"coordinates":[-74.57387794234592,40.58147446747312],"type":"Point"},"id":"fac_im3_building_00618339179","properties":{"county_fipses":["34035"],"data_status":"provisional_source_record","display_name":"365 Bridgewater NJ","entity_id":"fac_im3_building_00618339179","entity_type":"facility","footprint_sqft":28468.0,"geography_assignment_method":"point_in_polygon","primary_county_fips":"34035","release_vintage":"2026.02.09","source_layer":"building","source_name":"365 Bridgewater NJ","source_operator":null,"source_record_id":"00618339179","source_ref":null,"source_reported_county_fipses":["34035"]},"type":"Feature"},{"geometry":{"coordinates":[-85.45584883805839,31.231904196338384],"type":"Point"},"id":"fac_im3_building_00626281456","properties":{"county_fipses":["01069"],"data_status":"provisional_source_record","display_name":"AngelTrax Data Center","entity_id":"fac_im3_building_00626281456","entity_type":"facility","footprint_sqft":10736.0,"geography_assignment_method":"point_in_polygon","primary_county_fips":"01069","release_vintage":"2026.02.09","source_layer":"building","source_name":"AngelTrax Data Center","source_operator":"AngelTrax Mobile Video Surveillance Solutions","source_record_id":"00626281456","source_ref":null,"source_reported_county_fipses":["01069"]},"type":"Feature"},{"geometry":{"coordinates":[-106.78382909936067,34.830246608460115],"type":"Point"},"id":"fac_im3_building_00626785488","properties":{"county_fipses":["35061"],"data_status":"provisional_source_record","display_name":"Meta","entity_id":"fac_im3_building_00626785488","entity_type":"facility","footprint_sqft":654433.0,"geography_assignment_method":"point_in_polygon","primary_county_fips":"35061","release_vintage":"2026.02.09","source_layer":"building","source_name":"Meta","source_operator":"Meta","source_record_id":"00626785488","source_ref":"3","source_reported_county_fipses":["35061"]},"type":"Feature"},{"geometry":{"coordinates":[-119.65793309033623,45.841413570882],"type":"Point"},"id":"fac_im3_building_00633034071","properties":{"county_fipses":["41049"],"data_status":"provisional_source_record","display_name":"Amazon Web Services us-west-2","entity_id":"fac_im3_building_00633034071","entity_type":"facility","footprint_sqft":284033.0,"geography_assignment_method":"point_in_polygon","primary_county_fips":"41049","release_vintage":"2026.02.09","source_layer":"building","source_name":"Amazon Web Services us-west-2","source_operator":"Amazon Web Services","source_record_id":"00633034071","source_ref":"PDX58/61","source_reported_county_fipses":["41049"]},"type":"Feature"},{"geometry":{"coordinates":[-122.27986153681454,47.15884380411734],"type":"Point"},"id":"fac_im3_building_00634635617","properties":{"county_fipses":["53053"],"data_status":"provisional_source_record","display_name":"Centeris SH2 Build-to-Suit","entity_id":"fac_im3_building_00634635617","entity_type":"facility","footprint_sqft":93539.0,"geography_assignment_method":"point_in_polygon","primary_county_fips":"53053","release_vintage":"2026.02.09","source_layer":"building","source_name":"Centeris SH2 Build-to-Suit","source_operator":null,"source_record_id":"00634635617","source_ref":null,"source_reported_county_fipses":["53053"]},"type":"Feature"},{"geometry":{"coordinates":[-122.27930643656472,47.16085522590024],"type":"Point"},"id":"fac_im3_building_00634638463","properties":{"county_fipses":["53053"],"data_status":"provisional_source_record","display_name":"Centeris SH1 Colocation","entity_id":"fac_im3_building_00634638463","entity_type":"facility","footprint_sqft":115786.0,"geography_assignment_method":"point_in_polygon","primary_county_fips":"53053","release_vintage":"2026.02.09","source_layer":"building","source_name":"Centeris SH1 Colocation","source_operator":null,"source_record_id":"00634638463","source_ref":null,"source_reported_county_fipses":["53053"]},"type":"Feature"},{"geometry":{"coordinates":[-98.80398520347534,29.41195432542485],"type":"Point"},"id":"fac_im3_building_00639176155","properties":{"county_fipses":["48029"],"data_status":"provisional_source_record","display_name":"Microsoft TRP2","entity_id":"fac_im3_building_00639176155","entity_type":"facility","footprint_sqft":169781.0,"geography_assignment_method":"point_in_polygon","primary_county_fips":"48029","release_vintage":"2026.02.09","source_layer":"building","source_name":"Microsoft TRP2","source_operator":"Microsoft","source_record_id":"00639176155","source_ref":null,"source_reported_county_fipses":["48029"]},"type":"Feature"},{"geometry":{"coordinates":[-98.80273022506277,29.41201232003809],"type":"Point"},"id":"fac_im3_building_00639176157","properties":{"county_fipses":["48029"],"data_status":"provisional_source_record","display_name":"Microsoft TRP1","entity_id":"fac_im3_building_00639176157","entity_type":"facility","footprint_sqft":177468.0,"geography_assignment_method":"point_in_polygon","primary_county_fips":"48029","release_vintage":"2026.02.09","source_layer":"building","source_name":"Microsoft TRP1","source_operator":"Microsoft","source_record_id":"00639176157","source_ref":null,"source_reported_county_fipses":["48029"]},"type":"Feature"},{"geometry":{"coordinates":[-77.46564263578887,39.01753209282454],"type":"Point"},"id":"fac_im3_building_00649319778","properties":{"county_fipses":["51107"],"data_status":"provisional_source_record","display_name":"Digital Realty ACC7","entity_id":"fac_im3_building_00649319778","entity_type":"facility","footprint_sqft":409481.0,"geography_assignment_method":"point_in_polygon","primary_county_fips":"51107","release_vintage":"2026.02.09","source_layer":"building","source_name":"Digital Realty ACC7","source_operator":"Digital Realty","source_record_id":"00649319778","source_ref":"ACC7","source_reported_county_fipses":["51107"]},"type":"Feature"},{"geometry":{"coordinates":[-77.47037644027546,39.017182329202555],"type":"Point"},"id":"fac_im3_building_00649365751","properties":{"county_fipses":["51107"],"data_status":"provisional_source_record","display_name":"NTT Ashburn VA3 Data Center","entity_id":"fac_im3_building_00649365751","entity_type":"facility","footprint_sqft":231924.0,"geography_assignment_method":"point_in_polygon","primary_county_fips":"51107","release_vintage":"2026.02.09","source_layer":"building","source_name":"NTT Ashburn VA3 Data Center","source_operator":"NTT","source_record_id":"00649365751","source_ref":"VA3","source_reported_county_fipses":["51107"]},"type":"Feature"},{"geometry":{"coordinates":[-77.46731852528755,39.015466253556106],"type":"Point"},"id":"fac_im3_building_00649365764","properties":{"county_fipses":["51107"],"data_status":"provisional_source_record","display_name":"Digital Realty ACC9","entity_id":"fac_im3_building_00649365764","entity_type":"facility","footprint_sqft":329257.0,"geography_assignment_method":"point_in_polygon","primary_county_fips":"51107","release_vintage":"2026.02.09","source_layer":"building","source_name":"Digital Realty ACC9","source_operator":"Digital Realty","source_record_id":"00649365764","source_ref":"ACC9","source_reported_county_fipses":["51107"]},"type":"Feature"},{"geometry":{"coordinates":[-96.66635359923826,33.00705207090953],"type":"Point"},"id":"fac_im3_building_00650412346","properties":{"county_fipses":["48085"],"data_status":"provisional_source_record","display_name":"Flexential Dallas - Plano","entity_id":"fac_im3_building_00650412346","entity_type":"facility","footprint_sqft":217850.0,"geography_assignment_method":"point_in_polygon","primary_county_fips":"48085","release_vintage":"2026.02.09","source_layer":"building","source_name":"Flexential Dallas - Plano","source_operator":"Flexential","source_record_id":"00650412346","source_ref":null,"source_reported_county_fipses":["48085"]},"type":"Feature"},{"geometry":{"coordinates":[-81.26027296867808,35.58705991324804],"type":"Point"},"id":"fac_im3_building_00652034566","properties":{"county_fipses":["37035"],"data_status":"provisional_source_record","display_name":"Unnamed IM3 building 00652034566","entity_id":"fac_im3_building_00652034566","entity_type":"facility","footprint_sqft":207083.0,"geography_assignment_method":"point_in_polygon","primary_county_fips":"37035","release_vintage":"2026.02.09","source_layer":"building","source_name":null,"source_operator":null,"source_record_id":"00652034566","source_ref":null,"source_reported_county_fipses":["37035"]},"type":"Feature"},{"geometry":{"coordinates":[-87.97785780206577,42.86317702172799],"type":"Point"},"id":"fac_im3_building_00664938835","properties":{"county_fipses":["55079"],"data_status":"provisional_source_record","display_name":"Expedient Milwaukee","entity_id":"fac_im3_building_00664938835","entity_type":"facility","footprint_sqft":26099.0,"geography_assignment_method":"point_in_polygon","primary_county_fips":"55079","release_vintage":"2026.02.09","source_layer":"building","source_name":"Expedient Milwaukee","source_operator":null,"source_record_id":"00664938835","source_ref":null,"source_reported_county_fipses":["55079"]},"type":"Feature"},{"geometry":{"coordinates":[-77.54172453948773,38.779381509444576],"type":"Point"},"id":"fac_im3_building_00667573133","properties":{"county_fipses":["51153"],"data_status":"provisional_source_record","display_name":"Amazon Web Services","entity_id":"fac_im3_building_00667573133","entity_type":"facility","footprint_sqft":149064.0,"geography_assignment_method":"point_in_polygon","primary_county_fips":"51153","release_vintage":"2026.02.09","source_layer":"building","source_name":"Amazon Web Services","source_operator":"Amazon IAD85","source_record_id":"00667573133","source_ref":"IAD85","source_reported_county_fipses":["51153"]},"type":"Feature"},{"geometry":{"coordinates":[-69.92315054547124,43.895071082625066],"type":"Point"},"id":"fac_im3_building_00667796922","properties":{"county_fipses":["23005"],"data_status":"provisional_source_record","display_name":"Oxford Networks","entity_id":"fac_im3_building_00667796922","entity_type":"facility","footprint_sqft":55383.0,"geography_assignment_method":"point_in_polygon","primary_county_fips":"23005","release_vintage":"2026.02.09","source_layer":"building","source_name":"Oxford Networks","source_operator":"FirstLight","source_record_id":"00667796922","source_ref":null,"source_reported_county_fipses":["23005"]},"type":"Feature"},{"geometry":{"coordinates":[-82.7503408359755,40.06840826479164],"type":"Point"},"id":"fac_im3_building_00671301768","properties":{"county_fipses":["39089"],"data_status":"provisional_source_record","display_name":"Meta New Albany Data Center","entity_id":"fac_im3_building_00671301768","entity_type":"facility","footprint_sqft":663238.0,"geography_assignment_method":"point_in_polygon","primary_county_fips":"39089","release_vintage":"2026.02.09","source_layer":"building","source_name":"Meta New Albany Data Center","source_operator":"Meta","source_record_id":"00671301768","source_ref":null,"source_reported_county_fipses":["39089"]},"type":"Feature"},{"geometry":{"coordinates":[-95.44332796622497,29.65814636487484],"type":"Point"},"id":"fac_im3_building_00671838900","properties":{"county_fipses":["48201"],"data_status":"provisional_source_record","display_name":"Rice Data Center","entity_id":"fac_im3_building_00671838900","entity_type":"facility","footprint_sqft":25487.0,"geography_assignment_method":"point_in_polygon","primary_county_fips":"48201","release_vintage":"2026.02.09","source_layer":"building","source_name":"Rice Data Center","source_operator":null,"source_record_id":"00671838900","source_ref":null,"source_reported_county_fipses":["48201"]},"type":"Feature"},{"geometry":{"coordinates":[-97.25507514509351,32.984993663270515],"type":"Point"},"id":"fac_im3_building_00673145182","properties":{"county_fipses":["48439"],"data_status":"provisional_source_record","display_name":"Facebook Fort Worth Datacenter","entity_id":"fac_im3_building_00673145182","entity_type":"facility","footprint_sqft":435206.0,"geography_assignment_method":"point_in_polygon","primary_county_fips":"48439","release_vintage":"2026.02.09","source_layer":"building","source_name":"Facebook Fort Worth Datacenter","source_operator":"Meta","source_record_id":"00673145182","source_ref":null,"source_reported_county_fipses":["48439"]},"type":"Feature"},{"geometry":{"coordinates":[-83.13517288858029,40.06115215749759],"type":"Point"},"id":"fac_im3_building_00673532692","properties":{"county_fipses":["39049"],"data_status":"provisional_source_record","display_name":"Amazon Web Services","entity_id":"fac_im3_building_00673532692","entity_type":"facility","footprint_sqft":161809.0,"geography_assignment_method":"point_in_polygon","primary_county_fips":"39049","release_vintage":"2026.02.09","source_layer":"building","source_name":"Amazon Web Services","source_operator":"Amazon Web Services","source_record_id":"00673532692","source_ref":null,"source_reported_county_fipses":["39049"]},"type":"Feature"},{"geometry":{"coordinates":[-77.52095152964785,38.94868695570169],"type":"Point"},"id":"fac_im3_building_00693381106","properties":{"county_fipses":["51107"],"data_status":"provisional_source_record","display_name":"Amazon IAD68","entity_id":"fac_im3_building_00693381106","entity_type":"facility","footprint_sqft":181794.0,"geography_assignment_method":"point_in_polygon","primary_county_fips":"51107","release_vintage":"2026.02.09","source_layer":"building","source_name":"Amazon IAD68","source_operator":"Amazon Web Services","source_record_id":"00693381106","source_ref":"IAD68","source_reported_county_fipses":["51107"]},"type":"Feature"},{"geometry":{"coordinates":[-77.52183101959601,38.94838582329714],"type":"Point"},"id":"fac_im3_building_00693381107","properties":{"county_fipses":["51107"],"data_status":"provisional_source_record","display_name":"Amazon IAD81","entity_id":"fac_im3_building_00693381107","entity_type":"facility","footprint_sqft":184907.0,"geography_assignment_method":"point_in_polygon","primary_county_fips":"51107","release_vintage":"2026.02.09","source_layer":"building","source_name":"Amazon IAD81","source_operator":"Amazon Web Services","source_record_id":"00693381107","source_ref":"IAD81","source_reported_county_fipses":["51107"]},"type":"Feature"},{"geometry":{"coordinates":[-77.5243689977558,38.943153938233976],"type":"Point"},"id":"fac_im3_building_00693385812","properties":{"county_fipses":["51107"],"data_status":"provisional_source_record","display_name":"Google","entity_id":"fac_im3_building_00693385812","entity_type":"facility","footprint_sqft":215928.0,"geography_assignment_method":"point_in_polygon","primary_county_fips":"51107","release_vintage":"2026.02.09","source_layer":"building","source_name":"Google","source_operator":"Google","source_record_id":"00693385812","source_ref":"ARA1","source_reported_county_fipses":["51107"]},"type":"Feature"},{"geometry":{"coordinates":[-77.49806149327199,38.95792208165856],"type":"Point"},"id":"fac_im3_building_00693390022","properties":{"county_fipses":["51107"],"data_status":"provisional_source_record","display_name":"Amazon IAD120","entity_id":"fac_im3_building_00693390022","entity_type":"facility","footprint_sqft":188334.0,"geography_assignment_method":"point_in_polygon","primary_county_fips":"51107","release_vintage":"2026.02.09","source_layer":"building","source_name":"Amazon IAD120","source_operator":"Amazon Web Services","source_record_id":"00693390022","source_ref":"IAD120","source_reported_county_fipses":["51107"]},"type":"Feature"},{"geometry":{"coordinates":[-77.49778688217901,38.95678305314267],"type":"Point"},"id":"fac_im3_building_00693390023","properties":{"county_fipses":["51107"],"data_status":"provisional_source_record","display_name":"Amazon IAD121","entity_id":"fac_im3_building_00693390023","entity_type":"facility","footprint_sqft":154814.0,"geography_assignment_method":"point_in_polygon","primary_county_fips":"51107","release_vintage":"2026.02.09","source_layer":"building","source_name":"Amazon IAD121","source_operator":"Amazon Web Services","source_record_id":"00693390023","source_ref":"IAD121","source_reported_county_fipses":["51107"]},"type":"Feature"},{"geometry":{"coordinates":[-119.88757256028282,47.237656787997864],"type":"Point"},"id":"fac_im3_building_00694493125","properties":{"county_fipses":["53025"],"data_status":"provisional_source_record","display_name":"Microsoft","entity_id":"fac_im3_building_00694493125","entity_type":"facility","footprint_sqft":112036.0,"geography_assignment_method":"point_in_polygon","primary_county_fips":"53025","release_vintage":"2026.02.09","source_layer":"building","source_name":"Microsoft","source_operator":"Microsoft","source_record_id":"00694493125","source_ref":null,"source_reported_county_fipses":["53025"]},"type":"Feature"},{"geometry":{"coordinates":[-119.88319809847748,47.23762824027307],"type":"Point"},"id":"fac_im3_building_00694493126","properties":{"county_fipses":["53025"],"data_status":"provisional_source_record","display_name":"Microsoft","entity_id":"fac_im3_building_00694493126","entity_type":"facility","footprint_sqft":116001.0,"geography_assignment_method":"point_in_polygon","primary_county_fips":"53025","release_vintage":"2026.02.09","source_layer":"building","source_name":"Microsoft","source_operator":"Microsoft","source_record_id":"00694493126","source_ref":null,"source_reported_county_fipses":["53025"]},"type":"Feature"},{"geometry":{"coordinates":[-119.88329009579327,47.23672160801631],"type":"Point"},"id":"fac_im3_building_00694493127","properties":{"county_fipses":["53025"],"data_status":"provisional_source_record","display_name":"Microsoft","entity_id":"fac_im3_building_00694493127","entity_type":"facility","footprint_sqft":157191.0,"geography_assignment_method":"point_in_polygon","primary_county_fips":"53025","release_vintage":"2026.02.09","source_layer":"building","source_name":"Microsoft","source_operator":"Microsoft","source_record_id":"00694493127","source_ref":null,"source_reported_county_fipses":["53025"]},"type":"Feature"},{"geometry":{"coordinates":[-119.88747588150468,47.236737102694434],"type":"Point"},"id":"fac_im3_building_00694493128","properties":{"county_fipses":["53025"],"data_status":"provisional_source_record","display_name":"Microsoft","entity_id":"fac_im3_building_00694493128","entity_type":"facility","footprint_sqft":162608.0,"geography_assignment_method":"point_in_polygon","primary_county_fips":"53025","release_vintage":"2026.02.09","source_layer":"building","source_name":"Microsoft","source_operator":"Microsoft","source_record_id":"00694493128","source_ref":null,"source_reported_county_fipses":["53025"]},"type":"Feature"},{"geometry":{"coordinates":[-119.81372107907391,47.25394644110428],"type":"Point"},"id":"fac_im3_building_00694602725","properties":{"county_fipses":["53025"],"data_status":"provisional_source_record","display_name":"Vantage WA12","entity_id":"fac_im3_building_00694602725","entity_type":"facility","footprint_sqft":124695.0,"geography_assignment_method":"point_in_polygon","primary_county_fips":"53025","release_vintage":"2026.02.09","source_layer":"building","source_name":"Vantage WA12","source_operator":null,"source_record_id":"00694602725","source_ref":null,"source_reported_county_fipses":["53025"]},"type":"Feature"},{"geometry":{"coordinates":[-77.47156052841791,39.01202683336312],"type":"Point"},"id":"fac_im3_building_00696978351","properties":{"county_fipses":["51107"],"data_status":"provisional_source_record","display_name":"Unnamed IM3 building 00696978351","entity_id":"fac_im3_building_00696978351","entity_type":"facility","footprint_sqft":48591.0,"geography_assignment_method":"point_in_polygon","primary_county_fips":"51107","release_vintage":"2026.02.09","source_layer":"building","source_name":null,"source_operator":null,"source_record_id":"00696978351","source_ref":null,"source_reported_county_fipses":["51107"]},"type":"Feature"},{"geometry":{"coordinates":[-77.44184182852638,38.986278739590496],"type":"Point"},"id":"fac_im3_building_00697020849","properties":{"county_fipses":["51107"],"data_status":"provisional_source_record","display_name":"Amazon IAD58","entity_id":"fac_im3_building_00697020849","entity_type":"facility","footprint_sqft":136770.0,"geography_assignment_method":"point_in_polygon","primary_county_fips":"51107","release_vintage":"2026.02.09","source_layer":"building","source_name":"Amazon IAD58","source_operator":"Amazon Web Services","source_record_id":"00697020849","source_ref":"IAD58","source_reported_county_fipses":["51107"]},"type":"Feature"},{"geometry":{"coordinates":[-77.44263838662451,38.98699723329166],"type":"Point"},"id":"fac_im3_building_00697020850","properties":{"county_fipses":["51107"],"data_status":"provisional_source_record","display_name":"Amazon IAD57","entity_id":"fac_im3_building_00697020850","entity_type":"facility","footprint_sqft":116533.0,"geography_assignment_method":"point_in_polygon","primary_county_fips":"51107","release_vintage":"2026.02.09","source_layer":"building","source_name":"Amazon IAD57","source_operator":"Amazon Web Services","source_record_id":"00697020850","source_ref":"IAD57","source_reported_county_fipses":["51107"]},"type":"Feature"},{"geometry":{"coordinates":[-77.65291934437082,38.815132406574214],"type":"Point"},"id":"fac_im3_building_00697021948","properties":{"county_fipses":["51153"],"data_status":"provisional_source_record","display_name":"Amazon IAD64","entity_id":"fac_im3_building_00697021948","entity_type":"facility","footprint_sqft":147547.0,"geography_assignment_method":"point_in_polygon","primary_county_fips":"51153","release_vintage":"2026.02.09","source_layer":"building","source_name":"Amazon IAD64","source_operator":"Amazon Web Services","source_record_id":"00697021948","source_ref":"IAD64","source_reported_county_fipses":["51153"]},"type":"Feature"},{"geometry":{"coordinates":[-119.26771376022246,45.913883188873065],"type":"Point"},"id":"fac_im3_building_00697413741","properties":{"county_fipses":["41059"],"data_status":"provisional_source_record","display_name":"Amazon PDX57/60","entity_id":"fac_im3_building_00697413741","entity_type":"facility","footprint_sqft":271590.0,"geography_assignment_method":"point_in_polygon","primary_county_fips":"41059","release_vintage":"2026.02.09","source_layer":"building","source_name":"Amazon PDX57/60","source_operator":"Amazon Web Services","source_record_id":"00697413741","source_ref":"PDX57/60","source_reported_county_fipses":["41059"]},"type":"Feature"},{"geometry":{"coordinates":[-119.65544902618971,45.84117425838994],"type":"Point"},"id":"fac_im3_building_00697415321","properties":{"county_fipses":["41049"],"data_status":"provisional_source_record","display_name":"Amazon Web Services us-west-2","entity_id":"fac_im3_building_00697415321","entity_type":"facility","footprint_sqft":123601.0,"geography_assignment_method":"point_in_polygon","primary_county_fips":"41049","release_vintage":"2026.02.09","source_layer":"building","source_name":"Amazon Web Services us-west-2","source_operator":"Amazon Web Services","source_record_id":"00697415321","source_ref":"PDX55","source_reported_county_fipses":["41049"]},"type":"Feature"},{"geometry":{"coordinates":[-119.6300360999594,45.853786061670256],"type":"Point"},"id":"fac_im3_building_00697415323","properties":{"county_fipses":["41049"],"data_status":"provisional_source_record","display_name":"Amazon Web Services us-west-2","entity_id":"fac_im3_building_00697415323","entity_type":"facility","footprint_sqft":263671.0,"geography_assignment_method":"point_in_polygon","primary_county_fips":"41049","release_vintage":"2026.02.09","source_layer":"building","source_name":"Amazon Web Services us-west-2","source_operator":"Amazon Web Services","source_record_id":"00697415323","source_ref":"PDX56/59","source_reported_county_fipses":["41049"]},"type":"Feature"},{"geometry":{"coordinates":[-119.60370922412669,45.84665532541318],"type":"Point"},"id":"fac_im3_building_00697417726","properties":{"county_fipses":["41049"],"data_status":"provisional_source_record","display_name":"Amazon Web Services us-west-2","entity_id":"fac_im3_building_00697417726","entity_type":"facility","footprint_sqft":211981.0,"geography_assignment_method":"point_in_polygon","primary_county_fips":"41049","release_vintage":"2026.02.09","source_layer":"building","source_name":"Amazon Web Services us-west-2","source_operator":"Amazon Web Services","source_record_id":"00697417726","source_ref":"PDX62","source_reported_county_fipses":["41049"]},"type":"Feature"},{"geometry":{"coordinates":[-77.45017109526839,38.99951534656983],"type":"Point"},"id":"fac_im3_building_00701923200","properties":{"county_fipses":["51107"],"data_status":"provisional_source_record","display_name":"QTS Ashburn 1","entity_id":"fac_im3_building_00701923200","entity_type":"facility","footprint_sqft":164144.0,"geography_assignment_method":"point_in_polygon","primary_county_fips":"51107","release_vintage":"2026.02.09","source_layer":"building","source_name":"QTS Ashburn 1","source_operator":"Quality Technology Services","source_record_id":"00701923200","source_ref":null,"source_reported_county_fipses":["51107"]},"type":"Feature"},{"geometry":{"coordinates":[-77.46725431679586,39.00645434248415],"type":"Point"},"id":"fac_im3_building_00701923202","properties":{"county_fipses":["51107"],"data_status":"provisional_source_record","display_name":"Digital Realty Northern Virginia IAD40","entity_id":"fac_im3_building_00701923202","entity_type":"facility","footprint_sqft":244372.0,"geography_assignment_method":"point_in_polygon","primary_county_fips":"51107","release_vintage":"2026.02.09","source_layer":"building","source_name":"Digital Realty Northern Virginia IAD40","source_operator":"Digital Realty","source_record_id":"00701923202","source_ref":"IAD40","source_reported_county_fipses":["51107"]},"type":"Feature"},{"geometry":{"coordinates":[-77.46762344628391,39.0077179647985],"type":"Point"},"id":"fac_im3_building_00701923203","properties":{"county_fipses":["51107"],"data_status":"provisional_source_record","display_name":"Digital Realty Northern Virginia IAD39","entity_id":"fac_im3_building_00701923203","entity_type":"facility","footprint_sqft":549223.0,"geography_assignment_method":"point_in_polygon","primary_county_fips":"51107","release_vintage":"2026.02.09","source_layer":"building","source_name":"Digital Realty Northern Virginia IAD39","source_operator":"Digital Realty","source_record_id":"00701923203","source_ref":"IAD39","source_reported_county_fipses":["51107"]},"type":"Feature"},{"geometry":{"coordinates":[-77.46553606881868,39.01270664038011],"type":"Point"},"id":"fac_im3_building_00701923204","properties":{"county_fipses":["51107"],"data_status":"provisional_source_record","display_name":"Digital Realty ACC10","entity_id":"fac_im3_building_00701923204","entity_type":"facility","footprint_sqft":289043.0,"geography_assignment_method":"point_in_polygon","primary_county_fips":"51107","release_vintage":"2026.02.09","source_layer":"building","source_name":"Digital Realty ACC10","source_operator":"Digital Realty","source_record_id":"00701923204","source_ref":"ACC10","source_reported_county_fipses":["51107"]},"type":"Feature"},{"geometry":{"coordinates":[-77.43982021083254,39.00065496674865],"type":"Point"},"id":"fac_im3_building_00701924664","properties":{"county_fipses":["51107"],"data_status":"provisional_source_record","display_name":"GI Partners","entity_id":"fac_im3_building_00701924664","entity_type":"facility","footprint_sqft":224621.0,"geography_assignment_method":"point_in_polygon","primary_county_fips":"51107","release_vintage":"2026.02.09","source_layer":"building","source_name":null,"source_operator":"GI Partners","source_record_id":"00701924664","source_ref":null,"source_reported_county_fipses":["51107"]},"type":"Feature"},{"geometry":{"coordinates":[-77.43766056847713,39.00239460734178],"type":"Point"},"id":"fac_im3_building_00701924665","properties":{"county_fipses":["51107"],"data_status":"provisional_source_record","display_name":"Vantage VA11","entity_id":"fac_im3_building_00701924665","entity_type":"facility","footprint_sqft":127578.0,"geography_assignment_method":"point_in_polygon","primary_county_fips":"51107","release_vintage":"2026.02.09","source_layer":"building","source_name":"Vantage VA11","source_operator":"Vantage Data Centers","source_record_id":"00701924665","source_ref":"VA11","source_reported_county_fipses":["51107"]},"type":"Feature"},{"geometry":{"coordinates":[-77.41165153795028,38.988603084770965],"type":"Point"},"id":"fac_im3_building_00701924667","properties":{"county_fipses":["51107"],"data_status":"provisional_source_record","display_name":"Amazon IAD90","entity_id":"fac_im3_building_00701924667","entity_type":"facility","footprint_sqft":147749.0,"geography_assignment_method":"point_in_polygon","primary_county_fips":"51107","release_vintage":"2026.02.09","source_layer":"building","source_name":"Amazon IAD90","source_operator":"Amazon Web Services","source_record_id":"00701924667","source_ref":"IAD90","source_reported_county_fipses":["51107"]},"type":"Feature"},{"geometry":{"coordinates":[-77.4111191682655,38.987847160473734],"type":"Point"},"id":"fac_im3_building_00701924668","properties":{"county_fipses":["51107"],"data_status":"provisional_source_record","display_name":"Amazon IAD91","entity_id":"fac_im3_building_00701924668","entity_type":"facility","footprint_sqft":149486.0,"geography_assignment_method":"point_in_polygon","primary_county_fips":"51107","release_vintage":"2026.02.09","source_layer":"building","source_name":"Amazon IAD91","source_operator":"Amazon Web Services","source_record_id":"00701924668","source_ref":"IAD91","source_reported_county_fipses":["51107"]},"type":"Feature"},{"geometry":{"coordinates":[-77.41047540861862,38.98694260549739],"type":"Point"},"id":"fac_im3_building_00701924669","properties":{"county_fipses":["51107"],"data_status":"provisional_source_record","display_name":"Amazon IAD92","entity_id":"fac_im3_building_00701924669","entity_type":"facility","footprint_sqft":149857.0,"geography_assignment_method":"point_in_polygon","primary_county_fips":"51107","release_vintage":"2026.02.09","source_layer":"building","source_name":"Amazon IAD92","source_operator":"Amazon Web Services","source_record_id":"00701924669","source_ref":"IAD92","source_reported_county_fipses":["51107"]},"type":"Feature"},{"geometry":{"coordinates":[-77.42742182982602,38.981642917536455],"type":"Point"},"id":"fac_im3_building_00701929066","properties":{"county_fipses":["51107"],"data_status":"provisional_source_record","display_name":"Amazon IAD144","entity_id":"fac_im3_building_00701929066","entity_type":"facility","footprint_sqft":150384.0,"geography_assignment_method":"point_in_polygon","primary_county_fips":"51107","release_vintage":"2026.02.09","source_layer":"building","source_name":"Amazon IAD144","source_operator":"Amazon Web Services","source_record_id":"00701929066","source_ref":"IAD144","source_reported_county_fipses":["51107"]},"type":"Feature"},{"geometry":{"coordinates":[-77.41322000920242,39.021167383773054],"type":"Point"},"id":"fac_im3_building_00701930919","properties":{"county_fipses":["51107"],"data_status":"provisional_source_record","display_name":"CyrusOne NVA8","entity_id":"fac_im3_building_00701930919","entity_type":"facility","footprint_sqft":154011.0,"geography_assignment_method":"point_in_polygon","primary_county_fips":"51107","release_vintage":"2026.02.09","source_layer":"building","source_name":"CyrusOne NVA8","source_operator":"CyrusOne","source_record_id":"00701930919","source_ref":"NVA8","source_reported_county_fipses":["51107"]},"type":"Feature"},{"geometry":{"coordinates":[-77.43388565556346,39.02022492908554],"type":"Point"},"id":"fac_im3_building_00701930920","properties":{"county_fipses":["51107"],"data_status":"provisional_source_record","display_name":"Amazon IAD98","entity_id":"fac_im3_building_00701930920","entity_type":"facility","footprint_sqft":150826.0,"geography_assignment_method":"point_in_polygon","primary_county_fips":"51107","release_vintage":"2026.02.09","source_layer":"building","source_name":"Amazon IAD98","source_operator":"Amazon Web Services","source_record_id":"00701930920","source_ref":"IAD98","source_reported_county_fipses":["51107"]},"type":"Feature"},{"geometry":{"coordinates":[-77.43402989103284,39.01916893584491],"type":"Point"},"id":"fac_im3_building_00701930921","properties":{"county_fipses":["51107"],"data_status":"provisional_source_record","display_name":"Amazon IAD99","entity_id":"fac_im3_building_00701930921","entity_type":"facility","footprint_sqft":150804.0,"geography_assignment_method":"point_in_polygon","primary_county_fips":"51107","release_vintage":"2026.02.09","source_layer":"building","source_name":"Amazon IAD99","source_operator":"Amazon Web Services","source_record_id":"00701930921","source_ref":"IAD99","source_reported_county_fipses":["51107"]},"type":"Feature"},{"geometry":{"coordinates":[-77.45069857065232,39.03549407754049],"type":"Point"},"id":"fac_im3_building_00701930929","properties":{"county_fipses":["51107"],"data_status":"provisional_source_record","display_name":"Amazon IAD114","entity_id":"fac_im3_building_00701930929","entity_type":"facility","footprint_sqft":148005.0,"geography_assignment_method":"point_in_polygon","primary_county_fips":"51107","release_vintage":"2026.02.09","source_layer":"building","source_name":"Amazon IAD114","source_operator":"Amazon Web Services","source_record_id":"00701930929","source_ref":"IAD114","source_reported_county_fipses":["51107"]},"type":"Feature"},{"geometry":{"coordinates":[-77.44979480828684,39.03629402145032],"type":"Point"},"id":"fac_im3_building_00701930930","properties":{"county_fipses":["51107"],"data_status":"provisional_source_record","display_name":"Amazon IAD115","entity_id":"fac_im3_building_00701930930","entity_type":"facility","footprint_sqft":146333.0,"geography_assignment_method":"point_in_polygon","primary_county_fips":"51107","release_vintage":"2026.02.09","source_layer":"building","source_name":"Amazon IAD115","source_operator":"Amazon Web Services","source_record_id":"00701930930","source_ref":"IAD115","source_reported_county_fipses":["51107"]},"type":"Feature"},{"geometry":{"coordinates":[-77.49436645394151,38.917010722177295],"type":"Point"},"id":"fac_im3_building_00701931819","properties":{"county_fipses":["51107"],"data_status":"provisional_source_record","display_name":"Amazon IAD65","entity_id":"fac_im3_building_00701931819","entity_type":"facility","footprint_sqft":151356.0,"geography_assignment_method":"point_in_polygon","primary_county_fips":"51107","release_vintage":"2026.02.09","source_layer":"building","source_name":"Amazon IAD65","source_operator":"Amazon Web Services","source_record_id":"00701931819","source_ref":"IAD65","source_reported_county_fipses":["51107"]},"type":"Feature"},{"geometry":{"coordinates":[-77.47725088518797,38.91607635389445],"type":"Point"},"id":"fac_im3_building_00701931820","properties":{"county_fipses":["51107"],"data_status":"provisional_source_record","display_name":"Amazon IAD150","entity_id":"fac_im3_building_00701931820","entity_type":"facility","footprint_sqft":213595.0,"geography_assignment_method":"point_in_polygon","primary_county_fips":"51107","release_vintage":"2026.02.09","source_layer":"building","source_name":"Amazon IAD150","source_operator":"Amazon Web Services","source_record_id":"00701931820","source_ref":"IAD150","source_reported_county_fipses":["51107"]},"type":"Feature"},{"geometry":{"coordinates":[-106.54217512466619,35.04834871785767],"type":"Point"},"id":"fac_im3_building_00706081342","properties":{"county_fipses":["35001"],"data_status":"provisional_source_record","display_name":"Unnamed IM3 building 00706081342","entity_id":"fac_im3_building_00706081342","entity_type":"facility","footprint_sqft":43011.0,"geography_assignment_method":"point_in_polygon","primary_county_fips":"35001","release_vintage":"2026.02.09","source_layer":"building","source_name":null,"source_operator":null,"source_record_id":"00706081342","source_ref":"725","source_reported_county_fipses":["35001"]},"type":"Feature"},{"geometry":{"coordinates":[-120.87021590519326,44.28727726878123],"type":"Point"},"id":"fac_im3_building_00706759844","properties":{"county_fipses":["41013"],"data_status":"provisional_source_record","display_name":"Unnamed IM3 building 00706759844","entity_id":"fac_im3_building_00706759844","entity_type":"facility","footprint_sqft":344665.0,"geography_assignment_method":"point_in_polygon","primary_county_fips":"41013","release_vintage":"2026.02.09","source_layer":"building","source_name":null,"source_operator":null,"source_record_id":"00706759844","source_ref":null,"source_reported_county_fipses":["41013"]},"type":"Feature"},{"geometry":{"coordinates":[-120.88151890467707,44.29368315614664],"type":"Point"},"id":"fac_im3_building_00706759845","properties":{"county_fipses":["41013"],"data_status":"provisional_source_record","display_name":"Unnamed IM3 building 00706759845","entity_id":"fac_im3_building_00706759845","entity_type":"facility","footprint_sqft":328376.0,"geography_assignment_method":"point_in_polygon","primary_county_fips":"41013","release_vintage":"2026.02.09","source_layer":"building","source_name":null,"source_operator":null,"source_record_id":"00706759845","source_ref":null,"source_reported_county_fipses":["41013"]},"type":"Feature"},{"geometry":{"coordinates":[-119.36661621765712,45.79780879526037],"type":"Point"},"id":"fac_im3_building_00706776322","properties":{"county_fipses":["41059"],"data_status":"provisional_source_record","display_name":"Amazon PDX80","entity_id":"fac_im3_building_00706776322","entity_type":"facility","footprint_sqft":215703.0,"geography_assignment_method":"point_in_polygon","primary_county_fips":"41059","release_vintage":"2026.02.09","source_layer":"building","source_name":"Amazon PDX80","source_operator":"Amazon Web Services","source_record_id":"00706776322","source_ref":"PDX80","source_reported_county_fipses":["41059"]},"type":"Feature"},{"geometry":{"coordinates":[-77.47827343879716,39.01541716578102],"type":"Point"},"id":"fac_im3_building_00708916484","properties":{"county_fipses":["51107"],"data_status":"provisional_source_record","display_name":"Unnamed IM3 building 00708916484","entity_id":"fac_im3_building_00708916484","entity_type":"facility","footprint_sqft":144382.0,"geography_assignment_method":"point_in_polygon","primary_county_fips":"51107","release_vintage":"2026.02.09","source_layer":"building","source_name":null,"source_operator":null,"source_record_id":"00708916484","source_ref":null,"source_reported_county_fipses":["51107"]},"type":"Feature"},{"geometry":{"coordinates":[-77.53957659001316,39.052640581183034],"type":"Point"},"id":"fac_im3_building_00710070925","properties":{"county_fipses":["51107"],"data_status":"provisional_source_record","display_name":"Google Data Center","entity_id":"fac_im3_building_00710070925","entity_type":"facility","footprint_sqft":140634.0,"geography_assignment_method":"point_in_polygon","primary_county_fips":"51107","release_vintage":"2026.02.09","source_layer":"building","source_name":"Google Data Center","source_operator":"Google","source_record_id":"00710070925","source_ref":null,"source_reported_county_fipses":["51107"]},"type":"Feature"},{"geometry":{"coordinates":[-84.58121647346032,33.74422840992556],"type":"Point"},"id":"fac_im3_building_00713410334","properties":{"county_fipses":["13097"],"data_status":"provisional_source_record","display_name":"Centersquare Atlanta ATL1","entity_id":"fac_im3_building_00713410334","entity_type":"facility","footprint_sqft":249314.0,"geography_assignment_method":"point_in_polygon","primary_county_fips":"13097","release_vintage":"2026.02.09","source_layer":"building","source_name":"Centersquare Atlanta ATL1","source_operator":null,"source_record_id":"00713410334","source_ref":"ATL1","source_reported_county_fipses":["13097"]},"type":"Feature"},{"geometry":{"coordinates":[-87.96490377244766,41.99439647260606],"type":"Point"},"id":"fac_im3_building_00713428715","properties":{"county_fipses":["17031"],"data_status":"provisional_source_record","display_name":"Digital Realty CH3","entity_id":"fac_im3_building_00713428715","entity_type":"facility","footprint_sqft":348220.0,"geography_assignment_method":"point_in_polygon","primary_county_fips":"17031","release_vintage":"2026.02.09","source_layer":"building","source_name":"Digital Realty CH3","source_operator":"Digital Realty","source_record_id":"00713428715","source_ref":"CH3","source_reported_county_fipses":["17031"]},"type":"Feature"},{"geometry":{"coordinates":[-87.95773561339534,41.994463823169475],"type":"Point"},"id":"fac_im3_building_00713433204","properties":{"county_fipses":["17031"],"data_status":"provisional_source_record","display_name":"Digital Realty CH2","entity_id":"fac_im3_building_00713433204","entity_type":"facility","footprint_sqft":302974.0,"geography_assignment_method":"point_in_polygon","primary_county_fips":"17031","release_vintage":"2026.02.09","source_layer":"building","source_name":"Digital Realty CH2","source_operator":"Digital Realty","source_record_id":"00713433204","source_ref":"CH2","source_reported_county_fipses":["17031"]},"type":"Feature"},{"geometry":{"coordinates":[-74.07270033730751,40.77751886890039],"type":"Point"},"id":"fac_im3_building_00714139865","properties":{"county_fipses":["34017"],"data_status":"provisional_source_record","display_name":"Equinix Secaucus NY6","entity_id":"fac_im3_building_00714139865","entity_type":"facility","footprint_sqft":70938.0,"geography_assignment_method":"point_in_polygon","primary_county_fips":"34017","release_vintage":"2026.02.09","source_layer":"building","source_name":"Equinix Secaucus NY6","source_operator":"Equinix","source_record_id":"00714139865","source_ref":null,"source_reported_county_fipses":["34017"]},"type":"Feature"},{"geometry":{"coordinates":[-74.51939325696017,40.57989412652374],"type":"Point"},"id":"fac_im3_building_00714943309","properties":{"county_fipses":["34035"],"data_status":"provisional_source_record","display_name":"PSE&G Delivery Emergency Response Center","entity_id":"fac_im3_building_00714943309","entity_type":"facility","footprint_sqft":85030.0,"geography_assignment_method":"point_in_polygon","primary_county_fips":"34035","release_vintage":"2026.02.09","source_layer":"building","source_name":"PSE&G Delivery Emergency Response Center","source_operator":"PSE&G","source_record_id":"00714943309","source_ref":null,"source_reported_county_fipses":["34035"]},"type":"Feature"},{"geometry":{"coordinates":[-92.52212055150673,44.07081644375691],"type":"Point"},"id":"fac_im3_building_00718465287","properties":{"county_fipses":["27109"],"data_status":"provisional_source_record","display_name":"Epic / Mayo Data Center","entity_id":"fac_im3_building_00718465287","entity_type":"facility","footprint_sqft":48317.0,"geography_assignment_method":"point_in_polygon","primary_county_fips":"27109","release_vintage":"2026.02.09","source_layer":"building","source_name":"Epic / Mayo Data Center","source_operator":null,"source_record_id":"00718465287","source_ref":null,"source_reported_county_fipses":["27109"]},"type":"Feature"},{"geometry":{"coordinates":[-96.4028549048576,33.971721452767405],"type":"Point"},"id":"fac_im3_building_00726150321","properties":{"county_fipses":["40013"],"data_status":"provisional_source_record","display_name":"Choctaw Nation of Oklahoma Data Center","entity_id":"fac_im3_building_00726150321","entity_type":"facility","footprint_sqft":13494.0,"geography_assignment_method":"point_in_polygon","primary_county_fips":"40013","release_vintage":"2026.02.09","source_layer":"building","source_name":"Choctaw Nation of Oklahoma Data Center","source_operator":"Choctaw Nation of oklahoma","source_record_id":"00726150321","source_ref":null,"source_reported_county_fipses":["40013"]},"type":"Feature"},{"geometry":{"coordinates":[-122.92783045218715,45.558767154104125],"type":"Point"},"id":"fac_im3_building_00729192992","properties":{"county_fipses":["41067"],"data_status":"provisional_source_record","display_name":"QTS Data Center Bld 1","entity_id":"fac_im3_building_00729192992","entity_type":"facility","footprint_sqft":157854.0,"geography_assignment_method":"point_in_polygon","primary_county_fips":"41067","release_vintage":"2026.02.09","source_layer":"building","source_name":"QTS Data Center Bld 1","source_operator":"Quality Technology Services","source_record_id":"00729192992","source_ref":null,"source_reported_county_fipses":["41067"]},"type":"Feature"},{"geometry":{"coordinates":[-74.24350729682128,40.584343135171615],"type":"Point"},"id":"fac_im3_building_00729376485","properties":{"county_fipses":["34023"],"data_status":"provisional_source_record","display_name":"Unnamed IM3 building 00729376485","entity_id":"fac_im3_building_00729376485","entity_type":"facility","footprint_sqft":159389.0,"geography_assignment_method":"point_in_polygon","primary_county_fips":"34023","release_vintage":"2026.02.09","source_layer":"building","source_name":null,"source_operator":null,"source_record_id":"00729376485","source_ref":null,"source_reported_county_fipses":["34023"]},"type":"Feature"},{"geometry":{"coordinates":[-111.95483766374481,40.756306581410776],"type":"Point"},"id":"fac_im3_building_00729696933","properties":{"county_fipses":["49035"],"data_status":"provisional_source_record","display_name":"Flexential Salt Lake City - Downtown","entity_id":"fac_im3_building_00729696933","entity_type":"facility","footprint_sqft":63362.0,"geography_assignment_method":"point_in_polygon","primary_county_fips":"49035","release_vintage":"2026.02.09","source_layer":"building","source_name":"Flexential Salt Lake City - Downtown","source_operator":"Flexential","source_record_id":"00729696933","source_ref":null,"source_reported_county_fipses":["49035"]},"type":"Feature"},{"geometry":{"coordinates":[-123.00186141171869,44.92654909196885],"type":"Point"},"id":"fac_im3_building_00733721782","properties":{"county_fipses":["41047"],"data_status":"provisional_source_record","display_name":"Oregon State Data Center","entity_id":"fac_im3_building_00733721782","entity_type":"facility","footprint_sqft":46536.0,"geography_assignment_method":"point_in_polygon","primary_county_fips":"41047","release_vintage":"2026.02.09","source_layer":"building","source_name":"Oregon State Data Center","source_operator":"State of Oregon","source_record_id":"00733721782","source_ref":null,"source_reported_county_fipses":["41047"]},"type":"Feature"},{"geometry":{"coordinates":[-122.91685270250117,45.56799342826786],"type":"Point"},"id":"fac_im3_building_00734323663","properties":{"county_fipses":["41067"],"data_status":"provisional_source_record","display_name":"Digital Realty PDX11 Data Center","entity_id":"fac_im3_building_00734323663","entity_type":"facility","footprint_sqft":283056.0,"geography_assignment_method":"point_in_polygon","primary_county_fips":"41067","release_vintage":"2026.02.09","source_layer":"building","source_name":"Digital Realty PDX11 Data Center","source_operator":"Digital Realty","source_record_id":"00734323663","source_ref":null,"source_reported_county_fipses":["41067"]},"type":"Feature"},{"geometry":{"coordinates":[-80.19329665075328,26.190085718944182],"type":"Point"},"id":"fac_im3_building_00741629998","properties":{"county_fipses":["12011"],"data_status":"provisional_source_record","display_name":"Flexential Fort Lauderdale","entity_id":"fac_im3_building_00741629998","entity_type":"facility","footprint_sqft":73580.0,"geography_assignment_method":"point_in_polygon","primary_county_fips":"12011","release_vintage":"2026.02.09","source_layer":"building","source_name":"Flexential Fort Lauderdale","source_operator":"Flexential","source_record_id":"00741629998","source_ref":null,"source_reported_county_fipses":["12011"]},"type":"Feature"},{"geometry":{"coordinates":[-95.48652634626161,30.17778285074309],"type":"Point"},"id":"fac_im3_building_00744177375","properties":{"county_fipses":["48339"],"data_status":"provisional_source_record","display_name":"Unnamed IM3 building 00744177375","entity_id":"fac_im3_building_00744177375","entity_type":"facility","footprint_sqft":126121.0,"geography_assignment_method":"point_in_polygon","primary_county_fips":"48339","release_vintage":"2026.02.09","source_layer":"building","source_name":null,"source_operator":null,"source_record_id":"00744177375","source_ref":null,"source_reported_county_fipses":["48339"]},"type":"Feature"},{"geometry":{"coordinates":[-77.4246254873571,38.98255213281915],"type":"Point"},"id":"fac_im3_building_00744491691","properties":{"county_fipses":["51107"],"data_status":"provisional_source_record","display_name":"Amazon IAD145","entity_id":"fac_im3_building_00744491691","entity_type":"facility","footprint_sqft":103663.0,"geography_assignment_method":"point_in_polygon","primary_county_fips":"51107","release_vintage":"2026.02.09","source_layer":"building","source_name":"Amazon IAD145","source_operator":"Amazon Web Services","source_record_id":"00744491691","source_ref":"IAD145","source_reported_county_fipses":["51107"]},"type":"Feature"},{"geometry":{"coordinates":[-77.41909467085335,39.02369830815542],"type":"Point"},"id":"fac_im3_building_00744496741","properties":{"county_fipses":["51107"],"data_status":"provisional_source_record","display_name":"Amazon Web Services IAD117","entity_id":"fac_im3_building_00744496741","entity_type":"facility","footprint_sqft":102452.0,"geography_assignment_method":"point_in_polygon","primary_county_fips":"51107","release_vintage":"2026.02.09","source_layer":"building","source_name":"Amazon Web Services IAD117","source_operator":"Amazon Web Services","source_record_id":"00744496741","source_ref":"IAD117","source_reported_county_fipses":["51107"]},"type":"Feature"},{"geometry":{"coordinates":[-77.42043928426207,39.02434599828099],"type":"Point"},"id":"fac_im3_building_00744496750","properties":{"county_fipses":["51107"],"data_status":"provisional_source_record","display_name":"Amazon Web Services IAD116","entity_id":"fac_im3_building_00744496750","entity_type":"facility","footprint_sqft":102629.0,"geography_assignment_method":"point_in_polygon","primary_county_fips":"51107","release_vintage":"2026.02.09","source_layer":"building","source_name":"Amazon Web Services IAD116","source_operator":"Amazon Web Services","source_record_id":"00744496750","source_ref":"IAD116","source_reported_county_fipses":["51107"]},"type":"Feature"},{"geometry":{"coordinates":[-115.10126087457563,36.24816478211208],"type":"Point"},"id":"fac_im3_building_00746278786","properties":{"county_fipses":["32003"],"data_status":"provisional_source_record","display_name":"Flexential Las Vegas - North","entity_id":"fac_im3_building_00746278786","entity_type":"facility","footprint_sqft":110728.0,"geography_assignment_method":"point_in_polygon","primary_county_fips":"32003","release_vintage":"2026.02.09","source_layer":"building","source_name":"Flexential Las Vegas - North","source_operator":"Flexential","source_record_id":"00746278786","source_ref":null,"source_reported_county_fipses":["32003"]},"type":"Feature"},{"geometry":{"coordinates":[-98.52473125692119,33.95337794611651],"type":"Point"},"id":"fac_im3_building_00747985149","properties":{"county_fipses":["48485"],"data_status":"provisional_source_record","display_name":"Unnamed IM3 building 00747985149","entity_id":"fac_im3_building_00747985149","entity_type":"facility","footprint_sqft":39127.0,"geography_assignment_method":"point_in_polygon","primary_county_fips":"48485","release_vintage":"2026.02.09","source_layer":"building","source_name":null,"source_operator":null,"source_record_id":"00747985149","source_ref":null,"source_reported_county_fipses":["48485"]},"type":"Feature"},{"geometry":{"coordinates":[-121.3285496442757,44.04740740013566],"type":"Point"},"id":"fac_im3_building_00752001022","properties":{"county_fipses":["41017"],"data_status":"provisional_source_record","display_name":"Unnamed IM3 building 00752001022","entity_id":"fac_im3_building_00752001022","entity_type":"facility","footprint_sqft":11249.0,"geography_assignment_method":"point_in_polygon","primary_county_fips":"41017","release_vintage":"2026.02.09","source_layer":"building","source_name":null,"source_operator":null,"source_record_id":"00752001022","source_ref":null,"source_reported_county_fipses":["41017"]},"type":"Feature"},{"geometry":{"coordinates":[-83.77960216531768,42.968713165412495],"type":"Point"},"id":"fac_im3_building_00755540694","properties":{"county_fipses":["26049"],"data_status":"provisional_source_record","display_name":"Unnamed IM3 building 00755540694","entity_id":"fac_im3_building_00755540694","entity_type":"facility","footprint_sqft":36835.0,"geography_assignment_method":"point_in_polygon","primary_county_fips":"26049","release_vintage":"2026.02.09","source_layer":"building","source_name":null,"source_operator":null,"source_record_id":"00755540694","source_ref":null,"source_reported_county_fipses":["26049"]},"type":"Feature"},{"geometry":{"coordinates":[-74.70962307676368,40.59934510477914],"type":"Point"},"id":"fac_im3_building_00756382879","properties":{"county_fipses":["34035"],"data_status":"provisional_source_record","display_name":"Unnamed IM3 building 00756382879","entity_id":"fac_im3_building_00756382879","entity_type":"facility","footprint_sqft":19551.0,"geography_assignment_method":"point_in_polygon","primary_county_fips":"34035","release_vintage":"2026.02.09","source_layer":"building","source_name":null,"source_operator":null,"source_record_id":"00756382879","source_ref":null,"source_reported_county_fipses":["34035"]},"type":"Feature"},{"geometry":{"coordinates":[-74.71011198716056,40.59971850671678],"type":"Point"},"id":"fac_im3_building_00756382880","properties":{"county_fipses":["34035"],"data_status":"provisional_source_record","display_name":"Unnamed IM3 building 00756382880","entity_id":"fac_im3_building_00756382880","entity_type":"facility","footprint_sqft":54527.0,"geography_assignment_method":"point_in_polygon","primary_county_fips":"34035","release_vintage":"2026.02.09","source_layer":"building","source_name":null,"source_operator":null,"source_record_id":"00756382880","source_ref":null,"source_reported_county_fipses":["34035"]},"type":"Feature"},{"geometry":{"coordinates":[-106.78034710972685,34.83004000903251],"type":"Point"},"id":"fac_im3_building_00756778306","properties":{"county_fipses":["35061"],"data_status":"provisional_source_record","display_name":"Meta","entity_id":"fac_im3_building_00756778306","entity_type":"facility","footprint_sqft":543736.0,"geography_assignment_method":"point_in_polygon","primary_county_fips":"35061","release_vintage":"2026.02.09","source_layer":"building","source_name":"Meta","source_operator":"Meta","source_record_id":"00756778306","source_ref":"2","source_reported_county_fipses":["35061"]},"type":"Feature"},{"geometry":{"coordinates":[-78.7839857849851,35.76675058444294],"type":"Point"},"id":"fac_im3_building_00758278314","properties":{"county_fipses":["37183"],"data_status":"provisional_source_record","display_name":"iGLASS Networks","entity_id":"fac_im3_building_00758278314","entity_type":"facility","footprint_sqft":8134.0,"geography_assignment_method":"point_in_polygon","primary_county_fips":"37183","release_vintage":"2026.02.09","source_layer":"building","source_name":"iGLASS Networks","source_operator":null,"source_record_id":"00758278314","source_ref":null,"source_reported_county_fipses":["37183"]},"type":"Feature"},{"geometry":{"coordinates":[-88.73398014165807,42.83365364525283],"type":"Point"},"id":"fac_im3_building_00758306877","properties":{"county_fipses":["55127"],"data_status":"provisional_source_record","display_name":"Central Office","entity_id":"fac_im3_building_00758306877","entity_type":"facility","footprint_sqft":9001.0,"geography_assignment_method":"point_in_polygon","primary_county_fips":"55127","release_vintage":"2026.02.09","source_layer":"building","source_name":"Central Office","source_operator":"AT&T","source_record_id":"00758306877","source_ref":null,"source_reported_county_fipses":["55127"]},"type":"Feature"},{"geometry":{"coordinates":[-113.29267194552415,46.33213162016486],"type":"Point"},"id":"fac_im3_building_00758426349","properties":{"county_fipses":["30039"],"data_status":"provisional_source_record","display_name":"Unnamed IM3 building 00758426349","entity_id":"fac_im3_building_00758426349","entity_type":"facility","footprint_sqft":1510.0,"geography_assignment_method":"point_in_polygon","primary_county_fips":"30039","release_vintage":"2026.02.09","source_layer":"building","source_name":null,"source_operator":null,"source_record_id":"00758426349","source_ref":null,"source_reported_county_fipses":["30039"]},"type":"Feature"},{"geometry":{"coordinates":[-74.68281624993381,40.528071800135834],"type":"Point"},"id":"fac_im3_building_00758580536","properties":{"county_fipses":["34035"],"data_status":"provisional_source_record","display_name":"Vital Records","entity_id":"fac_im3_building_00758580536","entity_type":"facility","footprint_sqft":7942.0,"geography_assignment_method":"point_in_polygon","primary_county_fips":"34035","release_vintage":"2026.02.09","source_layer":"building","source_name":"Vital Records","source_operator":null,"source_record_id":"00758580536","source_ref":null,"source_reported_county_fipses":["34035"]},"type":"Feature"},{"geometry":{"coordinates":[-74.70559634852464,40.555692492579],"type":"Point"},"id":"fac_im3_building_00761185667","properties":{"county_fipses":["34035"],"data_status":"provisional_source_record","display_name":"Verizon Wireless NE Headquarters","entity_id":"fac_im3_building_00761185667","entity_type":"facility","footprint_sqft":156691.0,"geography_assignment_method":"point_in_polygon","primary_county_fips":"34035","release_vintage":"2026.02.09","source_layer":"building","source_name":"Verizon Wireless NE Headquarters","source_operator":null,"source_record_id":"00761185667","source_ref":null,"source_reported_county_fipses":["34035"]},"type":"Feature"},{"geometry":{"coordinates":[-77.23731114669016,37.483928208517945],"type":"Point"},"id":"fac_im3_building_00762116506","properties":{"county_fipses":["51087"],"data_status":"provisional_source_record","display_name":"Meta Henrico Data Center","entity_id":"fac_im3_building_00762116506","entity_type":"facility","footprint_sqft":588189.0,"geography_assignment_method":"point_in_polygon","primary_county_fips":"51087","release_vintage":"2026.02.09","source_layer":"building","source_name":"Meta Henrico Data Center","source_operator":"Meta","source_record_id":"00762116506","source_ref":null,"source_reported_county_fipses":["51087"]},"type":"Feature"},{"geometry":{"coordinates":[-88.34487612453424,44.20445478438387],"type":"Point"},"id":"fac_im3_building_00766768556","properties":{"county_fipses":["55015"],"data_status":"provisional_source_record","display_name":"Involta","entity_id":"fac_im3_building_00766768556","entity_type":"facility","footprint_sqft":60180.0,"geography_assignment_method":"point_in_polygon","primary_county_fips":"55015","release_vintage":"2026.02.09","source_layer":"building","source_name":null,"source_operator":"Involta","source_record_id":"00766768556","source_ref":null,"source_reported_county_fipses":["55015"]},"type":"Feature"},{"geometry":{"coordinates":[-120.87943460143899,44.29909531760913],"type":"Point"},"id":"fac_im3_building_00772827597","properties":{"county_fipses":["41013"],"data_status":"provisional_source_record","display_name":"Unnamed IM3 building 00772827597","entity_id":"fac_im3_building_00772827597","entity_type":"facility","footprint_sqft":630160.0,"geography_assignment_method":"point_in_polygon","primary_county_fips":"41013","release_vintage":"2026.02.09","source_layer":"building","source_name":null,"source_operator":null,"source_record_id":"00772827597","source_ref":null,"source_reported_county_fipses":["41013"]},"type":"Feature"},{"geometry":{"coordinates":[-120.88988386659982,44.30125484226488],"type":"Point"},"id":"fac_im3_building_00772827601","properties":{"county_fipses":["41013"],"data_status":"provisional_source_record","display_name":"Unnamed IM3 building 00772827601","entity_id":"fac_im3_building_00772827601","entity_type":"facility","footprint_sqft":622980.0,"geography_assignment_method":"point_in_polygon","primary_county_fips":"41013","release_vintage":"2026.02.09","source_layer":"building","source_name":null,"source_operator":null,"source_record_id":"00772827601","source_ref":null,"source_reported_county_fipses":["41013"]},"type":"Feature"},{"geometry":{"coordinates":[-83.44414059814616,42.23532661902879],"type":"Point"},"id":"fac_im3_building_00773848531","properties":{"county_fipses":["26163"],"data_status":"provisional_source_record","display_name":"US Signal","entity_id":"fac_im3_building_00773848531","entity_type":"facility","footprint_sqft":24599.0,"geography_assignment_method":"point_in_polygon","primary_county_fips":"26163","release_vintage":"2026.02.09","source_layer":"building","source_name":null,"source_operator":"US Signal","source_record_id":"00773848531","source_ref":null,"source_reported_county_fipses":["26163"]},"type":"Feature"},{"geometry":{"coordinates":[-119.54236274853601,39.56771439975202],"type":"Point"},"id":"fac_im3_building_00775412066","properties":{"county_fipses":["32031"],"data_status":"provisional_source_record","display_name":"Unnamed IM3 building 00775412066","entity_id":"fac_im3_building_00775412066","entity_type":"facility","footprint_sqft":89831.0,"geography_assignment_method":"point_in_polygon","primary_county_fips":"32031","release_vintage":"2026.02.09","source_layer":"building","source_name":null,"source_operator":null,"source_record_id":"00775412066","source_ref":null,"source_reported_county_fipses":["32031"]},"type":"Feature"},{"geometry":{"coordinates":[-119.54320948328537,39.5675010277547],"type":"Point"},"id":"fac_im3_building_00775412067","properties":{"county_fipses":["32031"],"data_status":"provisional_source_record","display_name":"Unnamed IM3 building 00775412067","entity_id":"fac_im3_building_00775412067","entity_type":"facility","footprint_sqft":89571.0,"geography_assignment_method":"point_in_polygon","primary_county_fips":"32031","release_vintage":"2026.02.09","source_layer":"building","source_name":null,"source_operator":null,"source_record_id":"00775412067","source_ref":null,"source_reported_county_fipses":["32031"]},"type":"Feature"},{"geometry":{"coordinates":[-119.54438836390534,39.567160471410034],"type":"Point"},"id":"fac_im3_building_00775412068","properties":{"county_fipses":["32031"],"data_status":"provisional_source_record","display_name":"Unnamed IM3 building 00775412068","entity_id":"fac_im3_building_00775412068","entity_type":"facility","footprint_sqft":88594.0,"geography_assignment_method":"point_in_polygon","primary_county_fips":"32031","release_vintage":"2026.02.09","source_layer":"building","source_name":null,"source_operator":null,"source_record_id":"00775412068","source_ref":null,"source_reported_county_fipses":["32031"]},"type":"Feature"},{"geometry":{"coordinates":[-119.54522686760028,39.56692084061534],"type":"Point"},"id":"fac_im3_building_00775412069","properties":{"county_fipses":["32031"],"data_status":"provisional_source_record","display_name":"Unnamed IM3 building 00775412069","entity_id":"fac_im3_building_00775412069","entity_type":"facility","footprint_sqft":92133.0,"geography_assignment_method":"point_in_polygon","primary_county_fips":"32031","release_vintage":"2026.02.09","source_layer":"building","source_name":null,"source_operator":null,"source_record_id":"00775412069","source_ref":null,"source_reported_county_fipses":["32031"]},"type":"Feature"},{"geometry":{"coordinates":[-119.54797410085595,39.56575835137741],"type":"Point"},"id":"fac_im3_building_00775412072","properties":{"county_fipses":["32031"],"data_status":"provisional_source_record","display_name":"Unnamed IM3 building 00775412072","entity_id":"fac_im3_building_00775412072","entity_type":"facility","footprint_sqft":90711.0,"geography_assignment_method":"point_in_polygon","primary_county_fips":"32031","release_vintage":"2026.02.09","source_layer":"building","source_name":null,"source_operator":null,"source_record_id":"00775412072","source_ref":null,"source_reported_county_fipses":["32031"]},"type":"Feature"},{"geometry":{"coordinates":[-119.54768980080748,39.56510625130509],"type":"Point"},"id":"fac_im3_building_00775412073","properties":{"county_fipses":["32031"],"data_status":"provisional_source_record","display_name":"Unnamed IM3 building 00775412073","entity_id":"fac_im3_building_00775412073","entity_type":"facility","footprint_sqft":89076.0,"geography_assignment_method":"point_in_polygon","primary_county_fips":"32031","release_vintage":"2026.02.09","source_layer":"building","source_name":null,"source_operator":null,"source_record_id":"00775412073","source_ref":null,"source_reported_county_fipses":["32031"]},"type":"Feature"},{"geometry":{"coordinates":[-75.65431290741553,40.54423619107065],"type":"Point"},"id":"fac_im3_building_00777196805","properties":{"county_fipses":["42077"],"data_status":"provisional_source_record","display_name":"Allentown-TekPark","entity_id":"fac_im3_building_00777196805","entity_type":"facility","footprint_sqft":146248.0,"geography_assignment_method":"point_in_polygon","primary_county_fips":"42077","release_vintage":"2026.02.09","source_layer":"building","source_name":"Allentown-TekPark","source_operator":null,"source_record_id":"00777196805","source_ref":null,"source_reported_county_fipses":["42077"]},"type":"Feature"},{"geometry":{"coordinates":[-106.77647063706308,34.83028297052059],"type":"Point"},"id":"fac_im3_building_00777679751","properties":{"county_fipses":["35061"],"data_status":"provisional_source_record","display_name":"Meta","entity_id":"fac_im3_building_00777679751","entity_type":"facility","footprint_sqft":654617.0,"geography_assignment_method":"point_in_polygon","primary_county_fips":"35061","release_vintage":"2026.02.09","source_layer":"building","source_name":"Meta","source_operator":"Meta","source_record_id":"00777679751","source_ref":"1","source_reported_county_fipses":["35061"]},"type":"Feature"},{"geometry":{"coordinates":[-104.83358763919367,39.55907170105136],"type":"Point"},"id":"fac_im3_building_00778989332","properties":{"county_fipses":["08035"],"data_status":"provisional_source_record","display_name":"Unnamed IM3 building 00778989332","entity_id":"fac_im3_building_00778989332","entity_type":"facility","footprint_sqft":28132.0,"geography_assignment_method":"point_in_polygon","primary_county_fips":"08035","release_vintage":"2026.02.09","source_layer":"building","source_name":null,"source_operator":null,"source_record_id":"00778989332","source_ref":null,"source_reported_county_fipses":["08035"]},"type":"Feature"},{"geometry":{"coordinates":[-122.06720998673869,38.24625878204932],"type":"Point"},"id":"fac_im3_building_00780063735","properties":{"county_fipses":["06095"],"data_status":"provisional_source_record","display_name":"PG&E Datacenter","entity_id":"fac_im3_building_00780063735","entity_type":"facility","footprint_sqft":55270.0,"geography_assignment_method":"point_in_polygon","primary_county_fips":"06095","release_vintage":"2026.02.09","source_layer":"building","source_name":"PG&E Datacenter","source_operator":null,"source_record_id":"00780063735","source_ref":null,"source_reported_county_fipses":["06095"]},"type":"Feature"},{"geometry":{"coordinates":[-111.88253182214665,33.26757617844676],"type":"Point"},"id":"fac_im3_building_00781370600","properties":{"county_fipses":["04013"],"data_status":"provisional_source_record","display_name":"CyrusOne PHX6","entity_id":"fac_im3_building_00781370600","entity_type":"facility","footprint_sqft":98354.0,"geography_assignment_method":"point_in_polygon","primary_county_fips":"04013","release_vintage":"2026.02.09","source_layer":"building","source_name":"CyrusOne PHX6","source_operator":"CyrusOne","source_record_id":"00781370600","source_ref":"PHX6","source_reported_county_fipses":["04013"]},"type":"Feature"},{"geometry":{"coordinates":[-93.5163985612244,41.66773731235317],"type":"Point"},"id":"fac_im3_building_00788027103","properties":{"county_fipses":["19153"],"data_status":"provisional_source_record","display_name":"Facebook Altoona Data Center 4","entity_id":"fac_im3_building_00788027103","entity_type":"facility","footprint_sqft":606958.0,"geography_assignment_method":"point_in_polygon","primary_county_fips":"19153","release_vintage":"2026.02.09","source_layer":"building","source_name":"Facebook Altoona Data Center 4","source_operator":"Meta","source_record_id":"00788027103","source_ref":null,"source_reported_county_fipses":["19153"]},"type":"Feature"},{"geometry":{"coordinates":[-77.45822142581041,39.00867671486767],"type":"Point"},"id":"fac_im3_building_00793087858","properties":{"county_fipses":["51107"],"data_status":"provisional_source_record","display_name":"Digital Realty IAD41 (Building P)","entity_id":"fac_im3_building_00793087858","entity_type":"facility","footprint_sqft":396985.0,"geography_assignment_method":"point_in_polygon","primary_county_fips":"51107","release_vintage":"2026.02.09","source_layer":"building","source_name":"Digital Realty IAD41 (Building P)","source_operator":"Digital Realty","source_record_id":"00793087858","source_ref":"IAD41","source_reported_county_fipses":["51107"]},"type":"Feature"},{"geometry":{"coordinates":[-77.43883923491136,39.018507335901674],"type":"Point"},"id":"fac_im3_building_00793087859","properties":{"county_fipses":["51107"],"data_status":"provisional_source_record","display_name":"Amazon IAD118","entity_id":"fac_im3_building_00793087859","entity_type":"facility","footprint_sqft":105629.0,"geography_assignment_method":"point_in_polygon","primary_county_fips":"51107","release_vintage":"2026.02.09","source_layer":"building","source_name":"Amazon IAD118","source_operator":"Amazon Web Services","source_record_id":"00793087859","source_ref":"IAD118","source_reported_county_fipses":["51107"]},"type":"Feature"},{"geometry":{"coordinates":[-77.47057790756796,39.01362014126083],"type":"Point"},"id":"fac_im3_building_00793622740","properties":{"county_fipses":["51107"],"data_status":"provisional_source_record","display_name":"Aligned Ashburn","entity_id":"fac_im3_building_00793622740","entity_type":"facility","footprint_sqft":140140.0,"geography_assignment_method":"point_in_polygon","primary_county_fips":"51107","release_vintage":"2026.02.09","source_layer":"building","source_name":"Aligned Ashburn","source_operator":"Aligned","source_record_id":"00793622740","source_ref":null,"source_reported_county_fipses":["51107"]},"type":"Feature"},{"geometry":{"coordinates":[-77.45025584399268,39.02250015234666],"type":"Point"},"id":"fac_im3_building_00793888408","properties":{"county_fipses":["51107"],"data_status":"provisional_source_record","display_name":"Equinix Ashburn DC15","entity_id":"fac_im3_building_00793888408","entity_type":"facility","footprint_sqft":76665.0,"geography_assignment_method":"point_in_polygon","primary_county_fips":"51107","release_vintage":"2026.02.09","source_layer":"building","source_name":"Equinix Ashburn DC15","source_operator":"Equinix","source_record_id":"00793888408","source_ref":"DC15","source_reported_county_fipses":["51107"]},"type":"Feature"},{"geometry":{"coordinates":[-77.4799880049684,39.01449812159213],"type":"Point"},"id":"fac_im3_building_00793888427","properties":{"county_fipses":["51107"],"data_status":"provisional_source_record","display_name":"Sabey Intergate.Ashburn (Building A)","entity_id":"fac_im3_building_00793888427","entity_type":"facility","footprint_sqft":131966.0,"geography_assignment_method":"point_in_polygon","primary_county_fips":"51107","release_vintage":"2026.02.09","source_layer":"building","source_name":"Sabey Intergate.Ashburn (Building A)","source_operator":"Sabey Data Centers","source_record_id":"00793888427","source_ref":null,"source_reported_county_fipses":["51107"]},"type":"Feature"},{"geometry":{"coordinates":[-77.47261400700225,39.01829557276318],"type":"Point"},"id":"fac_im3_building_00793888429","properties":{"county_fipses":["51107"],"data_status":"provisional_source_record","display_name":"NTT Ashburn VA5 Data Center","entity_id":"fac_im3_building_00793888429","entity_type":"facility","footprint_sqft":124046.0,"geography_assignment_method":"point_in_polygon","primary_county_fips":"51107","release_vintage":"2026.02.09","source_layer":"building","source_name":"NTT Ashburn VA5 Data Center","source_operator":"NTT","source_record_id":"00793888429","source_ref":"VA5","source_reported_county_fipses":["51107"]},"type":"Feature"},{"geometry":{"coordinates":[-77.4725949606788,39.01986885247179],"type":"Point"},"id":"fac_im3_building_00793888430","properties":{"county_fipses":["51107"],"data_status":"provisional_source_record","display_name":"NTT Ashburn VA4 Data Center","entity_id":"fac_im3_building_00793888430","entity_type":"facility","footprint_sqft":160282.0,"geography_assignment_method":"point_in_polygon","primary_county_fips":"51107","release_vintage":"2026.02.09","source_layer":"building","source_name":"NTT Ashburn VA4 Data Center","source_operator":"NTT","source_record_id":"00793888430","source_ref":"VA4","source_reported_county_fipses":["51107"]},"type":"Feature"},{"geometry":{"coordinates":[-77.46278492885698,39.01015664517334],"type":"Point"},"id":"fac_im3_building_00794147654","properties":{"county_fipses":["51107"],"data_status":"provisional_source_record","display_name":"CloudHQ LC1","entity_id":"fac_im3_building_00794147654","entity_type":"facility","footprint_sqft":499194.0,"geography_assignment_method":"point_in_polygon","primary_county_fips":"51107","release_vintage":"2026.02.09","source_layer":"building","source_name":"CloudHQ LC1","source_operator":"CloudHQ","source_record_id":"00794147654","source_ref":"LC1","source_reported_county_fipses":["51107"]},"type":"Feature"},{"geometry":{"coordinates":[-77.46245654474913,39.01176419603625],"type":"Point"},"id":"fac_im3_building_00794147655","properties":{"county_fipses":["51107"],"data_status":"provisional_source_record","display_name":"CloudHQ LC2","entity_id":"fac_im3_building_00794147655","entity_type":"facility","footprint_sqft":252770.0,"geography_assignment_method":"point_in_polygon","primary_county_fips":"51107","release_vintage":"2026.02.09","source_layer":"building","source_name":"CloudHQ LC2","source_operator":"CloudHQ","source_record_id":"00794147655","source_ref":"LC2","source_reported_county_fipses":["51107"]},"type":"Feature"},{"geometry":{"coordinates":[-77.43559835674785,38.9967245725433],"type":"Point"},"id":"fac_im3_building_00794147657","properties":{"county_fipses":["51107"],"data_status":"provisional_source_record","display_name":"Amazon IAD146","entity_id":"fac_im3_building_00794147657","entity_type":"facility","footprint_sqft":103076.0,"geography_assignment_method":"point_in_polygon","primary_county_fips":"51107","release_vintage":"2026.02.09","source_layer":"building","source_name":"Amazon IAD146","source_operator":"Amazon Web Services","source_record_id":"00794147657","source_ref":"IAD146","source_reported_county_fipses":["51107"]},"type":"Feature"},{"geometry":{"coordinates":[-112.36482981743815,33.40794624396243],"type":"Point"},"id":"fac_im3_building_00795384117","properties":{"county_fipses":["04013"],"data_status":"provisional_source_record","display_name":"PHX-10","entity_id":"fac_im3_building_00795384117","entity_type":"facility","footprint_sqft":246184.0,"geography_assignment_method":"point_in_polygon","primary_county_fips":"04013","release_vintage":"2026.02.09","source_layer":"building","source_name":"PHX-10","source_operator":"Microsoft","source_record_id":"00795384117","source_ref":"PHX-10","source_reported_county_fipses":["04013"]},"type":"Feature"},{"geometry":{"coordinates":[-77.45455808439559,39.01182265065321],"type":"Point"},"id":"fac_im3_building_00796933516","properties":{"county_fipses":["51107"],"data_status":"provisional_source_record","display_name":"Equinix Ashburn DC21","entity_id":"fac_im3_building_00796933516","entity_type":"facility","footprint_sqft":78961.0,"geography_assignment_method":"point_in_polygon","primary_county_fips":"51107","release_vintage":"2026.02.09","source_layer":"building","source_name":"Equinix Ashburn DC21","source_operator":"Equinix","source_record_id":"00796933516","source_ref":"DC21","source_reported_county_fipses":["51107"]},"type":"Feature"},{"geometry":{"coordinates":[-73.89790099960555,40.951269750405764],"type":"Point"},"id":"fac_im3_building_00802054282","properties":{"county_fipses":["36119"],"data_status":"provisional_source_record","display_name":"Unnamed IM3 building 00802054282","entity_id":"fac_im3_building_00802054282","entity_type":"facility","footprint_sqft":13426.0,"geography_assignment_method":"point_in_polygon","primary_county_fips":"36119","release_vintage":"2026.02.09","source_layer":"building","source_name":null,"source_operator":null,"source_record_id":"00802054282","source_ref":null,"source_reported_county_fipses":["36119"]},"type":"Feature"},{"geometry":{"coordinates":[-82.74890966242867,40.06527171787832],"type":"Point"},"id":"fac_im3_building_00802160675","properties":{"county_fipses":["39089"],"data_status":"provisional_source_record","display_name":"Meta New Albany Data Center","entity_id":"fac_im3_building_00802160675","entity_type":"facility","footprint_sqft":663286.0,"geography_assignment_method":"point_in_polygon","primary_county_fips":"39089","release_vintage":"2026.02.09","source_layer":"building","source_name":"Meta New Albany Data Center","source_operator":"Meta","source_record_id":"00802160675","source_ref":null,"source_reported_county_fipses":["39089"]},"type":"Feature"},{"geometry":{"coordinates":[-119.8951561143571,47.23709780537748],"type":"Point"},"id":"fac_im3_building_00807374322","properties":{"county_fipses":["53025"],"data_status":"provisional_source_record","display_name":"Unnamed IM3 building 00807374322","entity_id":"fac_im3_building_00807374322","entity_type":"facility","footprint_sqft":216848.0,"geography_assignment_method":"point_in_polygon","primary_county_fips":"53025","release_vintage":"2026.02.09","source_layer":"building","source_name":null,"source_operator":null,"source_record_id":"00807374322","source_ref":null,"source_reported_county_fipses":["53025"]},"type":"Feature"},{"geometry":{"coordinates":[-111.6195525034396,33.344131138754335],"type":"Point"},"id":"fac_im3_building_00808979618","properties":{"county_fipses":["04013"],"data_status":"provisional_source_record","display_name":"EdgeCore","entity_id":"fac_im3_building_00808979618","entity_type":"facility","footprint_sqft":112901.0,"geography_assignment_method":"point_in_polygon","primary_county_fips":"04013","release_vintage":"2026.02.09","source_layer":"building","source_name":"EdgeCore","source_operator":null,"source_record_id":"00808979618","source_ref":null,"source_reported_county_fipses":["04013"]},"type":"Feature"},{"geometry":{"coordinates":[-83.19821400000001,42.21390200001323],"type":"Point"},"id":"fac_im3_building_00812630939","properties":{"county_fipses":["26163"],"data_status":"provisional_source_record","display_name":"Comcast","entity_id":"fac_im3_building_00812630939","entity_type":"facility","footprint_sqft":953.0,"geography_assignment_method":"point_in_polygon","primary_county_fips":"26163","release_vintage":"2026.02.09","source_layer":"building","source_name":"Comcast","source_operator":"Comcast","source_record_id":"00812630939","source_ref":null,"source_reported_county_fipses":["26163"]},"type":"Feature"},{"geometry":{"coordinates":[-104.78638139764935,38.98888835974735],"type":"Point"},"id":"fac_im3_building_00813532303","properties":{"county_fipses":["08041"],"data_status":"provisional_source_record","display_name":"SAP COS02","entity_id":"fac_im3_building_00813532303","entity_type":"facility","footprint_sqft":47705.0,"geography_assignment_method":"point_in_polygon","primary_county_fips":"08041","release_vintage":"2026.02.09","source_layer":"building","source_name":"SAP COS02","source_operator":"SAP","source_record_id":"00813532303","source_ref":"COS02","source_reported_county_fipses":["08041"]},"type":"Feature"},{"geometry":{"coordinates":[-120.2139654565477,47.40724312100206],"type":"Point"},"id":"fac_im3_building_00813688319","properties":{"county_fipses":["53017"],"data_status":"provisional_source_record","display_name":"Unnamed IM3 building 00813688319","entity_id":"fac_im3_building_00813688319","entity_type":"facility","footprint_sqft":102013.0,"geography_assignment_method":"point_in_polygon","primary_county_fips":"53017","release_vintage":"2026.02.09","source_layer":"building","source_name":null,"source_operator":null,"source_record_id":"00813688319","source_ref":null,"source_reported_county_fipses":["53017"]},"type":"Feature"},{"geometry":{"coordinates":[-120.21746237328999,47.39214942683649],"type":"Point"},"id":"fac_im3_building_00814061068","properties":{"county_fipses":["53017"],"data_status":"provisional_source_record","display_name":"Unnamed IM3 building 00814061068","entity_id":"fac_im3_building_00814061068","entity_type":"facility","footprint_sqft":13946.0,"geography_assignment_method":"point_in_polygon","primary_county_fips":"53017","release_vintage":"2026.02.09","source_layer":"building","source_name":null,"source_operator":null,"source_record_id":"00814061068","source_ref":null,"source_reported_county_fipses":["53017"]},"type":"Feature"},{"geometry":{"coordinates":[-120.21787734999982,47.39179410004563],"type":"Point"},"id":"fac_im3_building_00814061069","properties":{"county_fipses":["53017"],"data_status":"provisional_source_record","display_name":"Unnamed IM3 building 00814061069","entity_id":"fac_im3_building_00814061069","entity_type":"facility","footprint_sqft":4004.0,"geography_assignment_method":"point_in_polygon","primary_county_fips":"53017","release_vintage":"2026.02.09","source_layer":"building","source_name":null,"source_operator":null,"source_record_id":"00814061069","source_ref":null,"source_reported_county_fipses":["53017"]},"type":"Feature"},{"geometry":{"coordinates":[-120.2175143749647,47.391756904098365],"type":"Point"},"id":"fac_im3_building_00814061070","properties":{"county_fipses":["53017"],"data_status":"provisional_source_record","display_name":"Unnamed IM3 building 00814061070","entity_id":"fac_im3_building_00814061070","entity_type":"facility","footprint_sqft":4003.0,"geography_assignment_method":"point_in_polygon","primary_county_fips":"53017","release_vintage":"2026.02.09","source_layer":"building","source_name":null,"source_operator":null,"source_record_id":"00814061070","source_ref":null,"source_reported_county_fipses":["53017"]},"type":"Feature"},{"geometry":{"coordinates":[-120.2169013334627,47.39175897510766],"type":"Point"},"id":"fac_im3_building_00814061071","properties":{"county_fipses":["53017"],"data_status":"provisional_source_record","display_name":"Unnamed IM3 building 00814061071","entity_id":"fac_im3_building_00814061071","entity_type":"facility","footprint_sqft":7706.0,"geography_assignment_method":"point_in_polygon","primary_county_fips":"53017","release_vintage":"2026.02.09","source_layer":"building","source_name":null,"source_operator":null,"source_record_id":"00814061071","source_ref":null,"source_reported_county_fipses":["53017"]},"type":"Feature"},{"geometry":{"coordinates":[-97.2554600255551,32.98829583281708],"type":"Point"},"id":"fac_im3_building_00815057182","properties":{"county_fipses":["48439"],"data_status":"provisional_source_record","display_name":"Facebook Fort Worth Datacenter","entity_id":"fac_im3_building_00815057182","entity_type":"facility","footprint_sqft":753193.0,"geography_assignment_method":"point_in_polygon","primary_county_fips":"48439","release_vintage":"2026.02.09","source_layer":"building","source_name":"Facebook Fort Worth Datacenter","source_operator":"Meta","source_record_id":"00815057182","source_ref":null,"source_reported_county_fipses":["48439"]},"type":"Feature"},{"geometry":{"coordinates":[-97.24615495491396,33.004502129194734],"type":"Point"},"id":"fac_im3_building_00815078625","properties":{"county_fipses":["48121"],"data_status":"provisional_source_record","display_name":"Charles Schwab Data Center","entity_id":"fac_im3_building_00815078625","entity_type":"facility","footprint_sqft":79688.0,"geography_assignment_method":"point_in_polygon","primary_county_fips":"48121","release_vintage":"2026.02.09","source_layer":"building","source_name":"Charles Schwab Data Center","source_operator":null,"source_record_id":"00815078625","source_ref":null,"source_reported_county_fipses":["48121"]},"type":"Feature"},{"geometry":{"coordinates":[-77.4175500441367,38.98145515417609],"type":"Point"},"id":"fac_im3_building_00817338831","properties":{"county_fipses":["51107"],"data_status":"provisional_source_record","display_name":"Amazon IAD140","entity_id":"fac_im3_building_00817338831","entity_type":"facility","footprint_sqft":215095.0,"geography_assignment_method":"point_in_polygon","primary_county_fips":"51107","release_vintage":"2026.02.09","source_layer":"building","source_name":"Amazon IAD140","source_operator":"Amazon Web Services","source_record_id":"00817338831","source_ref":"IAD140","source_reported_county_fipses":["51107"]},"type":"Feature"},{"geometry":{"coordinates":[-77.4167856863848,38.98238771254631],"type":"Point"},"id":"fac_im3_building_00817338832","properties":{"county_fipses":["51107"],"data_status":"provisional_source_record","display_name":"Amazon IAD141","entity_id":"fac_im3_building_00817338832","entity_type":"facility","footprint_sqft":216850.0,"geography_assignment_method":"point_in_polygon","primary_county_fips":"51107","release_vintage":"2026.02.09","source_layer":"building","source_name":"Amazon IAD141","source_operator":"Amazon Web Services","source_record_id":"00817338832","source_ref":"IAD141","source_reported_county_fipses":["51107"]},"type":"Feature"},{"geometry":{"coordinates":[-95.93784939082518,41.25729103361583],"type":"Point"},"id":"fac_im3_building_00818167571","properties":{"county_fipses":["31055"],"data_status":"provisional_source_record","display_name":"1623 Farnam","entity_id":"fac_im3_building_00818167571","entity_type":"facility","footprint_sqft":35689.0,"geography_assignment_method":"point_in_polygon","primary_county_fips":"31055","release_vintage":"2026.02.09","source_layer":"building","source_name":"1623 Farnam","source_operator":"News-Press & Gazette Company","source_record_id":"00818167571","source_ref":null,"source_reported_county_fipses":["31055"]},"type":"Feature"},{"geometry":{"coordinates":[-74.1402186895567,40.83344999607061],"type":"Point"},"id":"fac_im3_building_00818790301","properties":{"county_fipses":["34031"],"data_status":"provisional_source_record","display_name":"Credit Suisse: Clifton Data Center","entity_id":"fac_im3_building_00818790301","entity_type":"facility","footprint_sqft":140278.0,"geography_assignment_method":"point_in_polygon","primary_county_fips":"34031","release_vintage":"2026.02.09","source_layer":"building","source_name":"Credit Suisse: Clifton Data Center","source_operator":null,"source_record_id":"00818790301","source_ref":null,"source_reported_county_fipses":["34031"]},"type":"Feature"},{"geometry":{"coordinates":[-86.63779793677823,36.03268133759001],"type":"Point"},"id":"fac_im3_building_00819981888","properties":{"county_fipses":["47037"],"data_status":"provisional_source_record","display_name":"Unnamed IM3 building 00819981888","entity_id":"fac_im3_building_00819981888","entity_type":"facility","footprint_sqft":93318.0,"geography_assignment_method":"point_in_polygon","primary_county_fips":"47037","release_vintage":"2026.02.09","source_layer":"building","source_name":null,"source_operator":null,"source_record_id":"00819981888","source_ref":null,"source_reported_county_fipses":["47037"]},"type":"Feature"},{"geometry":{"coordinates":[-83.1996986090437,40.10257307151942],"type":"Point"},"id":"fac_im3_building_00821081357","properties":{"county_fipses":["39049"],"data_status":"provisional_source_record","display_name":"Amazon Web Services","entity_id":"fac_im3_building_00821081357","entity_type":"facility","footprint_sqft":151703.0,"geography_assignment_method":"point_in_polygon","primary_county_fips":"39049","release_vintage":"2026.02.09","source_layer":"building","source_name":"Amazon Web Services","source_operator":"Amazon Web Services","source_record_id":"00821081357","source_ref":null,"source_reported_county_fipses":["39049"]},"type":"Feature"},{"geometry":{"coordinates":[-83.1997637520824,40.103586628963164],"type":"Point"},"id":"fac_im3_building_00821081358","properties":{"county_fipses":["39049"],"data_status":"provisional_source_record","display_name":"Amazon Web Services","entity_id":"fac_im3_building_00821081358","entity_type":"facility","footprint_sqft":159123.0,"geography_assignment_method":"point_in_polygon","primary_county_fips":"39049","release_vintage":"2026.02.09","source_layer":"building","source_name":"Amazon Web Services","source_operator":"Amazon Web Services","source_record_id":"00821081358","source_ref":null,"source_reported_county_fipses":["39049"]},"type":"Feature"},{"geometry":{"coordinates":[-77.65249934084503,38.8161031223026],"type":"Point"},"id":"fac_im3_building_00828135845","properties":{"county_fipses":["51153"],"data_status":"provisional_source_record","display_name":"Amazon IAD84","entity_id":"fac_im3_building_00828135845","entity_type":"facility","footprint_sqft":152692.0,"geography_assignment_method":"point_in_polygon","primary_county_fips":"51153","release_vintage":"2026.02.09","source_layer":"building","source_name":"Amazon IAD84","source_operator":"Amazon Web Services","source_record_id":"00828135845","source_ref":"IAD84","source_reported_county_fipses":["51153"]},"type":"Feature"},{"geometry":{"coordinates":[-111.84097388722815,33.342616247713266],"type":"Point"},"id":"fac_im3_building_00828228235","properties":{"county_fipses":["04013"],"data_status":"provisional_source_record","display_name":"StrongMind","entity_id":"fac_im3_building_00828228235","entity_type":"facility","footprint_sqft":20604.0,"geography_assignment_method":"point_in_polygon","primary_county_fips":"04013","release_vintage":"2026.02.09","source_layer":"building","source_name":"StrongMind","source_operator":null,"source_record_id":"00828228235","source_ref":null,"source_reported_county_fipses":["04013"]},"type":"Feature"},{"geometry":{"coordinates":[-78.32812683838715,35.839325206702256],"type":"Point"},"id":"fac_im3_building_00830138727","properties":{"county_fipses":["37183"],"data_status":"provisional_source_record","display_name":"BB&T Data Center","entity_id":"fac_im3_building_00830138727","entity_type":"facility","footprint_sqft":143011.0,"geography_assignment_method":"point_in_polygon","primary_county_fips":"37183","release_vintage":"2026.02.09","source_layer":"building","source_name":"BB&T Data Center","source_operator":null,"source_record_id":"00830138727","source_ref":null,"source_reported_county_fipses":["37183"]},"type":"Feature"},{"geometry":{"coordinates":[-93.70254178906356,41.51674074828143],"type":"Point"},"id":"fac_im3_building_00830881731","properties":{"county_fipses":["19153"],"data_status":"provisional_source_record","display_name":"Microsoft","entity_id":"fac_im3_building_00830881731","entity_type":"facility","footprint_sqft":153956.0,"geography_assignment_method":"point_in_polygon","primary_county_fips":"19153","release_vintage":"2026.02.09","source_layer":"building","source_name":"Microsoft","source_operator":"Microsoft","source_record_id":"00830881731","source_ref":null,"source_reported_county_fipses":["19153"]},"type":"Feature"},{"geometry":{"coordinates":[-93.70251346931218,41.51584274137181],"type":"Point"},"id":"fac_im3_building_00830881732","properties":{"county_fipses":["19153"],"data_status":"provisional_source_record","display_name":"Microsoft","entity_id":"fac_im3_building_00830881732","entity_type":"facility","footprint_sqft":149149.0,"geography_assignment_method":"point_in_polygon","primary_county_fips":"19153","release_vintage":"2026.02.09","source_layer":"building","source_name":"Microsoft","source_operator":"Microsoft","source_record_id":"00830881732","source_ref":null,"source_reported_county_fipses":["19153"]},"type":"Feature"},{"geometry":{"coordinates":[-93.70630110395007,41.5158179370744],"type":"Point"},"id":"fac_im3_building_00830881733","properties":{"county_fipses":["19153"],"data_status":"provisional_source_record","display_name":"Microsoft","entity_id":"fac_im3_building_00830881733","entity_type":"facility","footprint_sqft":144428.0,"geography_assignment_method":"point_in_polygon","primary_county_fips":"19153","release_vintage":"2026.02.09","source_layer":"building","source_name":"Microsoft","source_operator":"Microsoft","source_record_id":"00830881733","source_ref":null,"source_reported_county_fipses":["19153"]},"type":"Feature"},{"geometry":{"coordinates":[-93.70635081713183,41.51671171276783],"type":"Point"},"id":"fac_im3_building_00830881734","properties":{"county_fipses":["19153"],"data_status":"provisional_source_record","display_name":"Microsoft","entity_id":"fac_im3_building_00830881734","entity_type":"facility","footprint_sqft":146482.0,"geography_assignment_method":"point_in_polygon","primary_county_fips":"19153","release_vintage":"2026.02.09","source_layer":"building","source_name":"Microsoft","source_operator":"Microsoft","source_record_id":"00830881734","source_ref":null,"source_reported_county_fipses":["19153"]},"type":"Feature"},{"geometry":{"coordinates":[-93.70633127239608,41.51850163161288],"type":"Point"},"id":"fac_im3_building_00830881742","properties":{"county_fipses":["19153"],"data_status":"provisional_source_record","display_name":"Microsoft","entity_id":"fac_im3_building_00830881742","entity_type":"facility","footprint_sqft":145134.0,"geography_assignment_method":"point_in_polygon","primary_county_fips":"19153","release_vintage":"2026.02.09","source_layer":"building","source_name":"Microsoft","source_operator":"Microsoft","source_record_id":"00830881742","source_ref":null,"source_reported_county_fipses":["19153"]},"type":"Feature"},{"geometry":{"coordinates":[-93.7063124996927,41.517606606016116],"type":"Point"},"id":"fac_im3_building_00830881743","properties":{"county_fipses":["19153"],"data_status":"provisional_source_record","display_name":"Microsoft","entity_id":"fac_im3_building_00830881743","entity_type":"facility","footprint_sqft":143145.0,"geography_assignment_method":"point_in_polygon","primary_county_fips":"19153","release_vintage":"2026.02.09","source_layer":"building","source_name":"Microsoft","source_operator":"Microsoft","source_record_id":"00830881743","source_ref":null,"source_reported_county_fipses":["19153"]},"type":"Feature"},{"geometry":{"coordinates":[-93.70249272354833,41.51764119065465],"type":"Point"},"id":"fac_im3_building_00830881744","properties":{"county_fipses":["19153"],"data_status":"provisional_source_record","display_name":"Microsoft","entity_id":"fac_im3_building_00830881744","entity_type":"facility","footprint_sqft":141016.0,"geography_assignment_method":"point_in_polygon","primary_county_fips":"19153","release_vintage":"2026.02.09","source_layer":"building","source_name":"Microsoft","source_operator":"Microsoft","source_record_id":"00830881744","source_ref":null,"source_reported_county_fipses":["19153"]},"type":"Feature"},{"geometry":{"coordinates":[-93.70252494893269,41.51853822500233],"type":"Point"},"id":"fac_im3_building_00830881745","properties":{"county_fipses":["19153"],"data_status":"provisional_source_record","display_name":"Microsoft","entity_id":"fac_im3_building_00830881745","entity_type":"facility","footprint_sqft":141225.0,"geography_assignment_method":"point_in_polygon","primary_county_fips":"19153","release_vintage":"2026.02.09","source_layer":"building","source_name":"Microsoft","source_operator":"Microsoft","source_record_id":"00830881745","source_ref":null,"source_reported_county_fipses":["19153"]},"type":"Feature"},{"geometry":{"coordinates":[-93.78703936226475,41.49787064306023],"type":"Point"},"id":"fac_im3_building_00830885773","properties":{"county_fipses":["19181"],"data_status":"provisional_source_record","display_name":"Microsoft","entity_id":"fac_im3_building_00830885773","entity_type":"facility","footprint_sqft":239270.0,"geography_assignment_method":"point_in_polygon","primary_county_fips":"19181","release_vintage":"2026.02.09","source_layer":"building","source_name":"Microsoft","source_operator":"Microsoft","source_record_id":"00830885773","source_ref":null,"source_reported_county_fipses":["19181"]},"type":"Feature"},{"geometry":{"coordinates":[-93.78707464281725,41.49891302864557],"type":"Point"},"id":"fac_im3_building_00830885774","properties":{"county_fipses":["19181"],"data_status":"provisional_source_record","display_name":"Microsoft","entity_id":"fac_im3_building_00830885774","entity_type":"facility","footprint_sqft":243678.0,"geography_assignment_method":"point_in_polygon","primary_county_fips":"19181","release_vintage":"2026.02.09","source_layer":"building","source_name":"Microsoft","source_operator":"Microsoft","source_record_id":"00830885774","source_ref":null,"source_reported_county_fipses":["19181"]},"type":"Feature"},{"geometry":{"coordinates":[-93.51662854518422,41.67117312225116],"type":"Point"},"id":"fac_im3_building_00830931210","properties":{"county_fipses":["19153"],"data_status":"provisional_source_record","display_name":"Facebook Altoona Data Center 5","entity_id":"fac_im3_building_00830931210","entity_type":"facility","footprint_sqft":628003.0,"geography_assignment_method":"point_in_polygon","primary_county_fips":"19153","release_vintage":"2026.02.09","source_layer":"building","source_name":"Facebook Altoona Data Center 5","source_operator":"Meta","source_record_id":"00830931210","source_ref":null,"source_reported_county_fipses":["19153"]},"type":"Feature"},{"geometry":{"coordinates":[-78.94480168233245,43.07483783638032],"type":"Point"},"id":"fac_im3_building_00832622369","properties":{"county_fipses":["36063"],"data_status":"provisional_source_record","display_name":"Blockfusion","entity_id":"fac_im3_building_00832622369","entity_type":"facility","footprint_sqft":16242.0,"geography_assignment_method":"point_in_polygon","primary_county_fips":"36063","release_vintage":"2026.02.09","source_layer":"building","source_name":null,"source_operator":"Blockfusion","source_record_id":"00832622369","source_ref":null,"source_reported_county_fipses":["36063"]},"type":"Feature"},{"geometry":{"coordinates":[-113.54474869182133,37.062799199655686],"type":"Point"},"id":"fac_im3_building_00835601088","properties":{"county_fipses":["49053"],"data_status":"provisional_source_record","display_name":"Lumen","entity_id":"fac_im3_building_00835601088","entity_type":"facility","footprint_sqft":1833.0,"geography_assignment_method":"point_in_polygon","primary_county_fips":"49053","release_vintage":"2026.02.09","source_layer":"building","source_name":"Lumen","source_operator":"Lumen Technologies","source_record_id":"00835601088","source_ref":null,"source_reported_county_fipses":["49053"]},"type":"Feature"},{"geometry":{"coordinates":[-111.71916515034209,33.47542082249551],"type":"Point"},"id":"fac_im3_building_00836947535","properties":{"county_fipses":["04013"],"data_status":"provisional_source_record","display_name":"Myndshift Technologies","entity_id":"fac_im3_building_00836947535","entity_type":"facility","footprint_sqft":21279.0,"geography_assignment_method":"point_in_polygon","primary_county_fips":"04013","release_vintage":"2026.02.09","source_layer":"building","source_name":"Myndshift Technologies","source_operator":null,"source_record_id":"00836947535","source_ref":null,"source_reported_county_fipses":["04013"]},"type":"Feature"},{"geometry":{"coordinates":[-91.58707810457734,41.703998424478854],"type":"Point"},"id":"fac_im3_building_00837139011","properties":{"county_fipses":["19103"],"data_status":"provisional_source_record","display_name":"ForceAmp.com","entity_id":"fac_im3_building_00837139011","entity_type":"facility","footprint_sqft":2709.0,"geography_assignment_method":"point_in_polygon","primary_county_fips":"19103","release_vintage":"2026.02.09","source_layer":"building","source_name":"ForceAmp.com","source_operator":null,"source_record_id":"00837139011","source_ref":null,"source_reported_county_fipses":["19103"]},"type":"Feature"},{"geometry":{"coordinates":[-80.9281209975006,35.17319550189212],"type":"Point"},"id":"fac_im3_building_00838817907","properties":{"county_fipses":["37119"],"data_status":"provisional_source_record","display_name":"TierPoint - Charlotte Data Center","entity_id":"fac_im3_building_00838817907","entity_type":"facility","footprint_sqft":61578.0,"geography_assignment_method":"point_in_polygon","primary_county_fips":"37119","release_vintage":"2026.02.09","source_layer":"building","source_name":"TierPoint - Charlotte Data Center","source_operator":"TierPoint","source_record_id":"00838817907","source_ref":"CL4","source_reported_county_fipses":["37119"]},"type":"Feature"},{"geometry":{"coordinates":[-80.92635689076968,35.180053426012265],"type":"Point"},"id":"fac_im3_building_00838817943","properties":{"county_fipses":["37119"],"data_status":"provisional_source_record","display_name":"SEGRA","entity_id":"fac_im3_building_00838817943","entity_type":"facility","footprint_sqft":18094.0,"geography_assignment_method":"point_in_polygon","primary_county_fips":"37119","release_vintage":"2026.02.09","source_layer":"building","source_name":"SEGRA","source_operator":null,"source_record_id":"00838817943","source_ref":null,"source_reported_county_fipses":["37119"]},"type":"Feature"},{"geometry":{"coordinates":[-87.64130393635244,41.86279831305618],"type":"Point"},"id":"fac_im3_building_00841813139","properties":{"county_fipses":["17031"],"data_status":"provisional_source_record","display_name":"CoreSite Chicago Data Center (CH2)","entity_id":"fac_im3_building_00841813139","entity_type":"facility","footprint_sqft":61773.0,"geography_assignment_method":"point_in_polygon","primary_county_fips":"17031","release_vintage":"2026.02.09","source_layer":"building","source_name":"CoreSite Chicago Data Center (CH2)","source_operator":"CoreSite","source_record_id":"00841813139","source_ref":null,"source_reported_county_fipses":["17031"]},"type":"Feature"},{"geometry":{"coordinates":[-122.28415777716295,47.86469753279464],"type":"Point"},"id":"fac_im3_building_00842544718","properties":{"county_fipses":["53061"],"data_status":"provisional_source_record","display_name":"Norma Beach Cable Landing Station","entity_id":"fac_im3_building_00842544718","entity_type":"facility","footprint_sqft":2369.0,"geography_assignment_method":"point_in_polygon","primary_county_fips":"53061","release_vintage":"2026.02.09","source_layer":"building","source_name":"Norma Beach Cable Landing Station","source_operator":"Unity Cable System","source_record_id":"00842544718","source_ref":null,"source_reported_county_fipses":["53061"]},"type":"Feature"},{"geometry":{"coordinates":[-110.78742365957719,32.092706483207095],"type":"Point"},"id":"fac_im3_building_00843314844","properties":{"county_fipses":["04019"],"data_status":"provisional_source_record","display_name":"DirecTV","entity_id":"fac_im3_building_00843314844","entity_type":"facility","footprint_sqft":14373.0,"geography_assignment_method":"point_in_polygon","primary_county_fips":"04019","release_vintage":"2026.02.09","source_layer":"building","source_name":null,"source_operator":"DirecTV","source_record_id":"00843314844","source_ref":null,"source_reported_county_fipses":["04019"]},"type":"Feature"},{"geometry":{"coordinates":[-115.00857680765697,36.056288380442616],"type":"Point"},"id":"fac_im3_building_00844359206","properties":{"county_fipses":["32003"],"data_status":"provisional_source_record","display_name":"Google","entity_id":"fac_im3_building_00844359206","entity_type":"facility","footprint_sqft":143869.0,"geography_assignment_method":"point_in_polygon","primary_county_fips":"32003","release_vintage":"2026.02.09","source_layer":"building","source_name":"Google","source_operator":"Google","source_record_id":"00844359206","source_ref":null,"source_reported_county_fipses":["32003"]},"type":"Feature"},{"geometry":{"coordinates":[-115.00879721733386,36.05880161382709],"type":"Point"},"id":"fac_im3_building_00844359207","properties":{"county_fipses":["32003"],"data_status":"provisional_source_record","display_name":"Google","entity_id":"fac_im3_building_00844359207","entity_type":"facility","footprint_sqft":141227.0,"geography_assignment_method":"point_in_polygon","primary_county_fips":"32003","release_vintage":"2026.02.09","source_layer":"building","source_name":"Google","source_operator":"Google","source_record_id":"00844359207","source_ref":null,"source_reported_county_fipses":["32003"]},"type":"Feature"},{"geometry":{"coordinates":[-85.74742813692481,34.9136919358168],"type":"Point"},"id":"fac_im3_building_00844371952","properties":{"county_fipses":["01071"],"data_status":"provisional_source_record","display_name":"Google","entity_id":"fac_im3_building_00844371952","entity_type":"facility","footprint_sqft":144996.0,"geography_assignment_method":"point_in_polygon","primary_county_fips":"01071","release_vintage":"2026.02.09","source_layer":"building","source_name":"Google","source_operator":"Google","source_record_id":"00844371952","source_ref":null,"source_reported_county_fipses":["01071"]},"type":"Feature"},{"geometry":{"coordinates":[-85.74593535678355,34.91367641738197],"type":"Point"},"id":"fac_im3_building_00844371953","properties":{"county_fipses":["01071"],"data_status":"provisional_source_record","display_name":"Google","entity_id":"fac_im3_building_00844371953","entity_type":"facility","footprint_sqft":141947.0,"geography_assignment_method":"point_in_polygon","primary_county_fips":"01071","release_vintage":"2026.02.09","source_layer":"building","source_name":"Google","source_operator":"Google","source_record_id":"00844371953","source_ref":null,"source_reported_county_fipses":["01071"]},"type":"Feature"},{"geometry":{"coordinates":[-77.5400258996867,39.05060777386236],"type":"Point"},"id":"fac_im3_building_00844374689","properties":{"county_fipses":["51107"],"data_status":"provisional_source_record","display_name":"Unnamed IM3 building 00844374689","entity_id":"fac_im3_building_00844374689","entity_type":"facility","footprint_sqft":140157.0,"geography_assignment_method":"point_in_polygon","primary_county_fips":"51107","release_vintage":"2026.02.09","source_layer":"building","source_name":null,"source_operator":null,"source_record_id":"00844374689","source_ref":null,"source_reported_county_fipses":["51107"]},"type":"Feature"},{"geometry":{"coordinates":[-97.06248797347524,32.44212970719258],"type":"Point"},"id":"fac_im3_building_00844386860","properties":{"county_fipses":["48139"],"data_status":"provisional_source_record","display_name":"Google","entity_id":"fac_im3_building_00844386860","entity_type":"facility","footprint_sqft":144574.0,"geography_assignment_method":"point_in_polygon","primary_county_fips":"48139","release_vintage":"2026.02.09","source_layer":"building","source_name":"Google","source_operator":"Google","source_record_id":"00844386860","source_ref":null,"source_reported_county_fipses":["48139"]},"type":"Feature"},{"geometry":{"coordinates":[-97.06333284249686,32.44355545089075],"type":"Point"},"id":"fac_im3_building_00844386861","properties":{"county_fipses":["48139"],"data_status":"provisional_source_record","display_name":"Google","entity_id":"fac_im3_building_00844386861","entity_type":"facility","footprint_sqft":138230.0,"geography_assignment_method":"point_in_polygon","primary_county_fips":"48139","release_vintage":"2026.02.09","source_layer":"building","source_name":"Google","source_operator":"Google","source_record_id":"00844386861","source_ref":null,"source_reported_county_fipses":["48139"]},"type":"Feature"},{"geometry":{"coordinates":[-87.26129639057423,36.62458167653138],"type":"Point"},"id":"fac_im3_building_00844389014","properties":{"county_fipses":["47125"],"data_status":"provisional_source_record","display_name":"Google","entity_id":"fac_im3_building_00844389014","entity_type":"facility","footprint_sqft":169736.0,"geography_assignment_method":"point_in_polygon","primary_county_fips":"47125","release_vintage":"2026.02.09","source_layer":"building","source_name":"Google","source_operator":"Google","source_record_id":"00844389014","source_ref":"SPC2A","source_reported_county_fipses":["47125"]},"type":"Feature"},{"geometry":{"coordinates":[-82.76429366972576,40.06114460722927],"type":"Point"},"id":"fac_im3_building_00844391358","properties":{"county_fipses":["39089"],"data_status":"provisional_source_record","display_name":"Google NBY-1","entity_id":"fac_im3_building_00844391358","entity_type":"facility","footprint_sqft":145177.0,"geography_assignment_method":"point_in_polygon","primary_county_fips":"39089","release_vintage":"2026.02.09","source_layer":"building","source_name":"Google NBY-1","source_operator":"Google","source_record_id":"00844391358","source_ref":null,"source_reported_county_fipses":["39089"]},"type":"Feature"},{"geometry":{"coordinates":[-96.14419028998033,41.12354217069119],"type":"Point"},"id":"fac_im3_building_00844394339","properties":{"county_fipses":["31153"],"data_status":"provisional_source_record","display_name":"Meta Sarpy Data center","entity_id":"fac_im3_building_00844394339","entity_type":"facility","footprint_sqft":666382.0,"geography_assignment_method":"point_in_polygon","primary_county_fips":"31153","release_vintage":"2026.02.09","source_layer":"building","source_name":"Meta Sarpy Data center","source_operator":"Meta","source_record_id":"00844394339","source_ref":null,"source_reported_county_fipses":["31153"]},"type":"Feature"},{"geometry":{"coordinates":[-96.14485433047682,41.120731999310195],"type":"Point"},"id":"fac_im3_building_00844394340","properties":{"county_fipses":["31153"],"data_status":"provisional_source_record","display_name":"Meta Sarpy Data center","entity_id":"fac_im3_building_00844394340","entity_type":"facility","footprint_sqft":515084.0,"geography_assignment_method":"point_in_polygon","primary_county_fips":"31153","release_vintage":"2026.02.09","source_layer":"building","source_name":"Meta Sarpy Data center","source_operator":"Meta","source_record_id":"00844394340","source_ref":null,"source_reported_county_fipses":["31153"]},"type":"Feature"},{"geometry":{"coordinates":[-96.14672977480356,41.13497469466853],"type":"Point"},"id":"fac_im3_building_00844394357","properties":{"county_fipses":["31153"],"data_status":"provisional_source_record","display_name":"Google","entity_id":"fac_im3_building_00844394357","entity_type":"facility","footprint_sqft":152487.0,"geography_assignment_method":"point_in_polygon","primary_county_fips":"31153","release_vintage":"2026.02.09","source_layer":"building","source_name":"Google","source_operator":"Google","source_record_id":"00844394357","source_ref":null,"source_reported_county_fipses":["31153"]},"type":"Feature"},{"geometry":{"coordinates":[-105.02070322444693,39.98908743748672],"type":"Point"},"id":"fac_im3_building_00845775548","properties":{"county_fipses":["08014"],"data_status":"provisional_source_record","display_name":"JPMorgan Chase","entity_id":"fac_im3_building_00845775548","entity_type":"facility","footprint_sqft":188160.0,"geography_assignment_method":"point_in_polygon","primary_county_fips":"08014","release_vintage":"2026.02.09","source_layer":"building","source_name":"JPMorgan Chase","source_operator":"JPMorgan Chase","source_record_id":"00845775548","source_ref":null,"source_reported_county_fipses":["08014"]},"type":"Feature"},{"geometry":{"coordinates":[-89.57480850448691,43.78218427328896],"type":"Point"},"id":"fac_im3_building_00850342266","properties":{"county_fipses":["55077"],"data_status":"provisional_source_record","display_name":"Marquette-Adams Telephone Coop","entity_id":"fac_im3_building_00850342266","entity_type":"facility","footprint_sqft":8257.0,"geography_assignment_method":"point_in_polygon","primary_county_fips":"55077","release_vintage":"2026.02.09","source_layer":"building","source_name":"Marquette-Adams Telephone Coop","source_operator":null,"source_record_id":"00850342266","source_ref":null,"source_reported_county_fipses":["55077"]},"type":"Feature"},{"geometry":{"coordinates":[-96.804396257992,32.53872184532015],"type":"Point"},"id":"fac_im3_building_00850965775","properties":{"county_fipses":["48139"],"data_status":"provisional_source_record","display_name":"Compass Data Center","entity_id":"fac_im3_building_00850965775","entity_type":"facility","footprint_sqft":41692.0,"geography_assignment_method":"point_in_polygon","primary_county_fips":"48139","release_vintage":"2026.02.09","source_layer":"building","source_name":"Compass Data Center","source_operator":null,"source_record_id":"00850965775","source_ref":null,"source_reported_county_fipses":["48139"]},"type":"Feature"},{"geometry":{"coordinates":[-77.43938662806684,39.01693014125531],"type":"Point"},"id":"fac_im3_building_00852039781","properties":{"county_fipses":["51107"],"data_status":"provisional_source_record","display_name":"Amazon IAD119","entity_id":"fac_im3_building_00852039781","entity_type":"facility","footprint_sqft":127104.0,"geography_assignment_method":"point_in_polygon","primary_county_fips":"51107","release_vintage":"2026.02.09","source_layer":"building","source_name":"Amazon IAD119","source_operator":"Amazon Web Services","source_record_id":"00852039781","source_ref":"IAD119","source_reported_county_fipses":["51107"]},"type":"Feature"},{"geometry":{"coordinates":[-122.93988400686503,45.55520512998273],"type":"Point"},"id":"fac_im3_building_00860433344","properties":{"county_fipses":["41067"],"data_status":"provisional_source_record","display_name":"Flexential Portland - Hillsboro 4","entity_id":"fac_im3_building_00860433344","entity_type":"facility","footprint_sqft":97536.0,"geography_assignment_method":"point_in_polygon","primary_county_fips":"41067","release_vintage":"2026.02.09","source_layer":"building","source_name":"Flexential Portland - Hillsboro 4","source_operator":"Flexential","source_record_id":"00860433344","source_ref":null,"source_reported_county_fipses":["41067"]},"type":"Feature"},{"geometry":{"coordinates":[-87.95776458161538,41.99912438131275],"type":"Point"},"id":"fac_im3_building_00863162820","properties":{"county_fipses":["17031"],"data_status":"provisional_source_record","display_name":"Stream Chicago II","entity_id":"fac_im3_building_00863162820","entity_type":"facility","footprint_sqft":215922.0,"geography_assignment_method":"point_in_polygon","primary_county_fips":"17031","release_vintage":"2026.02.09","source_layer":"building","source_name":"Stream Chicago II","source_operator":"Stream","source_record_id":"00863162820","source_ref":"Chicago II","source_reported_county_fipses":["17031"]},"type":"Feature"},{"geometry":{"coordinates":[-87.96519018575371,42.006843875852],"type":"Point"},"id":"fac_im3_building_00863162822","properties":{"county_fipses":["17031"],"data_status":"provisional_source_record","display_name":"STACK Chicago CHI01","entity_id":"fac_im3_building_00863162822","entity_type":"facility","footprint_sqft":298471.0,"geography_assignment_method":"point_in_polygon","primary_county_fips":"17031","release_vintage":"2026.02.09","source_layer":"building","source_name":"STACK Chicago CHI01","source_operator":"Stack Infrastructure","source_record_id":"00863162822","source_ref":"CHI01","source_reported_county_fipses":["17031"]},"type":"Feature"},{"geometry":{"coordinates":[-87.95113481547399,42.00260065820328],"type":"Point"},"id":"fac_im3_building_00863162825","properties":{"county_fipses":["17031"],"data_status":"provisional_source_record","display_name":"Stream Chicago I","entity_id":"fac_im3_building_00863162825","entity_type":"facility","footprint_sqft":120616.0,"geography_assignment_method":"point_in_polygon","primary_county_fips":"17031","release_vintage":"2026.02.09","source_layer":"building","source_name":"Stream Chicago I","source_operator":"Stream","source_record_id":"00863162825","source_ref":null,"source_reported_county_fipses":["17031"]},"type":"Feature"},{"geometry":{"coordinates":[-73.75919958242348,42.74544108847024],"type":"Point"},"id":"fac_im3_building_00871694597","properties":{"county_fipses":["36001"],"data_status":"provisional_source_record","display_name":"Turnkey Internet","entity_id":"fac_im3_building_00871694597","entity_type":"facility","footprint_sqft":10465.0,"geography_assignment_method":"point_in_polygon","primary_county_fips":"36001","release_vintage":"2026.02.09","source_layer":"building","source_name":"Turnkey Internet","source_operator":null,"source_record_id":"00871694597","source_ref":null,"source_reported_county_fipses":["36001"]},"type":"Feature"},{"geometry":{"coordinates":[-93.82789533434017,41.540709217348976],"type":"Point"},"id":"fac_im3_building_00871745265","properties":{"county_fipses":["19049"],"data_status":"provisional_source_record","display_name":"Microsoft","entity_id":"fac_im3_building_00871745265","entity_type":"facility","footprint_sqft":220735.0,"geography_assignment_method":"point_in_polygon","primary_county_fips":"19049","release_vintage":"2026.02.09","source_layer":"building","source_name":"Microsoft","source_operator":"Microsoft","source_record_id":"00871745265","source_ref":null,"source_reported_county_fipses":["19049"]},"type":"Feature"},{"geometry":{"coordinates":[-81.26456965310366,35.5903923643093],"type":"Point"},"id":"fac_im3_building_00873137563","properties":{"county_fipses":["37035"],"data_status":"provisional_source_record","display_name":"Unnamed IM3 building 00873137563","entity_id":"fac_im3_building_00873137563","entity_type":"facility","footprint_sqft":203410.0,"geography_assignment_method":"point_in_polygon","primary_county_fips":"37035","release_vintage":"2026.02.09","source_layer":"building","source_name":null,"source_operator":null,"source_record_id":"00873137563","source_ref":null,"source_reported_county_fipses":["37035"]},"type":"Feature"},{"geometry":{"coordinates":[-83.13490722876958,40.06014718926057],"type":"Point"},"id":"fac_im3_building_00874506250","properties":{"county_fipses":["39049"],"data_status":"provisional_source_record","display_name":"Amazon Web Services","entity_id":"fac_im3_building_00874506250","entity_type":"facility","footprint_sqft":161757.0,"geography_assignment_method":"point_in_polygon","primary_county_fips":"39049","release_vintage":"2026.02.09","source_layer":"building","source_name":"Amazon Web Services","source_operator":"Amazon Web Services","source_record_id":"00874506250","source_ref":null,"source_reported_county_fipses":["39049"]},"type":"Feature"},{"geometry":{"coordinates":[-117.53714762552474,47.594616140243275],"type":"Point"},"id":"fac_im3_building_00876020641","properties":{"county_fipses":["53063"],"data_status":"provisional_source_record","display_name":"Iron Mountain","entity_id":"fac_im3_building_00876020641","entity_type":"facility","footprint_sqft":14085.0,"geography_assignment_method":"point_in_polygon","primary_county_fips":"53063","release_vintage":"2026.02.09","source_layer":"building","source_name":"Iron Mountain","source_operator":null,"source_record_id":"00876020641","source_ref":null,"source_reported_county_fipses":["53063"]},"type":"Feature"},{"geometry":{"coordinates":[-73.51671558521066,41.09183280598617],"type":"Point"},"id":"fac_im3_building_00878795698","properties":{"county_fipses":["09190"],"data_status":"provisional_source_record","display_name":"amnet Data Center","entity_id":"fac_im3_building_00878795698","entity_type":"facility","footprint_sqft":10526.0,"geography_assignment_method":"point_in_polygon","primary_county_fips":"09190","release_vintage":"2026.02.09","source_layer":"building","source_name":"amnet Data Center","source_operator":null,"source_record_id":"00878795698","source_ref":null,"source_reported_county_fipses":["09190"]},"type":"Feature"},{"geometry":{"coordinates":[-94.75523183735761,38.94066934722939],"type":"Point"},"id":"fac_im3_building_00880052062","properties":{"county_fipses":["20091"],"data_status":"provisional_source_record","display_name":"TierPoint","entity_id":"fac_im3_building_00880052062","entity_type":"facility","footprint_sqft":58095.0,"geography_assignment_method":"point_in_polygon","primary_county_fips":"20091","release_vintage":"2026.02.09","source_layer":"building","source_name":null,"source_operator":"TierPoint","source_record_id":"00880052062","source_ref":null,"source_reported_county_fipses":["20091"]},"type":"Feature"},{"geometry":{"coordinates":[-77.49989682110625,38.717028377885455],"type":"Point"},"id":"fac_im3_building_00882977350","properties":{"county_fipses":["51153"],"data_status":"provisional_source_record","display_name":"CloudHQ MCC1","entity_id":"fac_im3_building_00882977350","entity_type":"facility","footprint_sqft":399915.0,"geography_assignment_method":"point_in_polygon","primary_county_fips":"51153","release_vintage":"2026.02.09","source_layer":"building","source_name":"CloudHQ MCC1","source_operator":"CloudHQ","source_record_id":"00882977350","source_ref":"MCC1","source_reported_county_fipses":["51153"]},"type":"Feature"},{"geometry":{"coordinates":[-81.82513233085027,35.316554514924],"type":"Point"},"id":"fac_im3_building_00883809860","properties":{"county_fipses":["37161"],"data_status":"provisional_source_record","display_name":"Meta Forest City datacenter","entity_id":"fac_im3_building_00883809860","entity_type":"facility","footprint_sqft":319829.0,"geography_assignment_method":"point_in_polygon","primary_county_fips":"37161","release_vintage":"2026.02.09","source_layer":"building","source_name":"Meta Forest City datacenter","source_operator":"Meta","source_record_id":"00883809860","source_ref":"FRC","source_reported_county_fipses":["37161"]},"type":"Feature"},{"geometry":{"coordinates":[-77.43838436569268,39.01608221259819],"type":"Point"},"id":"fac_im3_building_00886028872","properties":{"county_fipses":["51107"],"data_status":"provisional_source_record","display_name":"Amazon IAD128","entity_id":"fac_im3_building_00886028872","entity_type":"facility","footprint_sqft":105735.0,"geography_assignment_method":"point_in_polygon","primary_county_fips":"51107","release_vintage":"2026.02.09","source_layer":"building","source_name":"Amazon IAD128","source_operator":"Amazon Web Services","source_record_id":"00886028872","source_ref":"IAD128","source_reported_county_fipses":["51107"]},"type":"Feature"},{"geometry":{"coordinates":[-77.56412899431636,39.07478688334023],"type":"Point"},"id":"fac_im3_building_00886330269","properties":{"county_fipses":["51107"],"data_status":"provisional_source_record","display_name":"Microsoft","entity_id":"fac_im3_building_00886330269","entity_type":"facility","footprint_sqft":155317.0,"geography_assignment_method":"point_in_polygon","primary_county_fips":"51107","release_vintage":"2026.02.09","source_layer":"building","source_name":"Microsoft","source_operator":"Microsoft","source_record_id":"00886330269","source_ref":null,"source_reported_county_fipses":["51107"]},"type":"Feature"},{"geometry":{"coordinates":[-121.95533775020122,37.36905321130347],"type":"Point"},"id":"fac_im3_building_00888253616","properties":{"county_fipses":["06085"],"data_status":"provisional_source_record","display_name":"NTT Silicon Valley SV1 Data Center","entity_id":"fac_im3_building_00888253616","entity_type":"facility","footprint_sqft":38759.0,"geography_assignment_method":"point_in_polygon","primary_county_fips":"06085","release_vintage":"2026.02.09","source_layer":"building","source_name":"NTT Silicon Valley SV1 Data Center","source_operator":"NTT","source_record_id":"00888253616","source_ref":"SV1","source_reported_county_fipses":["06085"]},"type":"Feature"},{"geometry":{"coordinates":[-84.26431627074264,34.07592247657671],"type":"Point"},"id":"fac_im3_building_00891031651","properties":{"county_fipses":["13121"],"data_status":"provisional_source_record","display_name":"T5 Data Center","entity_id":"fac_im3_building_00891031651","entity_type":"facility","footprint_sqft":149055.0,"geography_assignment_method":"point_in_polygon","primary_county_fips":"13121","release_vintage":"2026.02.09","source_layer":"building","source_name":"T5 Data Center","source_operator":null,"source_record_id":"00891031651","source_ref":null,"source_reported_county_fipses":["13121"]},"type":"Feature"},{"geometry":{"coordinates":[-86.78368364527593,36.21535165955505],"type":"Point"},"id":"fac_im3_building_00894425613","properties":{"county_fipses":["47037"],"data_status":"provisional_source_record","display_name":"BNYM","entity_id":"fac_im3_building_00894425613","entity_type":"facility","footprint_sqft":191585.0,"geography_assignment_method":"point_in_polygon","primary_county_fips":"47037","release_vintage":"2026.02.09","source_layer":"building","source_name":null,"source_operator":"BNYM","source_record_id":"00894425613","source_ref":null,"source_reported_county_fipses":["47037"]},"type":"Feature"},{"geometry":{"coordinates":[-77.56054492011098,38.948089538166386],"type":"Point"},"id":"fac_im3_building_00897226574","properties":{"county_fipses":["51107"],"data_status":"provisional_source_record","display_name":"Amazon IAD125","entity_id":"fac_im3_building_00897226574","entity_type":"facility","footprint_sqft":104431.0,"geography_assignment_method":"point_in_polygon","primary_county_fips":"51107","release_vintage":"2026.02.09","source_layer":"building","source_name":"Amazon IAD125","source_operator":"Amazon Web Services","source_record_id":"00897226574","source_ref":"IAD125","source_reported_county_fipses":["51107"]},"type":"Feature"},{"geometry":{"coordinates":[-77.56045170040849,38.94989544830295],"type":"Point"},"id":"fac_im3_building_00897226575","properties":{"county_fipses":["51107"],"data_status":"provisional_source_record","display_name":"Amazon IAD124","entity_id":"fac_im3_building_00897226575","entity_type":"facility","footprint_sqft":104434.0,"geography_assignment_method":"point_in_polygon","primary_county_fips":"51107","release_vintage":"2026.02.09","source_layer":"building","source_name":"Amazon IAD124","source_operator":"Amazon Web Services","source_record_id":"00897226575","source_ref":"IAD124","source_reported_county_fipses":["51107"]},"type":"Feature"},{"geometry":{"coordinates":[-122.93791223873745,45.554197103944304],"type":"Point"},"id":"fac_im3_building_00899634245","properties":{"county_fipses":["41067"],"data_status":"provisional_source_record","display_name":"Stack Infrastructure Portland 3 Data Center -Bld POR3a","entity_id":"fac_im3_building_00899634245","entity_type":"facility","footprint_sqft":94010.0,"geography_assignment_method":"point_in_polygon","primary_county_fips":"41067","release_vintage":"2026.02.09","source_layer":"building","source_name":"Stack Infrastructure Portland 3 Data Center -Bld POR3a","source_operator":"Stack Infrastructure","source_record_id":"00899634245","source_ref":null,"source_reported_county_fipses":["41067"]},"type":"Feature"},{"geometry":{"coordinates":[-83.06975885855375,42.32617958756391],"type":"Point"},"id":"fac_im3_building_00903236619","properties":{"county_fipses":["26163"],"data_status":"provisional_source_record","display_name":"Quicken Loans","entity_id":"fac_im3_building_00903236619","entity_type":"facility","footprint_sqft":46220.0,"geography_assignment_method":"point_in_polygon","primary_county_fips":"26163","release_vintage":"2026.02.09","source_layer":"building","source_name":null,"source_operator":"Quicken Loans","source_record_id":"00903236619","source_ref":null,"source_reported_county_fipses":["26163"]},"type":"Feature"},{"geometry":{"coordinates":[-111.3042449169628,42.317295842348535],"type":"Point"},"id":"fac_im3_building_00903642490","properties":{"county_fipses":["16007"],"data_status":"provisional_source_record","display_name":"Family History Center","entity_id":"fac_im3_building_00903642490","entity_type":"facility","footprint_sqft":4081.0,"geography_assignment_method":"point_in_polygon","primary_county_fips":"16007","release_vintage":"2026.02.09","source_layer":"building","source_name":"Family History Center","source_operator":"The Church of Jesus Christ of Latter-day Saints","source_record_id":"00903642490","source_ref":null,"source_reported_county_fipses":["16007"]},"type":"Feature"},{"geometry":{"coordinates":[-83.37670351660657,36.328073950553836],"type":"Point"},"id":"fac_im3_building_00904453635","properties":{"county_fipses":["47057"],"data_status":"provisional_source_record","display_name":"Unnamed IM3 building 00904453635","entity_id":"fac_im3_building_00904453635","entity_type":"facility","footprint_sqft":1232.0,"geography_assignment_method":"point_in_polygon","primary_county_fips":"47057","release_vintage":"2026.02.09","source_layer":"building","source_name":null,"source_operator":null,"source_record_id":"00904453635","source_ref":null,"source_reported_county_fipses":["47057"]},"type":"Feature"},{"geometry":{"coordinates":[-77.5396744253525,39.04409911181553],"type":"Point"},"id":"fac_im3_building_00909455922","properties":{"county_fipses":["51107"],"data_status":"provisional_source_record","display_name":"42310 THUNDERBALL DR","entity_id":"fac_im3_building_00909455922","entity_type":"facility","footprint_sqft":78907.0,"geography_assignment_method":"point_in_polygon","primary_county_fips":"51107","release_vintage":"2026.02.09","source_layer":"building","source_name":"42310 THUNDERBALL DR","source_operator":"True North Data Solutions","source_record_id":"00909455922","source_ref":null,"source_reported_county_fipses":["51107"]},"type":"Feature"},{"geometry":{"coordinates":[-122.92963139645839,45.55876356137954],"type":"Point"},"id":"fac_im3_building_00909742340","properties":{"county_fipses":["41067"],"data_status":"provisional_source_record","display_name":"QTS Data Center Bld 2","entity_id":"fac_im3_building_00909742340","entity_type":"facility","footprint_sqft":172698.0,"geography_assignment_method":"point_in_polygon","primary_county_fips":"41067","release_vintage":"2026.02.09","source_layer":"building","source_name":"QTS Data Center Bld 2","source_operator":"Quality Technology Services","source_record_id":"00909742340","source_ref":null,"source_reported_county_fipses":["41067"]},"type":"Feature"},{"geometry":{"coordinates":[-119.68835481078412,45.83792394838973],"type":"Point"},"id":"fac_im3_building_00914613836","properties":{"county_fipses":["41049"],"data_status":"provisional_source_record","display_name":"Amazon PDX91","entity_id":"fac_im3_building_00914613836","entity_type":"facility","footprint_sqft":210994.0,"geography_assignment_method":"point_in_polygon","primary_county_fips":"41049","release_vintage":"2026.02.09","source_layer":"building","source_name":"Amazon PDX91","source_operator":"Amazon Web Services","source_record_id":"00914613836","source_ref":"PDX91","source_reported_county_fipses":["41049"]},"type":"Feature"},{"geometry":{"coordinates":[-119.69312909809459,45.837540247569144],"type":"Point"},"id":"fac_im3_building_00914616809","properties":{"county_fipses":["41049"],"data_status":"provisional_source_record","display_name":"Amazon PDX92","entity_id":"fac_im3_building_00914616809","entity_type":"facility","footprint_sqft":211026.0,"geography_assignment_method":"point_in_polygon","primary_county_fips":"41049","release_vintage":"2026.02.09","source_layer":"building","source_name":"Amazon PDX92","source_operator":"Amazon Web Services","source_record_id":"00914616809","source_ref":"PDX92","source_reported_county_fipses":["41049"]},"type":"Feature"},{"geometry":{"coordinates":[-119.60564495354758,45.846654614374444],"type":"Point"},"id":"fac_im3_building_00914616810","properties":{"county_fipses":["41049"],"data_status":"provisional_source_record","display_name":"Amazon Web Services us-west-2","entity_id":"fac_im3_building_00914616810","entity_type":"facility","footprint_sqft":211938.0,"geography_assignment_method":"point_in_polygon","primary_county_fips":"41049","release_vintage":"2026.02.09","source_layer":"building","source_name":"Amazon Web Services us-west-2","source_operator":"Amazon Web Services","source_record_id":"00914616810","source_ref":"PDX64","source_reported_county_fipses":["41049"]},"type":"Feature"},{"geometry":{"coordinates":[-104.71275427482882,39.729478071116986],"type":"Point"},"id":"fac_im3_building_00916046040","properties":{"county_fipses":["08005"],"data_status":"provisional_source_record","display_name":"Unnamed IM3 building 00916046040","entity_id":"fac_im3_building_00916046040","entity_type":"facility","footprint_sqft":184275.0,"geography_assignment_method":"point_in_polygon","primary_county_fips":"08005","release_vintage":"2026.02.09","source_layer":"building","source_name":null,"source_operator":null,"source_record_id":"00916046040","source_ref":null,"source_reported_county_fipses":["08005"]},"type":"Feature"},{"geometry":{"coordinates":[-78.74920687191288,43.04498475079566],"type":"Point"},"id":"fac_im3_building_00916148870","properties":{"county_fipses":["36029"],"data_status":"provisional_source_record","display_name":"Unnamed IM3 building 00916148870","entity_id":"fac_im3_building_00916148870","entity_type":"facility","footprint_sqft":41938.0,"geography_assignment_method":"point_in_polygon","primary_county_fips":"36029","release_vintage":"2026.02.09","source_layer":"building","source_name":null,"source_operator":null,"source_record_id":"00916148870","source_ref":null,"source_reported_county_fipses":["36029"]},"type":"Feature"},{"geometry":{"coordinates":[-122.93190590213918,45.55877963410689],"type":"Point"},"id":"fac_im3_building_00918871786","properties":{"county_fipses":["41067"],"data_status":"provisional_source_record","display_name":"QTS Data Center Bld 3","entity_id":"fac_im3_building_00918871786","entity_type":"facility","footprint_sqft":171585.0,"geography_assignment_method":"point_in_polygon","primary_county_fips":"41067","release_vintage":"2026.02.09","source_layer":"building","source_name":"QTS Data Center Bld 3","source_operator":"Quality Technology Services","source_record_id":"00918871786","source_ref":null,"source_reported_county_fipses":["41067"]},"type":"Feature"},{"geometry":{"coordinates":[-122.93522042560193,45.55880139187874],"type":"Point"},"id":"fac_im3_building_00918871787","properties":{"county_fipses":["41067"],"data_status":"provisional_source_record","display_name":"QTS Data Center Bld 5","entity_id":"fac_im3_building_00918871787","entity_type":"facility","footprint_sqft":168921.0,"geography_assignment_method":"point_in_polygon","primary_county_fips":"41067","release_vintage":"2026.02.09","source_layer":"building","source_name":"QTS Data Center Bld 5","source_operator":"Quality Technology Services","source_record_id":"00918871787","source_ref":null,"source_reported_county_fipses":["41067"]},"type":"Feature"},{"geometry":{"coordinates":[-122.93294634090127,45.5587812168356],"type":"Point"},"id":"fac_im3_building_00918871788","properties":{"county_fipses":["41067"],"data_status":"provisional_source_record","display_name":"QTS Data Center Bld 4","entity_id":"fac_im3_building_00918871788","entity_type":"facility","footprint_sqft":173993.0,"geography_assignment_method":"point_in_polygon","primary_county_fips":"41067","release_vintage":"2026.02.09","source_layer":"building","source_name":"QTS Data Center Bld 4","source_operator":"Quality Technology Services","source_record_id":"00918871788","source_ref":null,"source_reported_county_fipses":["41067"]},"type":"Feature"},{"geometry":{"coordinates":[-122.93824742619341,45.559469442156384],"type":"Point"},"id":"fac_im3_building_00918873142","properties":{"county_fipses":["41067"],"data_status":"provisional_source_record","display_name":"Flexential Portland - Hillsboro 3","entity_id":"fac_im3_building_00918873142","entity_type":"facility","footprint_sqft":337274.0,"geography_assignment_method":"point_in_polygon","primary_county_fips":"41067","release_vintage":"2026.02.09","source_layer":"building","source_name":"Flexential Portland - Hillsboro 3","source_operator":"Flexential","source_record_id":"00918873142","source_ref":null,"source_reported_county_fipses":["41067"]},"type":"Feature"},{"geometry":{"coordinates":[-87.91840525370044,42.67566516635273],"type":"Point"},"id":"fac_im3_building_00919948160","properties":{"county_fipses":["55101"],"data_status":"provisional_source_record","display_name":"Unnamed IM3 building 00919948160","entity_id":"fac_im3_building_00919948160","entity_type":"facility","footprint_sqft":9094.0,"geography_assignment_method":"point_in_polygon","primary_county_fips":"55101","release_vintage":"2026.02.09","source_layer":"building","source_name":null,"source_operator":null,"source_record_id":"00919948160","source_ref":null,"source_reported_county_fipses":["55101"]},"type":"Feature"},{"geometry":{"coordinates":[-81.65777529837548,41.50506588325723],"type":"Point"},"id":"fac_im3_building_00923148801","properties":{"county_fipses":["39035"],"data_status":"provisional_source_record","display_name":"Lumen Cleveland","entity_id":"fac_im3_building_00923148801","entity_type":"facility","footprint_sqft":29490.0,"geography_assignment_method":"point_in_polygon","primary_county_fips":"39035","release_vintage":"2026.02.09","source_layer":"building","source_name":"Lumen Cleveland","source_operator":null,"source_record_id":"00923148801","source_ref":null,"source_reported_county_fipses":["39035"]},"type":"Feature"},{"geometry":{"coordinates":[-76.11592528923454,43.01207616834648],"type":"Point"},"id":"fac_im3_building_00930043986","properties":{"county_fipses":["36067"],"data_status":"provisional_source_record","display_name":"SU Green Data Center","entity_id":"fac_im3_building_00930043986","entity_type":"facility","footprint_sqft":12169.0,"geography_assignment_method":"point_in_polygon","primary_county_fips":"36067","release_vintage":"2026.02.09","source_layer":"building","source_name":"SU Green Data Center","source_operator":"Syracuse University","source_record_id":"00930043986","source_ref":null,"source_reported_county_fipses":["36067"]},"type":"Feature"},{"geometry":{"coordinates":[-77.42970207458241,39.03230534445815],"type":"Point"},"id":"fac_im3_building_00930849744","properties":{"county_fipses":["51107"],"data_status":"provisional_source_record","display_name":"Amazon IAD163","entity_id":"fac_im3_building_00930849744","entity_type":"facility","footprint_sqft":131936.0,"geography_assignment_method":"point_in_polygon","primary_county_fips":"51107","release_vintage":"2026.02.09","source_layer":"building","source_name":"Amazon IAD163","source_operator":"Amazon Web Services","source_record_id":"00930849744","source_ref":"IAD163","source_reported_county_fipses":["51107"]},"type":"Feature"},{"geometry":{"coordinates":[-76.55173790938491,39.29355879768687],"type":"Point"},"id":"fac_im3_building_00931369845","properties":{"county_fipses":["24510"],"data_status":"provisional_source_record","display_name":"Johns Hopkins Data Center","entity_id":"fac_im3_building_00931369845","entity_type":"facility","footprint_sqft":3880.0,"geography_assignment_method":"point_in_polygon","primary_county_fips":"24510","release_vintage":"2026.02.09","source_layer":"building","source_name":"Johns Hopkins Data Center","source_operator":null,"source_record_id":"00931369845","source_ref":null,"source_reported_county_fipses":["24510"]},"type":"Feature"},{"geometry":{"coordinates":[-112.05062821391914,40.56409515233066],"type":"Point"},"id":"fac_im3_building_00931732650","properties":{"county_fipses":["49035"],"data_status":"provisional_source_record","display_name":"Ebay","entity_id":"fac_im3_building_00931732650","entity_type":"facility","footprint_sqft":146408.0,"geography_assignment_method":"point_in_polygon","primary_county_fips":"49035","release_vintage":"2026.02.09","source_layer":"building","source_name":"Ebay","source_operator":null,"source_record_id":"00931732650","source_ref":null,"source_reported_county_fipses":["49035"]},"type":"Feature"},{"geometry":{"coordinates":[-121.27743720748433,38.59229735741739],"type":"Point"},"id":"fac_im3_building_00933393863","properties":{"county_fipses":["06067"],"data_status":"provisional_source_record","display_name":"Edgeconnex Data Center","entity_id":"fac_im3_building_00933393863","entity_type":"facility","footprint_sqft":29318.0,"geography_assignment_method":"point_in_polygon","primary_county_fips":"06067","release_vintage":"2026.02.09","source_layer":"building","source_name":"Edgeconnex Data Center","source_operator":"EdgeConneX","source_record_id":"00933393863","source_ref":null,"source_reported_county_fipses":["06067"]},"type":"Feature"},{"geometry":{"coordinates":[-112.3770584915453,33.43946838545604],"type":"Point"},"id":"fac_im3_building_00938592711","properties":{"county_fipses":["04013"],"data_status":"provisional_source_record","display_name":"Unnamed IM3 building 00938592711","entity_id":"fac_im3_building_00938592711","entity_type":"facility","footprint_sqft":224651.0,"geography_assignment_method":"point_in_polygon","primary_county_fips":"04013","release_vintage":"2026.02.09","source_layer":"building","source_name":null,"source_operator":null,"source_record_id":"00938592711","source_ref":null,"source_reported_county_fipses":["04013"]},"type":"Feature"},{"geometry":{"coordinates":[-111.95249099702062,33.39440984512777],"type":"Point"},"id":"fac_im3_building_00940821791","properties":{"county_fipses":["04013"],"data_status":"provisional_source_record","display_name":"Omnis Network","entity_id":"fac_im3_building_00940821791","entity_type":"facility","footprint_sqft":16956.0,"geography_assignment_method":"point_in_polygon","primary_county_fips":"04013","release_vintage":"2026.02.09","source_layer":"building","source_name":"Omnis Network","source_operator":null,"source_record_id":"00940821791","source_ref":null,"source_reported_county_fipses":["04013"]},"type":"Feature"},{"geometry":{"coordinates":[-96.14504543454542,41.12784313945287],"type":"Point"},"id":"fac_im3_building_00942557184","properties":{"county_fipses":["31153"],"data_status":"provisional_source_record","display_name":"Travelers Insurance","entity_id":"fac_im3_building_00942557184","entity_type":"facility","footprint_sqft":182408.0,"geography_assignment_method":"point_in_polygon","primary_county_fips":"31153","release_vintage":"2026.02.09","source_layer":"building","source_name":"Travelers Insurance","source_operator":"Travelers Insurance","source_record_id":"00942557184","source_ref":null,"source_reported_county_fipses":["31153"]},"type":"Feature"},{"geometry":{"coordinates":[-86.81557369600324,35.92045930433349],"type":"Point"},"id":"fac_im3_building_00942604537","properties":{"county_fipses":["47187"],"data_status":"provisional_source_record","display_name":"Flexential Nashville - Franklin","entity_id":"fac_im3_building_00942604537","entity_type":"facility","footprint_sqft":74934.0,"geography_assignment_method":"point_in_polygon","primary_county_fips":"47187","release_vintage":"2026.02.09","source_layer":"building","source_name":"Flexential Nashville - Franklin","source_operator":"Flexential","source_record_id":"00942604537","source_ref":null,"source_reported_county_fipses":["47187"]},"type":"Feature"},{"geometry":{"coordinates":[-93.52766189092017,41.55808334363262],"type":"Point"},"id":"fac_im3_building_00944024849","properties":{"county_fipses":["19153"],"data_status":"provisional_source_record","display_name":"Unnamed IM3 building 00944024849","entity_id":"fac_im3_building_00944024849","entity_type":"facility","footprint_sqft":6991.0,"geography_assignment_method":"point_in_polygon","primary_county_fips":"19153","release_vintage":"2026.02.09","source_layer":"building","source_name":null,"source_operator":null,"source_record_id":"00944024849","source_ref":null,"source_reported_county_fipses":["19153"]},"type":"Feature"},{"geometry":{"coordinates":[-93.52815685258032,41.55813064318698],"type":"Point"},"id":"fac_im3_building_00944024851","properties":{"county_fipses":["19153"],"data_status":"provisional_source_record","display_name":"Unnamed IM3 building 00944024851","entity_id":"fac_im3_building_00944024851","entity_type":"facility","footprint_sqft":16920.0,"geography_assignment_method":"point_in_polygon","primary_county_fips":"19153","release_vintage":"2026.02.09","source_layer":"building","source_name":null,"source_operator":null,"source_record_id":"00944024851","source_ref":null,"source_reported_county_fipses":["19153"]},"type":"Feature"},{"geometry":{"coordinates":[-95.8541491705349,36.08125144033206],"type":"Point"},"id":"fac_im3_building_00946014659","properties":{"county_fipses":["40143"],"data_status":"provisional_source_record","display_name":"Unnamed IM3 building 00946014659","entity_id":"fac_im3_building_00946014659","entity_type":"facility","footprint_sqft":8589.0,"geography_assignment_method":"point_in_polygon","primary_county_fips":"40143","release_vintage":"2026.02.09","source_layer":"building","source_name":null,"source_operator":null,"source_record_id":"00946014659","source_ref":null,"source_reported_county_fipses":["40143"]},"type":"Feature"},{"geometry":{"coordinates":[-77.42547991599417,38.979867991405555],"type":"Point"},"id":"fac_im3_building_00954433119","properties":{"county_fipses":["51107"],"data_status":"provisional_source_record","display_name":"Amazon IAD175","entity_id":"fac_im3_building_00954433119","entity_type":"facility","footprint_sqft":86503.0,"geography_assignment_method":"point_in_polygon","primary_county_fips":"51107","release_vintage":"2026.02.09","source_layer":"building","source_name":"Amazon IAD175","source_operator":"Amazon Web Services","source_record_id":"00954433119","source_ref":"IAD175","source_reported_county_fipses":["51107"]},"type":"Feature"},{"geometry":{"coordinates":[-84.8835713174046,32.49826721190269],"type":"Point"},"id":"fac_im3_building_00958153770","properties":{"county_fipses":["13215"],"data_status":"provisional_source_record","display_name":"Unnamed IM3 building 00958153770","entity_id":"fac_im3_building_00958153770","entity_type":"facility","footprint_sqft":116660.0,"geography_assignment_method":"point_in_polygon","primary_county_fips":"13215","release_vintage":"2026.02.09","source_layer":"building","source_name":null,"source_operator":null,"source_record_id":"00958153770","source_ref":null,"source_reported_county_fipses":["13215"]},"type":"Feature"},{"geometry":{"coordinates":[-77.43535922197498,38.99501200382876],"type":"Point"},"id":"fac_im3_building_00958662382","properties":{"county_fipses":["51107"],"data_status":"provisional_source_record","display_name":"Amazon IAD147","entity_id":"fac_im3_building_00958662382","entity_type":"facility","footprint_sqft":102767.0,"geography_assignment_method":"point_in_polygon","primary_county_fips":"51107","release_vintage":"2026.02.09","source_layer":"building","source_name":"Amazon IAD147","source_operator":"Amazon Web Services","source_record_id":"00958662382","source_ref":"IAD147","source_reported_county_fipses":["51107"]},"type":"Feature"},{"geometry":{"coordinates":[-81.56454528552736,28.577943298712636],"type":"Point"},"id":"fac_im3_building_00958728802","properties":{"county_fipses":["12095"],"data_status":"provisional_source_record","display_name":"E-Foam","entity_id":"fac_im3_building_00958728802","entity_type":"facility","footprint_sqft":8403.0,"geography_assignment_method":"point_in_polygon","primary_county_fips":"12095","release_vintage":"2026.02.09","source_layer":"building","source_name":"E-Foam","source_operator":null,"source_record_id":"00958728802","source_ref":null,"source_reported_county_fipses":["12095"]},"type":"Feature"},{"geometry":{"coordinates":[-72.80100588134881,41.47880657858901],"type":"Point"},"id":"fac_im3_building_00959969621","properties":{"county_fipses":["09170"],"data_status":"provisional_source_record","display_name":"Unnamed IM3 building 00959969621","entity_id":"fac_im3_building_00959969621","entity_type":"facility","footprint_sqft":53967.0,"geography_assignment_method":"point_in_polygon","primary_county_fips":"09170","release_vintage":"2026.02.09","source_layer":"building","source_name":null,"source_operator":null,"source_record_id":"00959969621","source_ref":null,"source_reported_county_fipses":["09170"]},"type":"Feature"},{"geometry":{"coordinates":[-86.69188299975418,34.7454310001572],"type":"Point"},"id":"fac_im3_building_00961071564","properties":{"county_fipses":["01089"],"data_status":"provisional_source_record","display_name":"SimpleHelix","entity_id":"fac_im3_building_00961071564","entity_type":"facility","footprint_sqft":16411.0,"geography_assignment_method":"point_in_polygon","primary_county_fips":"01089","release_vintage":"2026.02.09","source_layer":"building","source_name":"SimpleHelix","source_operator":null,"source_record_id":"00961071564","source_ref":null,"source_reported_county_fipses":["01089"]},"type":"Feature"},{"geometry":{"coordinates":[-123.03368547875327,44.93802973611572],"type":"Point"},"id":"fac_im3_building_00965755845","properties":{"county_fipses":["41047"],"data_status":"provisional_source_record","display_name":"CenturyLink","entity_id":"fac_im3_building_00965755845","entity_type":"facility","footprint_sqft":24529.0,"geography_assignment_method":"point_in_polygon","primary_county_fips":"41047","release_vintage":"2026.02.09","source_layer":"building","source_name":"CenturyLink","source_operator":"CenturyLink","source_record_id":"00965755845","source_ref":null,"source_reported_county_fipses":["41047"]},"type":"Feature"},{"geometry":{"coordinates":[-84.57973805393436,33.746561602113815],"type":"Point"},"id":"fac_im3_building_00975064000","properties":{"county_fipses":["13067","13097"],"data_status":"provisional_source_record","display_name":"Digital Realty Atlanta ATL11","entity_id":"fac_im3_building_00975064000","entity_type":"facility","footprint_sqft":313479.0,"geography_assignment_method":"geometry_intersection","primary_county_fips":"13067","release_vintage":"2026.02.09","source_layer":"building","source_name":"Digital Realty Atlanta ATL11","source_operator":"Digital Realty","source_record_id":"00975064000","source_ref":"ATL11","source_reported_county_fipses":["13067","13097"]},"type":"Feature"},{"geometry":{"coordinates":[-84.58726858074978,33.75502503782062],"type":"Point"},"id":"fac_im3_building_00975064004","properties":{"county_fipses":["13097"],"data_status":"provisional_source_record","display_name":"Switch Data Center","entity_id":"fac_im3_building_00975064004","entity_type":"facility","footprint_sqft":171499.0,"geography_assignment_method":"point_in_polygon","primary_county_fips":"13097","release_vintage":"2026.02.09","source_layer":"building","source_name":"Switch Data Center","source_operator":"Switch","source_record_id":"00975064004","source_ref":null,"source_reported_county_fipses":["13097"]},"type":"Feature"},{"geometry":{"coordinates":[-83.13460627634682,40.059325155885155],"type":"Point"},"id":"fac_im3_building_00975484796","properties":{"county_fipses":["39049"],"data_status":"provisional_source_record","display_name":"Amazon Web Services","entity_id":"fac_im3_building_00975484796","entity_type":"facility","footprint_sqft":170922.0,"geography_assignment_method":"point_in_polygon","primary_county_fips":"39049","release_vintage":"2026.02.09","source_layer":"building","source_name":"Amazon Web Services","source_operator":"Amazon Web Services","source_record_id":"00975484796","source_ref":null,"source_reported_county_fipses":["39049"]},"type":"Feature"},{"geometry":{"coordinates":[-83.13409055935804,40.05830889449401],"type":"Point"},"id":"fac_im3_building_00975484797","properties":{"county_fipses":["39049"],"data_status":"provisional_source_record","display_name":"Amazon Web Services","entity_id":"fac_im3_building_00975484797","entity_type":"facility","footprint_sqft":133709.0,"geography_assignment_method":"point_in_polygon","primary_county_fips":"39049","release_vintage":"2026.02.09","source_layer":"building","source_name":"Amazon Web Services","source_operator":"Amazon Web Services","source_record_id":"00975484797","source_ref":null,"source_reported_county_fipses":["39049"]},"type":"Feature"},{"geometry":{"coordinates":[-83.13275276040426,40.06077960066598],"type":"Point"},"id":"fac_im3_building_00975484798","properties":{"county_fipses":["39049"],"data_status":"provisional_source_record","display_name":"Amazon Web Services","entity_id":"fac_im3_building_00975484798","entity_type":"facility","footprint_sqft":142297.0,"geography_assignment_method":"point_in_polygon","primary_county_fips":"39049","release_vintage":"2026.02.09","source_layer":"building","source_name":"Amazon Web Services","source_operator":"Amazon Web Services","source_record_id":"00975484798","source_ref":null,"source_reported_county_fipses":["39049"]},"type":"Feature"},{"geometry":{"coordinates":[-111.88190865991771,33.266358037761506],"type":"Point"},"id":"fac_im3_building_00977653854","properties":{"county_fipses":["04013"],"data_status":"provisional_source_record","display_name":"CyrusOne PHX7","entity_id":"fac_im3_building_00977653854","entity_type":"facility","footprint_sqft":138671.0,"geography_assignment_method":"point_in_polygon","primary_county_fips":"04013","release_vintage":"2026.02.09","source_layer":"building","source_name":"CyrusOne PHX7","source_operator":null,"source_record_id":"00977653854","source_ref":null,"source_reported_county_fipses":["04013"]},"type":"Feature"},{"geometry":{"coordinates":[-111.88251618115733,33.2687661963882],"type":"Point"},"id":"fac_im3_building_00977653858","properties":{"county_fipses":["04013"],"data_status":"provisional_source_record","display_name":"CyrusOne PHX4","entity_id":"fac_im3_building_00977653858","entity_type":"facility","footprint_sqft":103008.0,"geography_assignment_method":"point_in_polygon","primary_county_fips":"04013","release_vintage":"2026.02.09","source_layer":"building","source_name":"CyrusOne PHX4","source_operator":"CyrusOne","source_record_id":"00977653858","source_ref":"PHX4","source_reported_county_fipses":["04013"]},"type":"Feature"},{"geometry":{"coordinates":[-111.88158696587298,33.269741071416476],"type":"Point"},"id":"fac_im3_building_00977653859","properties":{"county_fipses":["04013"],"data_status":"provisional_source_record","display_name":"CyrusOne PHX5","entity_id":"fac_im3_building_00977653859","entity_type":"facility","footprint_sqft":102958.0,"geography_assignment_method":"point_in_polygon","primary_county_fips":"04013","release_vintage":"2026.02.09","source_layer":"building","source_name":"CyrusOne PHX5","source_operator":"CyrusOne","source_record_id":"00977653859","source_ref":"PHX5","source_reported_county_fipses":["04013"]},"type":"Feature"},{"geometry":{"coordinates":[-122.18073854179177,37.43343706484073],"type":"Point"},"id":"fac_im3_building_00978632013","properties":{"county_fipses":["06085"],"data_status":"provisional_source_record","display_name":"Northwest Data Center and Communications Hub","entity_id":"fac_im3_building_00978632013","entity_type":"facility","footprint_sqft":10145.0,"geography_assignment_method":"point_in_polygon","primary_county_fips":"06085","release_vintage":"2026.02.09","source_layer":"building","source_name":"Northwest Data Center and Communications Hub","source_operator":null,"source_record_id":"00978632013","source_ref":null,"source_reported_county_fipses":["06085"]},"type":"Feature"},{"geometry":{"coordinates":[-87.52019308155617,41.707418451036666],"type":"Point"},"id":"fac_im3_building_00978934687","properties":{"county_fipses":["18089"],"data_status":"provisional_source_record","display_name":"Digital Crossroad","entity_id":"fac_im3_building_00978934687","entity_type":"facility","footprint_sqft":116014.0,"geography_assignment_method":"point_in_polygon","primary_county_fips":"18089","release_vintage":"2026.02.09","source_layer":"building","source_name":"Digital Crossroad","source_operator":"Digital Crossroad","source_record_id":"00978934687","source_ref":null,"source_reported_county_fipses":["18089"]},"type":"Feature"},{"geometry":{"coordinates":[-77.43402771215538,39.02630118372146],"type":"Point"},"id":"fac_im3_building_00983627455","properties":{"county_fipses":["51107"],"data_status":"provisional_source_record","display_name":"CyrusOne NVA7","entity_id":"fac_im3_building_00983627455","entity_type":"facility","footprint_sqft":60930.0,"geography_assignment_method":"point_in_polygon","primary_county_fips":"51107","release_vintage":"2026.02.09","source_layer":"building","source_name":"CyrusOne NVA7","source_operator":"CyrusOne","source_record_id":"00983627455","source_ref":"NVA7","source_reported_county_fipses":["51107"]},"type":"Feature"},{"geometry":{"coordinates":[-115.2230609078074,36.055585829479206],"type":"Point"},"id":"fac_im3_building_00984796364","properties":{"county_fipses":["32003"],"data_status":"provisional_source_record","display_name":"Switch Las Vegas 10","entity_id":"fac_im3_building_00984796364","entity_type":"facility","footprint_sqft":206411.0,"geography_assignment_method":"point_in_polygon","primary_county_fips":"32003","release_vintage":"2026.02.09","source_layer":"building","source_name":"Switch Las Vegas 10","source_operator":null,"source_record_id":"00984796364","source_ref":null,"source_reported_county_fipses":["32003"]},"type":"Feature"},{"geometry":{"coordinates":[-77.42747327984164,39.02891562520285],"type":"Point"},"id":"fac_im3_building_00984953813","properties":{"county_fipses":["51107"],"data_status":"provisional_source_record","display_name":"Amazon IAD174","entity_id":"fac_im3_building_00984953813","entity_type":"facility","footprint_sqft":132388.0,"geography_assignment_method":"point_in_polygon","primary_county_fips":"51107","release_vintage":"2026.02.09","source_layer":"building","source_name":"Amazon IAD174","source_operator":"Amazon Web Services","source_record_id":"00984953813","source_ref":"IAD174","source_reported_county_fipses":["51107"]},"type":"Feature"},{"geometry":{"coordinates":[-77.42894228408753,39.03047299575455],"type":"Point"},"id":"fac_im3_building_00984953814","properties":{"county_fipses":["51107"],"data_status":"provisional_source_record","display_name":"Amazon IAD164","entity_id":"fac_im3_building_00984953814","entity_type":"facility","footprint_sqft":132374.0,"geography_assignment_method":"point_in_polygon","primary_county_fips":"51107","release_vintage":"2026.02.09","source_layer":"building","source_name":"Amazon IAD164","source_operator":"Amazon Web Services","source_record_id":"00984953814","source_ref":"IAD164","source_reported_county_fipses":["51107"]},"type":"Feature"},{"geometry":{"coordinates":[-77.43807112136984,39.00177881929864],"type":"Point"},"id":"fac_im3_building_00985207884","properties":{"county_fipses":["51107"],"data_status":"provisional_source_record","display_name":"Vantage VA12","entity_id":"fac_im3_building_00985207884","entity_type":"facility","footprint_sqft":115613.0,"geography_assignment_method":"point_in_polygon","primary_county_fips":"51107","release_vintage":"2026.02.09","source_layer":"building","source_name":"Vantage VA12","source_operator":"Vantage Data Centers","source_record_id":"00985207884","source_ref":"VA12","source_reported_county_fipses":["51107"]},"type":"Feature"},{"geometry":{"coordinates":[-77.56303534723706,39.07550786595816],"type":"Point"},"id":"fac_im3_building_00986829280","properties":{"county_fipses":["51107"],"data_status":"provisional_source_record","display_name":"Microsoft","entity_id":"fac_im3_building_00986829280","entity_type":"facility","footprint_sqft":97581.0,"geography_assignment_method":"point_in_polygon","primary_county_fips":"51107","release_vintage":"2026.02.09","source_layer":"building","source_name":"Microsoft","source_operator":"Microsoft","source_record_id":"00986829280","source_ref":null,"source_reported_county_fipses":["51107"]},"type":"Feature"},{"geometry":{"coordinates":[-97.15661083483384,32.97215494101558],"type":"Point"},"id":"fac_im3_building_00989325195","properties":{"county_fipses":["48439"],"data_status":"provisional_source_record","display_name":"Verizon Wireless Mew Building","entity_id":"fac_im3_building_00989325195","entity_type":"facility","footprint_sqft":176383.0,"geography_assignment_method":"point_in_polygon","primary_county_fips":"48439","release_vintage":"2026.02.09","source_layer":"building","source_name":"Verizon Wireless Mew Building","source_operator":null,"source_record_id":"00989325195","source_ref":null,"source_reported_county_fipses":["48439"]},"type":"Feature"},{"geometry":{"coordinates":[-77.47974227140159,38.91657561831895],"type":"Point"},"id":"fac_im3_building_00989735623","properties":{"county_fipses":["51107"],"data_status":"provisional_source_record","display_name":"Amazon IAD152","entity_id":"fac_im3_building_00989735623","entity_type":"facility","footprint_sqft":156644.0,"geography_assignment_method":"point_in_polygon","primary_county_fips":"51107","release_vintage":"2026.02.09","source_layer":"building","source_name":"Amazon IAD152","source_operator":"Amazon Web Services","source_record_id":"00989735623","source_ref":"IAD152","source_reported_county_fipses":["51107"]},"type":"Feature"},{"geometry":{"coordinates":[-77.47870521719227,38.916150911627575],"type":"Point"},"id":"fac_im3_building_00989735624","properties":{"county_fipses":["51107"],"data_status":"provisional_source_record","display_name":"Amazon IAD151","entity_id":"fac_im3_building_00989735624","entity_type":"facility","footprint_sqft":155542.0,"geography_assignment_method":"point_in_polygon","primary_county_fips":"51107","release_vintage":"2026.02.09","source_layer":"building","source_name":"Amazon IAD151","source_operator":"Amazon Web Services","source_record_id":"00989735624","source_ref":"IAD151","source_reported_county_fipses":["51107"]},"type":"Feature"},{"geometry":{"coordinates":[-77.52310750749479,38.947946059437584],"type":"Point"},"id":"fac_im3_building_00990537813","properties":{"county_fipses":["51107"],"data_status":"provisional_source_record","display_name":"Amazon IAD83","entity_id":"fac_im3_building_00990537813","entity_type":"facility","footprint_sqft":156166.0,"geography_assignment_method":"point_in_polygon","primary_county_fips":"51107","release_vintage":"2026.02.09","source_layer":"building","source_name":"Amazon IAD83","source_operator":"Amazon Web Services","source_record_id":"00990537813","source_ref":"IAD83","source_reported_county_fipses":["51107"]},"type":"Feature"},{"geometry":{"coordinates":[-77.52218796260958,38.946539218555614],"type":"Point"},"id":"fac_im3_building_00990537821","properties":{"county_fipses":["51107"],"data_status":"provisional_source_record","display_name":"Amazon Web Services","entity_id":"fac_im3_building_00990537821","entity_type":"facility","footprint_sqft":16739.0,"geography_assignment_method":"point_in_polygon","primary_county_fips":"51107","release_vintage":"2026.02.09","source_layer":"building","source_name":"Amazon Web Services","source_operator":"Amazon Web Services","source_record_id":"00990537821","source_ref":"IAD93","source_reported_county_fipses":["51107"]},"type":"Feature"},{"geometry":{"coordinates":[-77.49717993007393,38.955863227653474],"type":"Point"},"id":"fac_im3_building_00990537857","properties":{"county_fipses":["51107"],"data_status":"provisional_source_record","display_name":"Amazon IAD122","entity_id":"fac_im3_building_00990537857","entity_type":"facility","footprint_sqft":153273.0,"geography_assignment_method":"point_in_polygon","primary_county_fips":"51107","release_vintage":"2026.02.09","source_layer":"building","source_name":"Amazon IAD122","source_operator":"Amazon Web Services","source_record_id":"00990537857","source_ref":"IAD122","source_reported_county_fipses":["51107"]},"type":"Feature"},{"geometry":{"coordinates":[-77.50575020782452,38.95830777005175],"type":"Point"},"id":"fac_im3_building_00990537858","properties":{"county_fipses":["51107"],"data_status":"provisional_source_record","display_name":"CyrusOne Sterling IX","entity_id":"fac_im3_building_00990537858","entity_type":"facility","footprint_sqft":266078.0,"geography_assignment_method":"point_in_polygon","primary_county_fips":"51107","release_vintage":"2026.02.09","source_layer":"building","source_name":"CyrusOne Sterling IX","source_operator":"CyrusOne","source_record_id":"00990537858","source_ref":null,"source_reported_county_fipses":["51107"]},"type":"Feature"},{"geometry":{"coordinates":[-77.54596524435513,38.77724872325061],"type":"Point"},"id":"fac_im3_building_00996723585","properties":{"county_fipses":["51153"],"data_status":"provisional_source_record","display_name":"Iron Mountain VA-2","entity_id":"fac_im3_building_00996723585","entity_type":"facility","footprint_sqft":158664.0,"geography_assignment_method":"point_in_polygon","primary_county_fips":"51153","release_vintage":"2026.02.09","source_layer":"building","source_name":"Iron Mountain VA-2","source_operator":null,"source_record_id":"00996723585","source_ref":"VA-2","source_reported_county_fipses":["51153"]},"type":"Feature"},{"geometry":{"coordinates":[-77.547073196661,38.77791724644345],"type":"Point"},"id":"fac_im3_building_00996723586","properties":{"county_fipses":["51153"],"data_status":"provisional_source_record","display_name":"Iron Mountain VA-1","entity_id":"fac_im3_building_00996723586","entity_type":"facility","footprint_sqft":163790.0,"geography_assignment_method":"point_in_polygon","primary_county_fips":"51153","release_vintage":"2026.02.09","source_layer":"building","source_name":"Iron Mountain VA-1","source_operator":null,"source_record_id":"00996723586","source_ref":"VA-1","source_reported_county_fipses":["51153"]},"type":"Feature"},{"geometry":{"coordinates":[-77.53988381836808,38.78015146527289],"type":"Point"},"id":"fac_im3_building_00996723587","properties":{"county_fipses":["51153"],"data_status":"provisional_source_record","display_name":"Amazon Web Services","entity_id":"fac_im3_building_00996723587","entity_type":"facility","footprint_sqft":149064.0,"geography_assignment_method":"point_in_polygon","primary_county_fips":"51153","release_vintage":"2026.02.09","source_layer":"building","source_name":"Amazon Web Services","source_operator":"Amazon IAD96","source_record_id":"00996723587","source_ref":"IAD96","source_reported_county_fipses":["51153"]},"type":"Feature"},{"geometry":{"coordinates":[-77.53942706487335,38.77845091390774],"type":"Point"},"id":"fac_im3_building_00996723588","properties":{"county_fipses":["51153"],"data_status":"provisional_source_record","display_name":"Amazon Web Services","entity_id":"fac_im3_building_00996723588","entity_type":"facility","footprint_sqft":214748.0,"geography_assignment_method":"point_in_polygon","primary_county_fips":"51153","release_vintage":"2026.02.09","source_layer":"building","source_name":"Amazon Web Services","source_operator":"Amazon IAD95","source_record_id":"00996723588","source_ref":"IAD95","source_reported_county_fipses":["51153"]},"type":"Feature"},{"geometry":{"coordinates":[-77.54289591312165,38.779342501302715],"type":"Point"},"id":"fac_im3_building_00996723589","properties":{"county_fipses":["51153"],"data_status":"provisional_source_record","display_name":"Amazon Web Services","entity_id":"fac_im3_building_00996723589","entity_type":"facility","footprint_sqft":214662.0,"geography_assignment_method":"point_in_polygon","primary_county_fips":"51153","release_vintage":"2026.02.09","source_layer":"building","source_name":"Amazon Web Services","source_operator":"Amazon IAD75","source_record_id":"00996723589","source_ref":"IAD75","source_reported_county_fipses":["51153"]},"type":"Feature"},{"geometry":{"coordinates":[-77.50490133103251,38.73597010187111],"type":"Point"},"id":"fac_im3_building_00996899486","properties":{"county_fipses":["51683"],"data_status":"provisional_source_record","display_name":"Amazon IAD102","entity_id":"fac_im3_building_00996899486","entity_type":"facility","footprint_sqft":214338.0,"geography_assignment_method":"point_in_polygon","primary_county_fips":"51683","release_vintage":"2026.02.09","source_layer":"building","source_name":"Amazon IAD102","source_operator":"Amazon Web Services","source_record_id":"00996899486","source_ref":"IAD102","source_reported_county_fipses":["51153"]},"type":"Feature"},{"geometry":{"coordinates":[-77.50569511718139,38.735440154226055],"type":"Point"},"id":"fac_im3_building_00996899487","properties":{"county_fipses":["51683"],"data_status":"provisional_source_record","display_name":"Amazon IAD101","entity_id":"fac_im3_building_00996899487","entity_type":"facility","footprint_sqft":214330.0,"geography_assignment_method":"point_in_polygon","primary_county_fips":"51683","release_vintage":"2026.02.09","source_layer":"building","source_name":"Amazon IAD101","source_operator":"Amazon Web Services","source_record_id":"00996899487","source_ref":"IAD101","source_reported_county_fipses":["51153"]},"type":"Feature"},{"geometry":{"coordinates":[-77.506642396707,38.73459785381264],"type":"Point"},"id":"fac_im3_building_00996899488","properties":{"county_fipses":["51683"],"data_status":"provisional_source_record","display_name":"Amazon IAD100","entity_id":"fac_im3_building_00996899488","entity_type":"facility","footprint_sqft":214611.0,"geography_assignment_method":"point_in_polygon","primary_county_fips":"51683","release_vintage":"2026.02.09","source_layer":"building","source_name":"Amazon IAD100","source_operator":"Amazon Web Services","source_record_id":"00996899488","source_ref":"IAD100","source_reported_county_fipses":["51153"]},"type":"Feature"},{"geometry":{"coordinates":[-77.49900908655816,38.723181946660446],"type":"Point"},"id":"fac_im3_building_00996899489","properties":{"county_fipses":["51153"],"data_status":"provisional_source_record","display_name":"CloudHQ MCC2","entity_id":"fac_im3_building_00996899489","entity_type":"facility","footprint_sqft":351091.0,"geography_assignment_method":"point_in_polygon","primary_county_fips":"51153","release_vintage":"2026.02.09","source_layer":"building","source_name":"CloudHQ MCC2","source_operator":"CloudHQ","source_record_id":"00996899489","source_ref":"MCC2","source_reported_county_fipses":["51153"]},"type":"Feature"},{"geometry":{"coordinates":[-74.53775798797324,40.54452566835303],"type":"Point"},"id":"fac_im3_building_00998933381","properties":{"county_fipses":["34035"],"data_status":"provisional_source_record","display_name":"Rackspace Somerset NYC1","entity_id":"fac_im3_building_00998933381","entity_type":"facility","footprint_sqft":18407.0,"geography_assignment_method":"point_in_polygon","primary_county_fips":"34035","release_vintage":"2026.02.09","source_layer":"building","source_name":"Rackspace Somerset NYC1","source_operator":null,"source_record_id":"00998933381","source_ref":null,"source_reported_county_fipses":["34035"]},"type":"Feature"},{"geometry":{"coordinates":[-74.53749197400815,40.54083886834628],"type":"Point"},"id":"fac_im3_building_00998933389","properties":{"county_fipses":["34035"],"data_status":"provisional_source_record","display_name":"Rackspace Belmont NYC2","entity_id":"fac_im3_building_00998933389","entity_type":"facility","footprint_sqft":57471.0,"geography_assignment_method":"point_in_polygon","primary_county_fips":"34035","release_vintage":"2026.02.09","source_layer":"building","source_name":"Rackspace Belmont NYC2","source_operator":null,"source_record_id":"00998933389","source_ref":null,"source_reported_county_fipses":["34035"]},"type":"Feature"},{"geometry":{"coordinates":[-77.53338365008187,38.74305258344758],"type":"Point"},"id":"fac_im3_building_01000784035","properties":{"county_fipses":["51153"],"data_status":"provisional_source_record","display_name":"Amazon Web Services","entity_id":"fac_im3_building_01000784035","entity_type":"facility","footprint_sqft":112502.0,"geography_assignment_method":"point_in_polygon","primary_county_fips":"51153","release_vintage":"2026.02.09","source_layer":"building","source_name":"Amazon Web Services","source_operator":"Amazon Web Services","source_record_id":"01000784035","source_ref":null,"source_reported_county_fipses":["51153"]},"type":"Feature"},{"geometry":{"coordinates":[-77.47557114316258,38.99807915433332],"type":"Point"},"id":"fac_im3_building_01003348567","properties":{"county_fipses":["51107"],"data_status":"provisional_source_record","display_name":"QTS Ashburn-Shellhorn DC1","entity_id":"fac_im3_building_01003348567","entity_type":"facility","footprint_sqft":156810.0,"geography_assignment_method":"point_in_polygon","primary_county_fips":"51107","release_vintage":"2026.02.09","source_layer":"building","source_name":"QTS Ashburn-Shellhorn DC1","source_operator":"Quality Technology Services","source_record_id":"01003348567","source_ref":null,"source_reported_county_fipses":["51107"]},"type":"Feature"},{"geometry":{"coordinates":[-84.41955232430595,33.77750521515184],"type":"Point"},"id":"fac_im3_building_01007825570","properties":{"county_fipses":["13121"],"data_status":"provisional_source_record","display_name":"QTS Atlanta Data Center 2","entity_id":"fac_im3_building_01007825570","entity_type":"facility","footprint_sqft":283307.0,"geography_assignment_method":"point_in_polygon","primary_county_fips":"13121","release_vintage":"2026.02.09","source_layer":"building","source_name":"QTS Atlanta Data Center 2","source_operator":"Quality Technology Services","source_record_id":"01007825570","source_ref":null,"source_reported_county_fipses":["13121"]},"type":"Feature"},{"geometry":{"coordinates":[-98.78747099882361,29.418988042416917],"type":"Point"},"id":"fac_im3_building_01010260674","properties":{"county_fipses":["48029"],"data_status":"provisional_source_record","display_name":"Unnamed IM3 building 01010260674","entity_id":"fac_im3_building_01010260674","entity_type":"facility","footprint_sqft":109489.0,"geography_assignment_method":"point_in_polygon","primary_county_fips":"48029","release_vintage":"2026.02.09","source_layer":"building","source_name":null,"source_operator":null,"source_record_id":"01010260674","source_ref":null,"source_reported_county_fipses":["48029"]},"type":"Feature"},{"geometry":{"coordinates":[-98.80637444993899,29.412976988788397],"type":"Point"},"id":"fac_im3_building_01010260675","properties":{"county_fipses":["48325"],"data_status":"provisional_source_record","display_name":"Microsoft TRP3 (SAT46)","entity_id":"fac_im3_building_01010260675","entity_type":"facility","footprint_sqft":228897.0,"geography_assignment_method":"point_in_polygon","primary_county_fips":"48325","release_vintage":"2026.02.09","source_layer":"building","source_name":"Microsoft TRP3 (SAT46)","source_operator":"Microsoft","source_record_id":"01010260675","source_ref":null,"source_reported_county_fipses":["48325"]},"type":"Feature"},{"geometry":{"coordinates":[-98.80331595094908,29.41579676372189],"type":"Point"},"id":"fac_im3_building_01010260676","properties":{"county_fipses":["48029"],"data_status":"provisional_source_record","display_name":"Microsoft","entity_id":"fac_im3_building_01010260676","entity_type":"facility","footprint_sqft":228882.0,"geography_assignment_method":"point_in_polygon","primary_county_fips":"48029","release_vintage":"2026.02.09","source_layer":"building","source_name":"Microsoft","source_operator":"Microsoft","source_record_id":"01010260676","source_ref":null,"source_reported_county_fipses":["48029"]},"type":"Feature"},{"geometry":{"coordinates":[-98.80451479994059,29.415795638786996],"type":"Point"},"id":"fac_im3_building_01010260677","properties":{"county_fipses":["48029"],"data_status":"provisional_source_record","display_name":"Microsoft","entity_id":"fac_im3_building_01010260677","entity_type":"facility","footprint_sqft":228885.0,"geography_assignment_method":"point_in_polygon","primary_county_fips":"48029","release_vintage":"2026.02.09","source_layer":"building","source_name":"Microsoft","source_operator":"Microsoft","source_record_id":"01010260677","source_ref":null,"source_reported_county_fipses":["48029"]},"type":"Feature"},{"geometry":{"coordinates":[-88.21666504030928,43.05138860290855],"type":"Point"},"id":"fac_im3_building_01011125238","properties":{"county_fipses":["55133"],"data_status":"provisional_source_record","display_name":"Pewaukee Data Center","entity_id":"fac_im3_building_01011125238","entity_type":"facility","footprint_sqft":47298.0,"geography_assignment_method":"point_in_polygon","primary_county_fips":"55133","release_vintage":"2026.02.09","source_layer":"building","source_name":"Pewaukee Data Center","source_operator":"WE Energies","source_record_id":"01011125238","source_ref":null,"source_reported_county_fipses":["55133"]},"type":"Feature"},{"geometry":{"coordinates":[-115.06266954999842,36.18299775012923],"type":"Point"},"id":"fac_im3_building_01013396352","properties":{"county_fipses":["32003"],"data_status":"provisional_source_record","display_name":"CenturyLink","entity_id":"fac_im3_building_01013396352","entity_type":"facility","footprint_sqft":11601.0,"geography_assignment_method":"point_in_polygon","primary_county_fips":"32003","release_vintage":"2026.02.09","source_layer":"building","source_name":"CenturyLink","source_operator":null,"source_record_id":"01013396352","source_ref":null,"source_reported_county_fipses":["32003"]},"type":"Feature"},{"geometry":{"coordinates":[-111.64752987065916,33.35201067934632],"type":"Point"},"id":"fac_im3_building_01015704066","properties":{"county_fipses":["04013"],"data_status":"provisional_source_record","display_name":"EdgeConneX PHX02 Data Center","entity_id":"fac_im3_building_01015704066","entity_type":"facility","footprint_sqft":654105.0,"geography_assignment_method":"point_in_polygon","primary_county_fips":"04013","release_vintage":"2026.02.09","source_layer":"building","source_name":"EdgeConneX PHX02 Data Center","source_operator":"EdgeConneX","source_record_id":"01015704066","source_ref":null,"source_reported_county_fipses":["04013"]},"type":"Feature"},{"geometry":{"coordinates":[-77.55711533400657,38.77885736291117],"type":"Point"},"id":"fac_im3_building_01015995259","properties":{"county_fipses":["51153"],"data_status":"provisional_source_record","display_name":"Amazon IAD601","entity_id":"fac_im3_building_01015995259","entity_type":"facility","footprint_sqft":14469.0,"geography_assignment_method":"point_in_polygon","primary_county_fips":"51153","release_vintage":"2026.02.09","source_layer":"building","source_name":"Amazon IAD601","source_operator":"Amazon Web Services","source_record_id":"01015995259","source_ref":"IAD601","source_reported_county_fipses":["51153"]},"type":"Feature"},{"geometry":{"coordinates":[-115.21368205577333,36.05914890088559],"type":"Point"},"id":"fac_im3_building_01017048670","properties":{"county_fipses":["32003"],"data_status":"provisional_source_record","display_name":"Switch Edge 1","entity_id":"fac_im3_building_01017048670","entity_type":"facility","footprint_sqft":27670.0,"geography_assignment_method":"point_in_polygon","primary_county_fips":"32003","release_vintage":"2026.02.09","source_layer":"building","source_name":"Switch Edge 1","source_operator":null,"source_record_id":"01017048670","source_ref":null,"source_reported_county_fipses":["32003"]},"type":"Feature"},{"geometry":{"coordinates":[-115.07677875306494,36.143646142312384],"type":"Point"},"id":"fac_im3_building_01017460713","properties":{"county_fipses":["32003"],"data_status":"provisional_source_record","display_name":"Switch Las Vegas 4","entity_id":"fac_im3_building_01017460713","entity_type":"facility","footprint_sqft":27777.0,"geography_assignment_method":"point_in_polygon","primary_county_fips":"32003","release_vintage":"2026.02.09","source_layer":"building","source_name":"Switch Las Vegas 4","source_operator":"Switch","source_record_id":"01017460713","source_ref":null,"source_reported_county_fipses":["32003"]},"type":"Feature"},{"geometry":{"coordinates":[-115.0766965000049,36.14276349998916],"type":"Point"},"id":"fac_im3_building_01017460715","properties":{"county_fipses":["32003"],"data_status":"provisional_source_record","display_name":"Switch Las Vegas 5","entity_id":"fac_im3_building_01017460715","entity_type":"facility","footprint_sqft":15026.0,"geography_assignment_method":"point_in_polygon","primary_county_fips":"32003","release_vintage":"2026.02.09","source_layer":"building","source_name":"Switch Las Vegas 5","source_operator":"Switch","source_record_id":"01017460715","source_ref":null,"source_reported_county_fipses":["32003"]},"type":"Feature"},{"geometry":{"coordinates":[-80.28691594165383,26.184996941375054],"type":"Point"},"id":"fac_im3_building_01017518460","properties":{"county_fipses":["12011"],"data_status":"provisional_source_record","display_name":"T-Mobile Everglades MSO Data Center","entity_id":"fac_im3_building_01017518460","entity_type":"facility","footprint_sqft":49233.0,"geography_assignment_method":"point_in_polygon","primary_county_fips":"12011","release_vintage":"2026.02.09","source_layer":"building","source_name":"T-Mobile Everglades MSO Data Center","source_operator":null,"source_record_id":"01017518460","source_ref":null,"source_reported_county_fipses":["12011"]},"type":"Feature"},{"geometry":{"coordinates":[-122.91221283734207,45.556621303589225],"type":"Point"},"id":"fac_im3_building_01019812125","properties":{"county_fipses":["41067"],"data_status":"provisional_source_record","display_name":"EdgeConneX Data Center","entity_id":"fac_im3_building_01019812125","entity_type":"facility","footprint_sqft":111564.0,"geography_assignment_method":"point_in_polygon","primary_county_fips":"41067","release_vintage":"2026.02.09","source_layer":"building","source_name":"EdgeConneX Data Center","source_operator":"EdgeConneX","source_record_id":"01019812125","source_ref":null,"source_reported_county_fipses":["41067"]},"type":"Feature"},{"geometry":{"coordinates":[-82.75145548070124,40.093616439444084],"type":"Point"},"id":"fac_im3_building_01020374277","properties":{"county_fipses":["39089"],"data_status":"provisional_source_record","display_name":"Amazon Web Services  CMH53","entity_id":"fac_im3_building_01020374277","entity_type":"facility","footprint_sqft":154029.0,"geography_assignment_method":"point_in_polygon","primary_county_fips":"39089","release_vintage":"2026.02.09","source_layer":"building","source_name":"Amazon Web Services  CMH53","source_operator":"Amazon Web Services","source_record_id":"01020374277","source_ref":"CMH53","source_reported_county_fipses":["39089"]},"type":"Feature"},{"geometry":{"coordinates":[-82.75205114610061,40.09653435041937],"type":"Point"},"id":"fac_im3_building_01020374278","properties":{"county_fipses":["39089"],"data_status":"provisional_source_record","display_name":"Amazon Web Services CMH56","entity_id":"fac_im3_building_01020374278","entity_type":"facility","footprint_sqft":154677.0,"geography_assignment_method":"point_in_polygon","primary_county_fips":"39089","release_vintage":"2026.02.09","source_layer":"building","source_name":"Amazon Web Services CMH56","source_operator":"Amazon Web Services","source_record_id":"01020374278","source_ref":"CMH56","source_reported_county_fipses":["39089"]},"type":"Feature"},{"geometry":{"coordinates":[-82.74749104888826,40.09404615807959],"type":"Point"},"id":"fac_im3_building_01020374279","properties":{"county_fipses":["39089"],"data_status":"provisional_source_record","display_name":"Amazon Web Services  CMH59","entity_id":"fac_im3_building_01020374279","entity_type":"facility","footprint_sqft":161123.0,"geography_assignment_method":"point_in_polygon","primary_county_fips":"39089","release_vintage":"2026.02.09","source_layer":"building","source_name":"Amazon Web Services  CMH59","source_operator":"Amazon Web Services","source_record_id":"01020374279","source_ref":"CMH59","source_reported_county_fipses":["39089"]},"type":"Feature"},{"geometry":{"coordinates":[-91.74090585909379,35.2492158371357],"type":"Point"},"id":"fac_im3_building_01020721870","properties":{"county_fipses":["05145"],"data_status":"provisional_source_record","display_name":"Searcy Information Technologies","entity_id":"fac_im3_building_01020721870","entity_type":"facility","footprint_sqft":4580.0,"geography_assignment_method":"point_in_polygon","primary_county_fips":"05145","release_vintage":"2026.02.09","source_layer":"building","source_name":"Searcy Information Technologies","source_operator":"City of Searcy","source_record_id":"01020721870","source_ref":null,"source_reported_county_fipses":["05145"]},"type":"Feature"},{"geometry":{"coordinates":[-77.4712911922763,38.9958476154284],"type":"Point"},"id":"fac_im3_building_01020877488","properties":{"county_fipses":["51107"],"data_status":"provisional_source_record","display_name":"Amazon Web Services","entity_id":"fac_im3_building_01020877488","entity_type":"facility","footprint_sqft":131476.0,"geography_assignment_method":"point_in_polygon","primary_county_fips":"51107","release_vintage":"2026.02.09","source_layer":"building","source_name":"Amazon Web Services","source_operator":"Amazon Web Services","source_record_id":"01020877488","source_ref":"IAD162","source_reported_county_fipses":["51107"]},"type":"Feature"},{"geometry":{"coordinates":[-77.47326247561796,38.99660796472238],"type":"Point"},"id":"fac_im3_building_01020877489","properties":{"county_fipses":["51107"],"data_status":"provisional_source_record","display_name":"Amazon Web Services","entity_id":"fac_im3_building_01020877489","entity_type":"facility","footprint_sqft":131482.0,"geography_assignment_method":"point_in_polygon","primary_county_fips":"51107","release_vintage":"2026.02.09","source_layer":"building","source_name":"Amazon Web Services","source_operator":"Amazon Web Services","source_record_id":"01020877489","source_ref":"IAD161","source_reported_county_fipses":["51107"]},"type":"Feature"},{"geometry":{"coordinates":[-112.01507681579746,40.26828850505122],"type":"Point"},"id":"fac_im3_building_01024051963","properties":{"county_fipses":["49049"],"data_status":"provisional_source_record","display_name":"Meta Eagle Mountain Data Center","entity_id":"fac_im3_building_01024051963","entity_type":"facility","footprint_sqft":344790.0,"geography_assignment_method":"point_in_polygon","primary_county_fips":"49049","release_vintage":"2026.02.09","source_layer":"building","source_name":"Meta Eagle Mountain Data Center","source_operator":"Meta","source_record_id":"01024051963","source_ref":null,"source_reported_county_fipses":["49049"]},"type":"Feature"},{"geometry":{"coordinates":[-112.01512736677897,40.2655639892377],"type":"Point"},"id":"fac_im3_building_01024051997","properties":{"county_fipses":["49049"],"data_status":"provisional_source_record","display_name":"Meta Eagle Mountain Data Center","entity_id":"fac_im3_building_01024051997","entity_type":"facility","footprint_sqft":626371.0,"geography_assignment_method":"point_in_polygon","primary_county_fips":"49049","release_vintage":"2026.02.09","source_layer":"building","source_name":"Meta Eagle Mountain Data Center","source_operator":"Meta","source_record_id":"01024051997","source_ref":null,"source_reported_county_fipses":["49049"]},"type":"Feature"},{"geometry":{"coordinates":[-94.7683727731216,38.926805991335975],"type":"Point"},"id":"fac_im3_building_01024384322","properties":{"county_fipses":["20091"],"data_status":"provisional_source_record","display_name":"Unnamed IM3 building 01024384322","entity_id":"fac_im3_building_01024384322","entity_type":"facility","footprint_sqft":4912.0,"geography_assignment_method":"point_in_polygon","primary_county_fips":"20091","release_vintage":"2026.02.09","source_layer":"building","source_name":null,"source_operator":null,"source_record_id":"01024384322","source_ref":null,"source_reported_county_fipses":["20091"]},"type":"Feature"},{"geometry":{"coordinates":[-77.44944907275473,39.00571934215422],"type":"Point"},"id":"fac_im3_building_01025002889","properties":{"county_fipses":["51107"],"data_status":"provisional_source_record","display_name":"Digital Realty IAD42","entity_id":"fac_im3_building_01025002889","entity_type":"facility","footprint_sqft":218174.0,"geography_assignment_method":"point_in_polygon","primary_county_fips":"51107","release_vintage":"2026.02.09","source_layer":"building","source_name":"Digital Realty IAD42","source_operator":"Digital Realty","source_record_id":"01025002889","source_ref":"IAD42","source_reported_county_fipses":["51107"]},"type":"Feature"},{"geometry":{"coordinates":[-119.60703845354756,45.846667814374484],"type":"Point"},"id":"fac_im3_building_01027471509","properties":{"county_fipses":["41049"],"data_status":"provisional_source_record","display_name":"Amazon Web Services us-west-2","entity_id":"fac_im3_building_01027471509","entity_type":"facility","footprint_sqft":211938.0,"geography_assignment_method":"point_in_polygon","primary_county_fips":"41049","release_vintage":"2026.02.09","source_layer":"building","source_name":"Amazon Web Services us-west-2","source_operator":"Amazon Web Services","source_record_id":"01027471509","source_ref":"PDX66","source_reported_county_fipses":["41049"]},"type":"Feature"},{"geometry":{"coordinates":[-119.60906254768787,45.846753781437606],"type":"Point"},"id":"fac_im3_building_01027471510","properties":{"county_fipses":["41049"],"data_status":"provisional_source_record","display_name":"Amazon Web Services us-west-2","entity_id":"fac_im3_building_01027471510","entity_type":"facility","footprint_sqft":221562.0,"geography_assignment_method":"point_in_polygon","primary_county_fips":"41049","release_vintage":"2026.02.09","source_layer":"building","source_name":"Amazon Web Services us-west-2","source_operator":"Amazon Web Services","source_record_id":"01027471510","source_ref":"PDX68","source_reported_county_fipses":["41049"]},"type":"Feature"},{"geometry":{"coordinates":[-77.23380499305182,37.481963263600264],"type":"Point"},"id":"fac_im3_building_01030970564","properties":{"county_fipses":["51087"],"data_status":"provisional_source_record","display_name":"Meta Henrico Data Center","entity_id":"fac_im3_building_01030970564","entity_type":"facility","footprint_sqft":327920.0,"geography_assignment_method":"point_in_polygon","primary_county_fips":"51087","release_vintage":"2026.02.09","source_layer":"building","source_name":"Meta Henrico Data Center","source_operator":"Meta","source_record_id":"01030970564","source_ref":null,"source_reported_county_fipses":["51087"]},"type":"Feature"},{"geometry":{"coordinates":[-81.83484809231037,28.29407690335012],"type":"Point"},"id":"fac_im3_building_01034230196","properties":{"county_fipses":["12105"],"data_status":"provisional_source_record","display_name":"Unnamed IM3 building 01034230196","entity_id":"fac_im3_building_01034230196","entity_type":"facility","footprint_sqft":22578.0,"geography_assignment_method":"point_in_polygon","primary_county_fips":"12105","release_vintage":"2026.02.09","source_layer":"building","source_name":null,"source_operator":null,"source_record_id":"01034230196","source_ref":null,"source_reported_county_fipses":["12105"]},"type":"Feature"},{"geometry":{"coordinates":[-115.14721141845385,36.05972751073122],"type":"Point"},"id":"fac_im3_building_01034475557","properties":{"county_fipses":["32003"],"data_status":"provisional_source_record","display_name":"DataBank Las Vegas LAS1","entity_id":"fac_im3_building_01034475557","entity_type":"facility","footprint_sqft":58547.0,"geography_assignment_method":"point_in_polygon","primary_county_fips":"32003","release_vintage":"2026.02.09","source_layer":"building","source_name":"DataBank Las Vegas LAS1","source_operator":null,"source_record_id":"01034475557","source_ref":null,"source_reported_county_fipses":["32003"]},"type":"Feature"},{"geometry":{"coordinates":[-112.01505471830352,40.27233431054834],"type":"Point"},"id":"fac_im3_building_01035123473","properties":{"county_fipses":["49049"],"data_status":"provisional_source_record","display_name":"Meta Eagle Mountain Data Center","entity_id":"fac_im3_building_01035123473","entity_type":"facility","footprint_sqft":628165.0,"geography_assignment_method":"point_in_polygon","primary_county_fips":"49049","release_vintage":"2026.02.09","source_layer":"building","source_name":"Meta Eagle Mountain Data Center","source_operator":"Meta","source_record_id":"01035123473","source_ref":null,"source_reported_county_fipses":["49049"]},"type":"Feature"},{"geometry":{"coordinates":[-77.43777001853674,39.015262930158144],"type":"Point"},"id":"fac_im3_building_01037871048","properties":{"county_fipses":["51107"],"data_status":"provisional_source_record","display_name":"Amazon IAD601","entity_id":"fac_im3_building_01037871048","entity_type":"facility","footprint_sqft":14384.0,"geography_assignment_method":"point_in_polygon","primary_county_fips":"51107","release_vintage":"2026.02.09","source_layer":"building","source_name":"Amazon IAD601","source_operator":"Amazon Web Services","source_record_id":"01037871048","source_ref":"IAD601","source_reported_county_fipses":["51107"]},"type":"Feature"},{"geometry":{"coordinates":[-110.3047516999998,31.972674750091073],"type":"Point"},"id":"fac_im3_building_01042260902","properties":{"county_fipses":["04003"],"data_status":"provisional_source_record","display_name":"DirecTV","entity_id":"fac_im3_building_01042260902","entity_type":"facility","footprint_sqft":7539.0,"geography_assignment_method":"point_in_polygon","primary_county_fips":"04003","release_vintage":"2026.02.09","source_layer":"building","source_name":null,"source_operator":"DirecTV","source_record_id":"01042260902","source_ref":null,"source_reported_county_fipses":["04003"]},"type":"Feature"},{"geometry":{"coordinates":[-83.70541734238208,33.6013709927818],"type":"Point"},"id":"fac_im3_building_01054387471","properties":{"county_fipses":["13217"],"data_status":"provisional_source_record","display_name":"Meta","entity_id":"fac_im3_building_01054387471","entity_type":"facility","footprint_sqft":660258.0,"geography_assignment_method":"point_in_polygon","primary_county_fips":"13217","release_vintage":"2026.02.09","source_layer":"building","source_name":null,"source_operator":"Meta","source_record_id":"01054387471","source_ref":null,"source_reported_county_fipses":["13217"]},"type":"Feature"},{"geometry":{"coordinates":[-111.88504405838351,40.68552518346084],"type":"Point"},"id":"fac_im3_building_01056658555","properties":{"county_fipses":["49035"],"data_status":"provisional_source_record","display_name":"Flexential Salt Lake City - Millcreek","entity_id":"fac_im3_building_01056658555","entity_type":"facility","footprint_sqft":28092.0,"geography_assignment_method":"point_in_polygon","primary_county_fips":"49035","release_vintage":"2026.02.09","source_layer":"building","source_name":"Flexential Salt Lake City - Millcreek","source_operator":"Flexential","source_record_id":"01056658555","source_ref":null,"source_reported_county_fipses":["49035"]},"type":"Feature"},{"geometry":{"coordinates":[-119.68986643174063,45.83654228757941],"type":"Point"},"id":"fac_im3_building_01057230915","properties":{"county_fipses":["41049"],"data_status":"provisional_source_record","display_name":"Amazon PDX93","entity_id":"fac_im3_building_01057230915","entity_type":"facility","footprint_sqft":213828.0,"geography_assignment_method":"point_in_polygon","primary_county_fips":"41049","release_vintage":"2026.02.09","source_layer":"building","source_name":"Amazon PDX93","source_operator":"Amazon Web Services","source_record_id":"01057230915","source_ref":"PDX93","source_reported_county_fipses":["41049"]},"type":"Feature"},{"geometry":{"coordinates":[-77.53332238839505,38.74428601144499],"type":"Point"},"id":"fac_im3_building_01059030596","properties":{"county_fipses":["51153"],"data_status":"provisional_source_record","display_name":"Amazon Web Services","entity_id":"fac_im3_building_01059030596","entity_type":"facility","footprint_sqft":111697.0,"geography_assignment_method":"point_in_polygon","primary_county_fips":"51153","release_vintage":"2026.02.09","source_layer":"building","source_name":"Amazon Web Services","source_operator":"Amazon Web Services","source_record_id":"01059030596","source_ref":null,"source_reported_county_fipses":["51153"]},"type":"Feature"},{"geometry":{"coordinates":[-77.53750921534285,38.745958588783616],"type":"Point"},"id":"fac_im3_building_01059036248","properties":{"county_fipses":["51153"],"data_status":"provisional_source_record","display_name":"Unnamed IM3 building 01059036248","entity_id":"fac_im3_building_01059036248","entity_type":"facility","footprint_sqft":257960.0,"geography_assignment_method":"point_in_polygon","primary_county_fips":"51153","release_vintage":"2026.02.09","source_layer":"building","source_name":null,"source_operator":null,"source_record_id":"01059036248","source_ref":null,"source_reported_county_fipses":["51153"]},"type":"Feature"},{"geometry":{"coordinates":[-77.53062487747106,38.74388634728904],"type":"Point"},"id":"fac_im3_building_01059037050","properties":{"county_fipses":["51153"],"data_status":"provisional_source_record","display_name":"COPT Innovation Park Data Center","entity_id":"fac_im3_building_01059037050","entity_type":"facility","footprint_sqft":149206.0,"geography_assignment_method":"point_in_polygon","primary_county_fips":"51153","release_vintage":"2026.02.09","source_layer":"building","source_name":"COPT Innovation Park Data Center","source_operator":"Amazon Web Services","source_record_id":"01059037050","source_ref":"IAD132","source_reported_county_fipses":["51153"]},"type":"Feature"},{"geometry":{"coordinates":[-77.5291961000727,38.74405494832178],"type":"Point"},"id":"fac_im3_building_01059037051","properties":{"county_fipses":["51153"],"data_status":"provisional_source_record","display_name":"COPT Data Center Bldg 2","entity_id":"fac_im3_building_01059037051","entity_type":"facility","footprint_sqft":104114.0,"geography_assignment_method":"point_in_polygon","primary_county_fips":"51153","release_vintage":"2026.02.09","source_layer":"building","source_name":"COPT Data Center Bldg 2","source_operator":"Amazon Web Services","source_record_id":"01059037051","source_ref":"IAD133","source_reported_county_fipses":["51153"]},"type":"Feature"},{"geometry":{"coordinates":[-121.96598983231347,37.389932721842904],"type":"Point"},"id":"fac_im3_building_01065780801","properties":{"county_fipses":["06085"],"data_status":"provisional_source_record","display_name":"Amazon","entity_id":"fac_im3_building_01065780801","entity_type":"facility","footprint_sqft":98142.0,"geography_assignment_method":"point_in_polygon","primary_county_fips":"06085","release_vintage":"2026.02.09","source_layer":"building","source_name":"Amazon","source_operator":"Amazon Web Services","source_record_id":"01065780801","source_ref":null,"source_reported_county_fipses":["06085"]},"type":"Feature"},{"geometry":{"coordinates":[-80.03831641068669,33.06202195137125],"type":"Point"},"id":"fac_im3_building_01069388067","properties":{"county_fipses":["45015"],"data_status":"provisional_source_record","display_name":"Google","entity_id":"fac_im3_building_01069388067","entity_type":"facility","footprint_sqft":182645.0,"geography_assignment_method":"point_in_polygon","primary_county_fips":"45015","release_vintage":"2026.02.09","source_layer":"building","source_name":null,"source_operator":"Google","source_record_id":"01069388067","source_ref":null,"source_reported_county_fipses":["45015"]},"type":"Feature"},{"geometry":{"coordinates":[-80.03966007767937,33.06217398793264],"type":"Point"},"id":"fac_im3_building_01069388075","properties":{"county_fipses":["45015"],"data_status":"provisional_source_record","display_name":"Google","entity_id":"fac_im3_building_01069388075","entity_type":"facility","footprint_sqft":181261.0,"geography_assignment_method":"point_in_polygon","primary_county_fips":"45015","release_vintage":"2026.02.09","source_layer":"building","source_name":"Google","source_operator":"Google","source_record_id":"01069388075","source_ref":null,"source_reported_county_fipses":["45015"]},"type":"Feature"},{"geometry":{"coordinates":[-80.041154478933,33.0620532330343],"type":"Point"},"id":"fac_im3_building_01069388095","properties":{"county_fipses":["45015"],"data_status":"provisional_source_record","display_name":"Google","entity_id":"fac_im3_building_01069388095","entity_type":"facility","footprint_sqft":206252.0,"geography_assignment_method":"point_in_polygon","primary_county_fips":"45015","release_vintage":"2026.02.09","source_layer":"building","source_name":"Google","source_operator":"Google","source_record_id":"01069388095","source_ref":null,"source_reported_county_fipses":["45015"]},"type":"Feature"},{"geometry":{"coordinates":[-80.03845634859405,33.064311956552835],"type":"Point"},"id":"fac_im3_building_01069388141","properties":{"county_fipses":["45015"],"data_status":"provisional_source_record","display_name":"Google","entity_id":"fac_im3_building_01069388141","entity_type":"facility","footprint_sqft":181645.0,"geography_assignment_method":"point_in_polygon","primary_county_fips":"45015","release_vintage":"2026.02.09","source_layer":"building","source_name":"Google","source_operator":"Google","source_record_id":"01069388141","source_ref":null,"source_reported_county_fipses":["45015"]},"type":"Feature"},{"geometry":{"coordinates":[-80.0384282206963,33.06643643704493],"type":"Point"},"id":"fac_im3_building_01069388147","properties":{"county_fipses":["45015"],"data_status":"provisional_source_record","display_name":"Google","entity_id":"fac_im3_building_01069388147","entity_type":"facility","footprint_sqft":131216.0,"geography_assignment_method":"point_in_polygon","primary_county_fips":"45015","release_vintage":"2026.02.09","source_layer":"building","source_name":"Google","source_operator":"Google","source_record_id":"01069388147","source_ref":null,"source_reported_county_fipses":["45015"]},"type":"Feature"},{"geometry":{"coordinates":[-80.0435751320087,33.06415660970066],"type":"Point"},"id":"fac_im3_building_01069388156","properties":{"county_fipses":["45015"],"data_status":"provisional_source_record","display_name":"Google","entity_id":"fac_im3_building_01069388156","entity_type":"facility","footprint_sqft":249320.0,"geography_assignment_method":"point_in_polygon","primary_county_fips":"45015","release_vintage":"2026.02.09","source_layer":"building","source_name":"Google","source_operator":"Google","source_record_id":"01069388156","source_ref":null,"source_reported_county_fipses":["45015"]},"type":"Feature"},{"geometry":{"coordinates":[-80.04505685925874,33.062000589098496],"type":"Point"},"id":"fac_im3_building_01069388186","properties":{"county_fipses":["45015"],"data_status":"provisional_source_record","display_name":"Google","entity_id":"fac_im3_building_01069388186","entity_type":"facility","footprint_sqft":697831.0,"geography_assignment_method":"point_in_polygon","primary_county_fips":"45015","release_vintage":"2026.02.09","source_layer":"building","source_name":"Google","source_operator":"Google","source_record_id":"01069388186","source_ref":null,"source_reported_county_fipses":["45015"]},"type":"Feature"},{"geometry":{"coordinates":[-80.04606755156347,33.064434801539036],"type":"Point"},"id":"fac_im3_building_01069388211","properties":{"county_fipses":["45015"],"data_status":"provisional_source_record","display_name":"Google","entity_id":"fac_im3_building_01069388211","entity_type":"facility","footprint_sqft":145533.0,"geography_assignment_method":"point_in_polygon","primary_county_fips":"45015","release_vintage":"2026.02.09","source_layer":"building","source_name":"Google","source_operator":"Google","source_record_id":"01069388211","source_ref":null,"source_reported_county_fipses":["45015"]},"type":"Feature"},{"geometry":{"coordinates":[-83.69683907912508,33.60009367954904],"type":"Point"},"id":"fac_im3_building_01070895993","properties":{"county_fipses":["13217"],"data_status":"provisional_source_record","display_name":"Meta","entity_id":"fac_im3_building_01070895993","entity_type":"facility","footprint_sqft":763506.0,"geography_assignment_method":"point_in_polygon","primary_county_fips":"13217","release_vintage":"2026.02.09","source_layer":"building","source_name":null,"source_operator":"Meta","source_record_id":"01070895993","source_ref":null,"source_reported_county_fipses":["13217"]},"type":"Feature"},{"geometry":{"coordinates":[-83.69501281261269,33.59802145151715],"type":"Point"},"id":"fac_im3_building_01070895994","properties":{"county_fipses":["13217"],"data_status":"provisional_source_record","display_name":"Meta","entity_id":"fac_im3_building_01070895994","entity_type":"facility","footprint_sqft":342886.0,"geography_assignment_method":"point_in_polygon","primary_county_fips":"13217","release_vintage":"2026.02.09","source_layer":"building","source_name":null,"source_operator":"Meta","source_record_id":"01070895994","source_ref":null,"source_reported_county_fipses":["13217"]},"type":"Feature"},{"geometry":{"coordinates":[-120.20768784943974,47.416868024109554],"type":"Point"},"id":"fac_im3_building_01071772119","properties":{"county_fipses":["53017"],"data_status":"provisional_source_record","display_name":"Microsoft EAT02","entity_id":"fac_im3_building_01071772119","entity_type":"facility","footprint_sqft":246129.0,"geography_assignment_method":"point_in_polygon","primary_county_fips":"53017","release_vintage":"2026.02.09","source_layer":"building","source_name":"Microsoft EAT02","source_operator":"Microsoft","source_record_id":"01071772119","source_ref":null,"source_reported_county_fipses":["53017"]},"type":"Feature"},{"geometry":{"coordinates":[-120.19160109219082,47.40758548151772],"type":"Point"},"id":"fac_im3_building_01071774674","properties":{"county_fipses":["53017"],"data_status":"provisional_source_record","display_name":"Intergate Columbia D","entity_id":"fac_im3_building_01071774674","entity_type":"facility","footprint_sqft":135020.0,"geography_assignment_method":"point_in_polygon","primary_county_fips":"53017","release_vintage":"2026.02.09","source_layer":"building","source_name":"Intergate Columbia D","source_operator":"Sabey Data Centers","source_record_id":"01071774674","source_ref":null,"source_reported_county_fipses":["53017"]},"type":"Feature"},{"geometry":{"coordinates":[-95.80485695055478,41.17734372844027],"type":"Point"},"id":"fac_im3_building_01073720208","properties":{"county_fipses":["19155"],"data_status":"provisional_source_record","display_name":"Google","entity_id":"fac_im3_building_01073720208","entity_type":"facility","footprint_sqft":76005.0,"geography_assignment_method":"point_in_polygon","primary_county_fips":"19155","release_vintage":"2026.02.09","source_layer":"building","source_name":"Google","source_operator":"Google","source_record_id":"01073720208","source_ref":null,"source_reported_county_fipses":["19155"]},"type":"Feature"},{"geometry":{"coordinates":[-95.80637969473155,41.17727415208592],"type":"Point"},"id":"fac_im3_building_01073720209","properties":{"county_fipses":["19155"],"data_status":"provisional_source_record","display_name":"Google","entity_id":"fac_im3_building_01073720209","entity_type":"facility","footprint_sqft":318940.0,"geography_assignment_method":"point_in_polygon","primary_county_fips":"19155","release_vintage":"2026.02.09","source_layer":"building","source_name":"Google","source_operator":"Google","source_record_id":"01073720209","source_ref":null,"source_reported_county_fipses":["19155"]},"type":"Feature"},{"geometry":{"coordinates":[-95.8032146599412,41.17745636098298],"type":"Point"},"id":"fac_im3_building_01073720210","properties":{"county_fipses":["19155"],"data_status":"provisional_source_record","display_name":"Google","entity_id":"fac_im3_building_01073720210","entity_type":"facility","footprint_sqft":258223.0,"geography_assignment_method":"point_in_polygon","primary_county_fips":"19155","release_vintage":"2026.02.09","source_layer":"building","source_name":"Google","source_operator":"Google","source_record_id":"01073720210","source_ref":null,"source_reported_county_fipses":["19155"]},"type":"Feature"},{"geometry":{"coordinates":[-95.80096717468035,41.17748290529598],"type":"Point"},"id":"fac_im3_building_01073720211","properties":{"county_fipses":["19155"],"data_status":"provisional_source_record","display_name":"Google","entity_id":"fac_im3_building_01073720211","entity_type":"facility","footprint_sqft":211543.0,"geography_assignment_method":"point_in_polygon","primary_county_fips":"19155","release_vintage":"2026.02.09","source_layer":"building","source_name":"Google","source_operator":"Google","source_record_id":"01073720211","source_ref":null,"source_reported_county_fipses":["19155"]},"type":"Feature"},{"geometry":{"coordinates":[-95.80676284722783,41.175540121144294],"type":"Point"},"id":"fac_im3_building_01073720212","properties":{"county_fipses":["19155"],"data_status":"provisional_source_record","display_name":"Google","entity_id":"fac_im3_building_01073720212","entity_type":"facility","footprint_sqft":131491.0,"geography_assignment_method":"point_in_polygon","primary_county_fips":"19155","release_vintage":"2026.02.09","source_layer":"building","source_name":"Google","source_operator":"Google","source_record_id":"01073720212","source_ref":null,"source_reported_county_fipses":["19155"]},"type":"Feature"},{"geometry":{"coordinates":[-95.80565239909376,41.17554005850446],"type":"Point"},"id":"fac_im3_building_01073720213","properties":{"county_fipses":["19155"],"data_status":"provisional_source_record","display_name":"Google","entity_id":"fac_im3_building_01073720213","entity_type":"facility","footprint_sqft":129827.0,"geography_assignment_method":"point_in_polygon","primary_county_fips":"19155","release_vintage":"2026.02.09","source_layer":"building","source_name":"Google","source_operator":"Google","source_record_id":"01073720213","source_ref":null,"source_reported_county_fipses":["19155"]},"type":"Feature"},{"geometry":{"coordinates":[-95.80449329746104,41.17554283490945],"type":"Point"},"id":"fac_im3_building_01073720214","properties":{"county_fipses":["19155"],"data_status":"provisional_source_record","display_name":"Google","entity_id":"fac_im3_building_01073720214","entity_type":"facility","footprint_sqft":132118.0,"geography_assignment_method":"point_in_polygon","primary_county_fips":"19155","release_vintage":"2026.02.09","source_layer":"building","source_name":"Google","source_operator":"Google","source_record_id":"01073720214","source_ref":null,"source_reported_county_fipses":["19155"]},"type":"Feature"},{"geometry":{"coordinates":[-95.8033895382722,41.175543648575314],"type":"Point"},"id":"fac_im3_building_01073720215","properties":{"county_fipses":["19155"],"data_status":"provisional_source_record","display_name":"Google","entity_id":"fac_im3_building_01073720215","entity_type":"facility","footprint_sqft":132254.0,"geography_assignment_method":"point_in_polygon","primary_county_fips":"19155","release_vintage":"2026.02.09","source_layer":"building","source_name":"Google","source_operator":"Google","source_record_id":"01073720215","source_ref":null,"source_reported_county_fipses":["19155"]},"type":"Feature"},{"geometry":{"coordinates":[-95.80222393205067,41.175547389125526],"type":"Point"},"id":"fac_im3_building_01073720216","properties":{"county_fipses":["19155"],"data_status":"provisional_source_record","display_name":"Google","entity_id":"fac_im3_building_01073720216","entity_type":"facility","footprint_sqft":130820.0,"geography_assignment_method":"point_in_polygon","primary_county_fips":"19155","release_vintage":"2026.02.09","source_layer":"building","source_name":"Google","source_operator":"Google","source_record_id":"01073720216","source_ref":null,"source_reported_county_fipses":["19155"]},"type":"Feature"},{"geometry":{"coordinates":[-95.80111944856117,41.175545298097475],"type":"Point"},"id":"fac_im3_building_01073720217","properties":{"county_fipses":["19155"],"data_status":"provisional_source_record","display_name":"Google","entity_id":"fac_im3_building_01073720217","entity_type":"facility","footprint_sqft":129628.0,"geography_assignment_method":"point_in_polygon","primary_county_fips":"19155","release_vintage":"2026.02.09","source_layer":"building","source_name":"Google","source_operator":"Google","source_record_id":"01073720217","source_ref":null,"source_reported_county_fipses":["19155"]},"type":"Feature"},{"geometry":{"coordinates":[-95.79994803209584,41.17555376295006],"type":"Point"},"id":"fac_im3_building_01073720218","properties":{"county_fipses":["19155"],"data_status":"provisional_source_record","display_name":"Google","entity_id":"fac_im3_building_01073720218","entity_type":"facility","footprint_sqft":134444.0,"geography_assignment_method":"point_in_polygon","primary_county_fips":"19155","release_vintage":"2026.02.09","source_layer":"building","source_name":"Google","source_operator":"Google","source_record_id":"01073720218","source_ref":null,"source_reported_county_fipses":["19155"]},"type":"Feature"},{"geometry":{"coordinates":[-95.80402364214318,41.1726347246986],"type":"Point"},"id":"fac_im3_building_01073720219","properties":{"county_fipses":["19155"],"data_status":"provisional_source_record","display_name":"Google","entity_id":"fac_im3_building_01073720219","entity_type":"facility","footprint_sqft":174264.0,"geography_assignment_method":"point_in_polygon","primary_county_fips":"19155","release_vintage":"2026.02.09","source_layer":"building","source_name":"Google","source_operator":"Google","source_record_id":"01073720219","source_ref":null,"source_reported_county_fipses":["19155"]},"type":"Feature"},{"geometry":{"coordinates":[-95.80252143647043,41.172640078023726],"type":"Point"},"id":"fac_im3_building_01073720220","properties":{"county_fipses":["19155"],"data_status":"provisional_source_record","display_name":"Google","entity_id":"fac_im3_building_01073720220","entity_type":"facility","footprint_sqft":174583.0,"geography_assignment_method":"point_in_polygon","primary_county_fips":"19155","release_vintage":"2026.02.09","source_layer":"building","source_name":"Google","source_operator":"Google","source_record_id":"01073720220","source_ref":null,"source_reported_county_fipses":["19155"]},"type":"Feature"},{"geometry":{"coordinates":[-95.8011477197886,41.17261142832355],"type":"Point"},"id":"fac_im3_building_01073720221","properties":{"county_fipses":["19155"],"data_status":"provisional_source_record","display_name":"Google","entity_id":"fac_im3_building_01073720221","entity_type":"facility","footprint_sqft":158241.0,"geography_assignment_method":"point_in_polygon","primary_county_fips":"19155","release_vintage":"2026.02.09","source_layer":"building","source_name":"Google","source_operator":"Google","source_record_id":"01073720221","source_ref":null,"source_reported_county_fipses":["19155"]},"type":"Feature"},{"geometry":{"coordinates":[-93.78699632287525,41.49683039481866],"type":"Point"},"id":"fac_im3_building_01075278060","properties":{"county_fipses":["19181"],"data_status":"provisional_source_record","display_name":"Microsoft","entity_id":"fac_im3_building_01075278060","entity_type":"facility","footprint_sqft":242270.0,"geography_assignment_method":"point_in_polygon","primary_county_fips":"19181","release_vintage":"2026.02.09","source_layer":"building","source_name":"Microsoft","source_operator":"Microsoft","source_record_id":"01075278060","source_ref":null,"source_reported_county_fipses":["19181"]},"type":"Feature"},{"geometry":{"coordinates":[-93.82631357913507,41.5398138870052],"type":"Point"},"id":"fac_im3_building_01075278061","properties":{"county_fipses":["19049"],"data_status":"provisional_source_record","display_name":"Microsoft","entity_id":"fac_im3_building_01075278061","entity_type":"facility","footprint_sqft":90065.0,"geography_assignment_method":"point_in_polygon","primary_county_fips":"19049","release_vintage":"2026.02.09","source_layer":"building","source_name":"Microsoft","source_operator":"Microsoft","source_record_id":"01075278061","source_ref":null,"source_reported_county_fipses":["19049"]},"type":"Feature"},{"geometry":{"coordinates":[-93.82866540068237,41.539670453163886],"type":"Point"},"id":"fac_im3_building_01075278062","properties":{"county_fipses":["19049"],"data_status":"provisional_source_record","display_name":"Microsoft","entity_id":"fac_im3_building_01075278062","entity_type":"facility","footprint_sqft":80538.0,"geography_assignment_method":"point_in_polygon","primary_county_fips":"19049","release_vintage":"2026.02.09","source_layer":"building","source_name":"Microsoft","source_operator":"Microsoft","source_record_id":"01075278062","source_ref":null,"source_reported_county_fipses":["19049"]},"type":"Feature"},{"geometry":{"coordinates":[-121.9423061882177,37.3611399057634],"type":"Point"},"id":"fac_im3_building_01075445245","properties":{"county_fipses":["06085"],"data_status":"provisional_source_record","display_name":"Unnamed IM3 building 01075445245","entity_id":"fac_im3_building_01075445245","entity_type":"facility","footprint_sqft":108346.0,"geography_assignment_method":"point_in_polygon","primary_county_fips":"06085","release_vintage":"2026.02.09","source_layer":"building","source_name":null,"source_operator":null,"source_record_id":"01075445245","source_ref":null,"source_reported_county_fipses":["06085"]},"type":"Feature"},{"geometry":{"coordinates":[-90.03416995691286,34.99348804291279],"type":"Point"},"id":"fac_im3_building_01077131079","properties":{"county_fipses":["28033"],"data_status":"provisional_source_record","display_name":"xAI Macrohardrr","entity_id":"fac_im3_building_01077131079","entity_type":"facility","footprint_sqft":812955.0,"geography_assignment_method":"point_in_polygon","primary_county_fips":"28033","release_vintage":"2026.02.09","source_layer":"building","source_name":"xAI Macrohardrr","source_operator":"xAI","source_record_id":"01077131079","source_ref":null,"source_reported_county_fipses":["28033"]},"type":"Feature"},{"geometry":{"coordinates":[-122.94108717504778,45.55539062526872],"type":"Point"},"id":"fac_im3_building_01080170579","properties":{"county_fipses":["41067"],"data_status":"provisional_source_record","display_name":"Flexential Portland - Hillsboro 4 Expansion","entity_id":"fac_im3_building_01080170579","entity_type":"facility","footprint_sqft":20041.0,"geography_assignment_method":"point_in_polygon","primary_county_fips":"41067","release_vintage":"2026.02.09","source_layer":"building","source_name":"Flexential Portland - Hillsboro 4 Expansion","source_operator":"Flexential","source_record_id":"01080170579","source_ref":null,"source_reported_county_fipses":["41067"]},"type":"Feature"},{"geometry":{"coordinates":[-122.93929618708306,45.55642410414443],"type":"Point"},"id":"fac_im3_building_01080170580","properties":{"county_fipses":["41067"],"data_status":"provisional_source_record","display_name":"Flexential Portland - Hillsboro 5","entity_id":"fac_im3_building_01080170580","entity_type":"facility","footprint_sqft":180357.0,"geography_assignment_method":"point_in_polygon","primary_county_fips":"41067","release_vintage":"2026.02.09","source_layer":"building","source_name":"Flexential Portland - Hillsboro 5","source_operator":"Flexential","source_record_id":"01080170580","source_ref":null,"source_reported_county_fipses":["41067"]},"type":"Feature"},{"geometry":{"coordinates":[-98.65314490826424,29.4491563911304],"type":"Point"},"id":"fac_im3_building_01081973944","properties":{"county_fipses":["48029"],"data_status":"provisional_source_record","display_name":"QTS San Antonio II","entity_id":"fac_im3_building_01081973944","entity_type":"facility","footprint_sqft":140321.0,"geography_assignment_method":"point_in_polygon","primary_county_fips":"48029","release_vintage":"2026.02.09","source_layer":"building","source_name":"QTS San Antonio II","source_operator":"Quality Technology Services","source_record_id":"01081973944","source_ref":null,"source_reported_county_fipses":["48029"]},"type":"Feature"},{"geometry":{"coordinates":[-104.7885349003077,38.78617187499131],"type":"Point"},"id":"fac_im3_building_01083841125","properties":{"county_fipses":["08041"],"data_status":"provisional_source_record","display_name":"T5@Colorado Springs","entity_id":"fac_im3_building_01083841125","entity_type":"facility","footprint_sqft":74307.0,"geography_assignment_method":"point_in_polygon","primary_county_fips":"08041","release_vintage":"2026.02.09","source_layer":"building","source_name":"T5@Colorado Springs","source_operator":null,"source_record_id":"01083841125","source_ref":null,"source_reported_county_fipses":["08041"]},"type":"Feature"},{"geometry":{"coordinates":[-82.3683379069368,28.07385598681517],"type":"Point"},"id":"fac_im3_building_01085608797","properties":{"county_fipses":["12057"],"data_status":"provisional_source_record","display_name":"Flexential Tampa - North","entity_id":"fac_im3_building_01085608797","entity_type":"facility","footprint_sqft":30643.0,"geography_assignment_method":"point_in_polygon","primary_county_fips":"12057","release_vintage":"2026.02.09","source_layer":"building","source_name":"Flexential Tampa - North","source_operator":"Flexential","source_record_id":"01085608797","source_ref":null,"source_reported_county_fipses":["12057"]},"type":"Feature"},{"geometry":{"coordinates":[-77.45200064122655,39.01674414789713],"type":"Point"},"id":"fac_im3_building_01088203906","properties":{"county_fipses":["51107"],"data_status":"provisional_source_record","display_name":"Amazon Web Services","entity_id":"fac_im3_building_01088203906","entity_type":"facility","footprint_sqft":96372.0,"geography_assignment_method":"point_in_polygon","primary_county_fips":"51107","release_vintage":"2026.02.09","source_layer":"building","source_name":"Amazon Web Services","source_operator":"Amazon Web Services","source_record_id":"01088203906","source_ref":null,"source_reported_county_fipses":["51107"]},"type":"Feature"},{"geometry":{"coordinates":[-77.45314511765301,39.01588594875254],"type":"Point"},"id":"fac_im3_building_01088203907","properties":{"county_fipses":["51107"],"data_status":"provisional_source_record","display_name":"Amazon Web Services","entity_id":"fac_im3_building_01088203907","entity_type":"facility","footprint_sqft":96367.0,"geography_assignment_method":"point_in_polygon","primary_county_fips":"51107","release_vintage":"2026.02.09","source_layer":"building","source_name":"Amazon Web Services","source_operator":"Amazon Web Services","source_record_id":"01088203907","source_ref":null,"source_reported_county_fipses":["51107"]},"type":"Feature"},{"geometry":{"coordinates":[-77.47518883996233,39.01041104054181],"type":"Point"},"id":"fac_im3_building_01088241977","properties":{"county_fipses":["51107"],"data_status":"provisional_source_record","display_name":"Aligned IAD02","entity_id":"fac_im3_building_01088241977","entity_type":"facility","footprint_sqft":208188.0,"geography_assignment_method":"point_in_polygon","primary_county_fips":"51107","release_vintage":"2026.02.09","source_layer":"building","source_name":"Aligned IAD02","source_operator":"Aligned","source_record_id":"01088241977","source_ref":null,"source_reported_county_fipses":["51107"]},"type":"Feature"},{"geometry":{"coordinates":[-77.51744670998576,38.75469273948548],"type":"Point"},"id":"fac_im3_building_01090837713","properties":{"county_fipses":["51153"],"data_status":"provisional_source_record","display_name":"QTS Manassas DC5","entity_id":"fac_im3_building_01090837713","entity_type":"facility","footprint_sqft":153531.0,"geography_assignment_method":"point_in_polygon","primary_county_fips":"51153","release_vintage":"2026.02.09","source_layer":"building","source_name":"QTS Manassas DC5","source_operator":"Quality Technology Services","source_record_id":"01090837713","source_ref":null,"source_reported_county_fipses":["51153"]},"type":"Feature"},{"geometry":{"coordinates":[-112.3648033961419,33.40903088866142],"type":"Point"},"id":"fac_im3_building_01091128478","properties":{"county_fipses":["04013"],"data_status":"provisional_source_record","display_name":"PHX-11","entity_id":"fac_im3_building_01091128478","entity_type":"facility","footprint_sqft":248866.0,"geography_assignment_method":"point_in_polygon","primary_county_fips":"04013","release_vintage":"2026.02.09","source_layer":"building","source_name":"PHX-11","source_operator":"Microsoft","source_record_id":"01091128478","source_ref":"PHX-11","source_reported_county_fipses":["04013"]},"type":"Feature"},{"geometry":{"coordinates":[-73.97183915643684,41.05233000835496],"type":"Point"},"id":"fac_im3_building_01092283612","properties":{"county_fipses":["36087"],"data_status":"provisional_source_record","display_name":"Unnamed IM3 building 01092283612","entity_id":"fac_im3_building_01092283612","entity_type":"facility","footprint_sqft":262772.0,"geography_assignment_method":"point_in_polygon","primary_county_fips":"36087","release_vintage":"2026.02.09","source_layer":"building","source_name":null,"source_operator":null,"source_record_id":"01092283612","source_ref":null,"source_reported_county_fipses":["36087"]},"type":"Feature"},{"geometry":{"coordinates":[-84.61608084611743,33.73105742976977],"type":"Point"},"id":"fac_im3_building_01097502168","properties":{"county_fipses":["13097"],"data_status":"provisional_source_record","display_name":"Flexential Atlanta - Douglasville 1","entity_id":"fac_im3_building_01097502168","entity_type":"facility","footprint_sqft":213895.0,"geography_assignment_method":"point_in_polygon","primary_county_fips":"13097","release_vintage":"2026.02.09","source_layer":"building","source_name":"Flexential Atlanta - Douglasville 1","source_operator":"Flexential","source_record_id":"01097502168","source_ref":null,"source_reported_county_fipses":["13097"]},"type":"Feature"},{"geometry":{"coordinates":[-87.26351478308135,36.62483034098189],"type":"Point"},"id":"fac_im3_building_01103333136","properties":{"county_fipses":["47125"],"data_status":"provisional_source_record","display_name":"Google","entity_id":"fac_im3_building_01103333136","entity_type":"facility","footprint_sqft":169733.0,"geography_assignment_method":"point_in_polygon","primary_county_fips":"47125","release_vintage":"2026.02.09","source_layer":"building","source_name":"Google","source_operator":"Google","source_record_id":"01103333136","source_ref":"SPC1A","source_reported_county_fipses":["47125"]},"type":"Feature"},{"geometry":{"coordinates":[-87.25902652953205,36.62430276342711],"type":"Point"},"id":"fac_im3_building_01103333137","properties":{"county_fipses":["47125"],"data_status":"provisional_source_record","display_name":"SPC3A","entity_id":"fac_im3_building_01103333137","entity_type":"facility","footprint_sqft":169748.0,"geography_assignment_method":"point_in_polygon","primary_county_fips":"47125","release_vintage":"2026.02.09","source_layer":"building","source_name":"SPC3A","source_operator":"Google","source_record_id":"01103333137","source_ref":"Building 3","source_reported_county_fipses":["47125"]},"type":"Feature"},{"geometry":{"coordinates":[-77.41749033094966,38.97955740282415],"type":"Point"},"id":"fac_im3_building_01106454555","properties":{"county_fipses":["51107"],"data_status":"provisional_source_record","display_name":"Amazon Web Services","entity_id":"fac_im3_building_01106454555","entity_type":"facility","footprint_sqft":132491.0,"geography_assignment_method":"point_in_polygon","primary_county_fips":"51107","release_vintage":"2026.02.09","source_layer":"building","source_name":"Amazon Web Services","source_operator":"Amazon Web Services","source_record_id":"01106454555","source_ref":"IAD143","source_reported_county_fipses":["51107"]},"type":"Feature"},{"geometry":{"coordinates":[-79.03072271617526,43.082056267934384],"type":"Point"},"id":"fac_im3_building_01109643936","properties":{"county_fipses":["36063"],"data_status":"provisional_source_record","display_name":"US Bitcoin","entity_id":"fac_im3_building_01109643936","entity_type":"facility","footprint_sqft":61559.0,"geography_assignment_method":"point_in_polygon","primary_county_fips":"36063","release_vintage":"2026.02.09","source_layer":"building","source_name":null,"source_operator":"US Bitcoin","source_record_id":"01109643936","source_ref":null,"source_reported_county_fipses":["36063"]},"type":"Feature"},{"geometry":{"coordinates":[-75.42087693876488,40.12187904293604],"type":"Point"},"id":"fac_im3_building_01109881281","properties":{"county_fipses":["42091"],"data_status":"provisional_source_record","display_name":"TierPoint Valley Forge","entity_id":"fac_im3_building_01109881281","entity_type":"facility","footprint_sqft":62375.0,"geography_assignment_method":"point_in_polygon","primary_county_fips":"42091","release_vintage":"2026.02.09","source_layer":"building","source_name":"TierPoint Valley Forge","source_operator":"TierPoint","source_record_id":"01109881281","source_ref":null,"source_reported_county_fipses":["42091"]},"type":"Feature"},{"geometry":{"coordinates":[-122.94931170322877,45.55406423294568],"type":"Point"},"id":"fac_im3_building_01114969101","properties":{"county_fipses":["41067"],"data_status":"provisional_source_record","display_name":"Aligned Data Centers","entity_id":"fac_im3_building_01114969101","entity_type":"facility","footprint_sqft":155423.0,"geography_assignment_method":"point_in_polygon","primary_county_fips":"41067","release_vintage":"2026.02.09","source_layer":"building","source_name":null,"source_operator":"Aligned Data Centers","source_record_id":"01114969101","source_ref":null,"source_reported_county_fipses":["41067"]},"type":"Feature"},{"geometry":{"coordinates":[-119.47551375087221,39.514067828488315],"type":"Point"},"id":"fac_im3_building_01116775094","properties":{"county_fipses":["32029"],"data_status":"provisional_source_record","display_name":"Unnamed IM3 building 01116775094","entity_id":"fac_im3_building_01116775094","entity_type":"facility","footprint_sqft":628883.0,"geography_assignment_method":"point_in_polygon","primary_county_fips":"32029","release_vintage":"2026.02.09","source_layer":"building","source_name":null,"source_operator":null,"source_record_id":"01116775094","source_ref":null,"source_reported_county_fipses":["32029"]},"type":"Feature"},{"geometry":{"coordinates":[-119.48485275056315,39.51387049344325],"type":"Point"},"id":"fac_im3_building_01116775095","properties":{"county_fipses":["32029"],"data_status":"provisional_source_record","display_name":"Unnamed IM3 building 01116775095","entity_id":"fac_im3_building_01116775095","entity_type":"facility","footprint_sqft":296544.0,"geography_assignment_method":"point_in_polygon","primary_county_fips":"32029","release_vintage":"2026.02.09","source_layer":"building","source_name":null,"source_operator":null,"source_record_id":"01116775095","source_ref":null,"source_reported_county_fipses":["32029"]},"type":"Feature"},{"geometry":{"coordinates":[-111.92029244663202,40.76678608763819],"type":"Point"},"id":"fac_im3_building_01121188409","properties":{"county_fipses":["49035"],"data_status":"provisional_source_record","display_name":"Flexential Salt Lake City - Fair Park","entity_id":"fac_im3_building_01121188409","entity_type":"facility","footprint_sqft":12565.0,"geography_assignment_method":"point_in_polygon","primary_county_fips":"49035","release_vintage":"2026.02.09","source_layer":"building","source_name":"Flexential Salt Lake City - Fair Park","source_operator":"Flexential","source_record_id":"01121188409","source_ref":null,"source_reported_county_fipses":["49035"]},"type":"Feature"},{"geometry":{"coordinates":[-98.67062972115531,29.470679241649435],"type":"Point"},"id":"fac_im3_building_01121592786","properties":{"county_fipses":["48029"],"data_status":"provisional_source_record","display_name":"CyrusOne San Antonio IV","entity_id":"fac_im3_building_01121592786","entity_type":"facility","footprint_sqft":92543.0,"geography_assignment_method":"point_in_polygon","primary_county_fips":"48029","release_vintage":"2026.02.09","source_layer":"building","source_name":"CyrusOne San Antonio IV","source_operator":null,"source_record_id":"01121592786","source_ref":null,"source_reported_county_fipses":["48029"]},"type":"Feature"},{"geometry":{"coordinates":[-77.45232686183614,39.02425729354276],"type":"Point"},"id":"fac_im3_building_01123249721","properties":{"county_fipses":["51107"],"data_status":"provisional_source_record","display_name":"Equinix Ashburn DC16","entity_id":"fac_im3_building_01123249721","entity_type":"facility","footprint_sqft":87843.0,"geography_assignment_method":"point_in_polygon","primary_county_fips":"51107","release_vintage":"2026.02.09","source_layer":"building","source_name":"Equinix Ashburn DC16","source_operator":"Equinix","source_record_id":"01123249721","source_ref":"DC16","source_reported_county_fipses":["51107"]},"type":"Feature"},{"geometry":{"coordinates":[-77.5559109545917,38.94825818613084],"type":"Point"},"id":"fac_im3_building_01124864831","properties":{"county_fipses":["51107"],"data_status":"provisional_source_record","display_name":"Microsoft IAD11","entity_id":"fac_im3_building_01124864831","entity_type":"facility","footprint_sqft":242344.0,"geography_assignment_method":"point_in_polygon","primary_county_fips":"51107","release_vintage":"2026.02.09","source_layer":"building","source_name":"Microsoft IAD11","source_operator":"Microsoft","source_record_id":"01124864831","source_ref":null,"source_reported_county_fipses":["51107"]},"type":"Feature"},{"geometry":{"coordinates":[-119.32052237838585,45.901449845508274],"type":"Point"},"id":"fac_im3_building_01126159710","properties":{"county_fipses":["41059"],"data_status":"provisional_source_record","display_name":"Amazon PDX63","entity_id":"fac_im3_building_01126159710","entity_type":"facility","footprint_sqft":227376.0,"geography_assignment_method":"point_in_polygon","primary_county_fips":"41059","release_vintage":"2026.02.09","source_layer":"building","source_name":"Amazon PDX63","source_operator":"Amazon Web Services","source_record_id":"01126159710","source_ref":"PDX63","source_reported_county_fipses":["41059"]},"type":"Feature"},{"geometry":{"coordinates":[-119.32049760712083,45.90276331956975],"type":"Point"},"id":"fac_im3_building_01126159711","properties":{"county_fipses":["41059"],"data_status":"provisional_source_record","display_name":"Amazon PDX65","entity_id":"fac_im3_building_01126159711","entity_type":"facility","footprint_sqft":217425.0,"geography_assignment_method":"point_in_polygon","primary_county_fips":"41059","release_vintage":"2026.02.09","source_layer":"building","source_name":"Amazon PDX65","source_operator":"Amazon Web Services","source_record_id":"01126159711","source_ref":"PDX65","source_reported_county_fipses":["41059"]},"type":"Feature"},{"geometry":{"coordinates":[-119.32048702148562,45.90385105351774],"type":"Point"},"id":"fac_im3_building_01126159714","properties":{"county_fipses":["41059"],"data_status":"provisional_source_record","display_name":"Amazon PDX67","entity_id":"fac_im3_building_01126159714","entity_type":"facility","footprint_sqft":219900.0,"geography_assignment_method":"point_in_polygon","primary_county_fips":"41059","release_vintage":"2026.02.09","source_layer":"building","source_name":"Amazon PDX67","source_operator":"Amazon Web Services","source_record_id":"01126159714","source_ref":"PDX67","source_reported_county_fipses":["41059"]},"type":"Feature"},{"geometry":{"coordinates":[-119.32016656388497,45.9050943707071],"type":"Point"},"id":"fac_im3_building_01126159715","properties":{"county_fipses":["41059"],"data_status":"provisional_source_record","display_name":"Amazon PDX69","entity_id":"fac_im3_building_01126159715","entity_type":"facility","footprint_sqft":219735.0,"geography_assignment_method":"point_in_polygon","primary_county_fips":"41059","release_vintage":"2026.02.09","source_layer":"building","source_name":"Amazon PDX69","source_operator":"Amazon Web Services","source_record_id":"01126159715","source_ref":"PDX69","source_reported_county_fipses":["41059"]},"type":"Feature"},{"geometry":{"coordinates":[-119.26998056724547,45.915709847092806],"type":"Point"},"id":"fac_im3_building_01127951468","properties":{"county_fipses":["41059"],"data_status":"provisional_source_record","display_name":"Unnamed IM3 building 01127951468","entity_id":"fac_im3_building_01127951468","entity_type":"facility","footprint_sqft":15313.0,"geography_assignment_method":"point_in_polygon","primary_county_fips":"41059","release_vintage":"2026.02.09","source_layer":"building","source_name":null,"source_operator":null,"source_record_id":"01127951468","source_ref":null,"source_reported_county_fipses":["41059"]},"type":"Feature"},{"geometry":{"coordinates":[-77.56077132424072,39.06964742434577],"type":"Point"},"id":"fac_im3_building_01128589933","properties":{"county_fipses":["51107"],"data_status":"provisional_source_record","display_name":"Unnamed IM3 building 01128589933","entity_id":"fac_im3_building_01128589933","entity_type":"facility","footprint_sqft":242639.0,"geography_assignment_method":"point_in_polygon","primary_county_fips":"51107","release_vintage":"2026.02.09","source_layer":"building","source_name":null,"source_operator":null,"source_record_id":"01128589933","source_ref":null,"source_reported_county_fipses":["51107"]},"type":"Feature"},{"geometry":{"coordinates":[-77.55943345346945,39.0696544548206],"type":"Point"},"id":"fac_im3_building_01128589934","properties":{"county_fipses":["51107"],"data_status":"provisional_source_record","display_name":"Unnamed IM3 building 01128589934","entity_id":"fac_im3_building_01128589934","entity_type":"facility","footprint_sqft":247061.0,"geography_assignment_method":"point_in_polygon","primary_county_fips":"51107","release_vintage":"2026.02.09","source_layer":"building","source_name":null,"source_operator":null,"source_record_id":"01128589934","source_ref":null,"source_reported_county_fipses":["51107"]},"type":"Feature"},{"geometry":{"coordinates":[-77.22645499748526,37.47784537590615],"type":"Point"},"id":"fac_im3_building_01132541700","properties":{"county_fipses":["51087"],"data_status":"provisional_source_record","display_name":"Meta Henrico Data Center","entity_id":"fac_im3_building_01132541700","entity_type":"facility","footprint_sqft":604696.0,"geography_assignment_method":"point_in_polygon","primary_county_fips":"51087","release_vintage":"2026.02.09","source_layer":"building","source_name":"Meta Henrico Data Center","source_operator":"Meta","source_record_id":"01132541700","source_ref":null,"source_reported_county_fipses":["51087"]},"type":"Feature"},{"geometry":{"coordinates":[-111.99712196333098,33.460806376980806],"type":"Point"},"id":"fac_im3_building_01132632705","properties":{"county_fipses":["04013"],"data_status":"provisional_source_record","display_name":"QTS","entity_id":"fac_im3_building_01132632705","entity_type":"facility","footprint_sqft":156513.0,"geography_assignment_method":"point_in_polygon","primary_county_fips":"04013","release_vintage":"2026.02.09","source_layer":"building","source_name":"QTS","source_operator":"Quality Technology Services","source_record_id":"01132632705","source_ref":null,"source_reported_county_fipses":["04013"]},"type":"Feature"},{"geometry":{"coordinates":[-89.94870327621621,38.81056014127996],"type":"Point"},"id":"fac_im3_building_01133944585","properties":{"county_fipses":["17119"],"data_status":"provisional_source_record","display_name":"Unnamed IM3 building 01133944585","entity_id":"fac_im3_building_01133944585","entity_type":"facility","footprint_sqft":204.0,"geography_assignment_method":"point_in_polygon","primary_county_fips":"17119","release_vintage":"2026.02.09","source_layer":"building","source_name":null,"source_operator":null,"source_record_id":"01133944585","source_ref":null,"source_reported_county_fipses":["17119"]},"type":"Feature"},{"geometry":{"coordinates":[-77.3640040682946,38.95145144209857],"type":"Point"},"id":"fac_im3_building_01134104431","properties":{"county_fipses":["51059"],"data_status":"provisional_source_record","display_name":"CoreSite Reston Campus VA2","entity_id":"fac_im3_building_01134104431","entity_type":"facility","footprint_sqft":40517.0,"geography_assignment_method":"point_in_polygon","primary_county_fips":"51059","release_vintage":"2026.02.09","source_layer":"building","source_name":"CoreSite Reston Campus VA2","source_operator":"CoreSite","source_record_id":"01134104431","source_ref":null,"source_reported_county_fipses":["51059"]},"type":"Feature"},{"geometry":{"coordinates":[-77.51947530248223,38.747595868302135],"type":"Point"},"id":"fac_im3_building_01134911640","properties":{"county_fipses":["51153"],"data_status":"provisional_source_record","display_name":"AWS IAD105","entity_id":"fac_im3_building_01134911640","entity_type":"facility","footprint_sqft":214270.0,"geography_assignment_method":"point_in_polygon","primary_county_fips":"51153","release_vintage":"2026.02.09","source_layer":"building","source_name":"AWS IAD105","source_operator":"Amazon Web Services","source_record_id":"01134911640","source_ref":"IAD105","source_reported_county_fipses":["51153"]},"type":"Feature"},{"geometry":{"coordinates":[-77.52070480173404,38.748373835423195],"type":"Point"},"id":"fac_im3_building_01134911641","properties":{"county_fipses":["51153"],"data_status":"provisional_source_record","display_name":"AWS IAD104","entity_id":"fac_im3_building_01134911641","entity_type":"facility","footprint_sqft":214258.0,"geography_assignment_method":"point_in_polygon","primary_county_fips":"51153","release_vintage":"2026.02.09","source_layer":"building","source_name":"AWS IAD104","source_operator":"Amazon Web Services","source_record_id":"01134911641","source_ref":"IAD104","source_reported_county_fipses":["51153"]},"type":"Feature"},{"geometry":{"coordinates":[-77.51311070311338,38.75251711498091],"type":"Point"},"id":"fac_im3_building_01134911642","properties":{"county_fipses":["51153"],"data_status":"provisional_source_record","display_name":"QTS Manassas DC1","entity_id":"fac_im3_building_01134911642","entity_type":"facility","footprint_sqft":123471.0,"geography_assignment_method":"point_in_polygon","primary_county_fips":"51153","release_vintage":"2026.02.09","source_layer":"building","source_name":"QTS Manassas DC1","source_operator":"Quality Technology Services","source_record_id":"01134911642","source_ref":null,"source_reported_county_fipses":["51153"]},"type":"Feature"},{"geometry":{"coordinates":[-76.85140715035047,39.13368478590359],"type":"Point"},"id":"fac_im3_building_01143804764","properties":{"county_fipses":["24027"],"data_status":"provisional_source_record","display_name":"Unnamed IM3 building 01143804764","entity_id":"fac_im3_building_01143804764","entity_type":"facility","footprint_sqft":112205.0,"geography_assignment_method":"point_in_polygon","primary_county_fips":"24027","release_vintage":"2026.02.09","source_layer":"building","source_name":null,"source_operator":null,"source_record_id":"01143804764","source_ref":null,"source_reported_county_fipses":["24027"]},"type":"Feature"},{"geometry":{"coordinates":[-120.89459613565029,44.30167224151622],"type":"Point"},"id":"fac_im3_building_01152747559","properties":{"county_fipses":["41013"],"data_status":"provisional_source_record","display_name":"Unnamed IM3 building 01152747559","entity_id":"fac_im3_building_01152747559","entity_type":"facility","footprint_sqft":455401.0,"geography_assignment_method":"point_in_polygon","primary_county_fips":"41013","release_vintage":"2026.02.09","source_layer":"building","source_name":null,"source_operator":null,"source_record_id":"01152747559","source_ref":null,"source_reported_county_fipses":["41013"]},"type":"Feature"},{"geometry":{"coordinates":[-120.89459469330099,44.299287947754344],"type":"Point"},"id":"fac_im3_building_01152748037","properties":{"county_fipses":["41013"],"data_status":"provisional_source_record","display_name":"Unnamed IM3 building 01152748037","entity_id":"fac_im3_building_01152748037","entity_type":"facility","footprint_sqft":241183.0,"geography_assignment_method":"point_in_polygon","primary_county_fips":"41013","release_vintage":"2026.02.09","source_layer":"building","source_name":null,"source_operator":null,"source_record_id":"01152748037","source_ref":null,"source_reported_county_fipses":["41013"]},"type":"Feature"},{"geometry":{"coordinates":[-122.919968912523,45.568459285228734],"type":"Point"},"id":"fac_im3_building_01153935548","properties":{"county_fipses":["41067"],"data_status":"provisional_source_record","display_name":"Digital Realty PDX11 Data Center","entity_id":"fac_im3_building_01153935548","entity_type":"facility","footprint_sqft":287848.0,"geography_assignment_method":"point_in_polygon","primary_county_fips":"41067","release_vintage":"2026.02.09","source_layer":"building","source_name":"Digital Realty PDX11 Data Center","source_operator":"Digital Realty","source_record_id":"01153935548","source_ref":null,"source_reported_county_fipses":["41067"]},"type":"Feature"},{"geometry":{"coordinates":[-87.97595597595401,41.707134165979966],"type":"Point"},"id":"fac_im3_building_01154349280","properties":{"county_fipses":["17043"],"data_status":"provisional_source_record","display_name":"Datacenter (386)","entity_id":"fac_im3_building_01154349280","entity_type":"facility","footprint_sqft":12413.0,"geography_assignment_method":"point_in_polygon","primary_county_fips":"17043","release_vintage":"2026.02.09","source_layer":"building","source_name":"Datacenter (386)","source_operator":"UChicago Argonne LLC","source_record_id":"01154349280","source_ref":"386","source_reported_county_fipses":["17043"]},"type":"Feature"},{"geometry":{"coordinates":[-83.1995825830434,40.10176652448264],"type":"Point"},"id":"fac_im3_building_01154503131","properties":{"county_fipses":["39049"],"data_status":"provisional_source_record","display_name":"Amazon Web Services","entity_id":"fac_im3_building_01154503131","entity_type":"facility","footprint_sqft":150776.0,"geography_assignment_method":"point_in_polygon","primary_county_fips":"39049","release_vintage":"2026.02.09","source_layer":"building","source_name":"Amazon Web Services","source_operator":"Amazon Web Services","source_record_id":"01154503131","source_ref":null,"source_reported_county_fipses":["39049"]},"type":"Feature"},{"geometry":{"coordinates":[-83.19947533976502,40.100768130406955],"type":"Point"},"id":"fac_im3_building_01154503132","properties":{"county_fipses":["39049"],"data_status":"provisional_source_record","display_name":"Amazon Web Services","entity_id":"fac_im3_building_01154503132","entity_type":"facility","footprint_sqft":150211.0,"geography_assignment_method":"point_in_polygon","primary_county_fips":"39049","release_vintage":"2026.02.09","source_layer":"building","source_name":"Amazon Web Services","source_operator":"Amazon Web Services","source_record_id":"01154503132","source_ref":null,"source_reported_county_fipses":["39049"]},"type":"Feature"},{"geometry":{"coordinates":[-83.1992604839832,40.09978650124],"type":"Point"},"id":"fac_im3_building_01154503133","properties":{"county_fipses":["39049"],"data_status":"provisional_source_record","display_name":"Amazon Web Services","entity_id":"fac_im3_building_01154503133","entity_type":"facility","footprint_sqft":131786.0,"geography_assignment_method":"point_in_polygon","primary_county_fips":"39049","release_vintage":"2026.02.09","source_layer":"building","source_name":"Amazon Web Services","source_operator":"Amazon Web Services","source_record_id":"01154503133","source_ref":null,"source_reported_county_fipses":["39049"]},"type":"Feature"},{"geometry":{"coordinates":[-88.00726495418601,41.98791937605658],"type":"Point"},"id":"fac_im3_building_01154636644","properties":{"county_fipses":["17043"],"data_status":"provisional_source_record","display_name":"NTT Chicago CH1","entity_id":"fac_im3_building_01154636644","entity_type":"facility","footprint_sqft":113535.0,"geography_assignment_method":"point_in_polygon","primary_county_fips":"17043","release_vintage":"2026.02.09","source_layer":"building","source_name":"NTT Chicago CH1","source_operator":"NTT","source_record_id":"01154636644","source_ref":"CH1","source_reported_county_fipses":["17043"]},"type":"Feature"},{"geometry":{"coordinates":[-91.91999887343924,44.87716526998907],"type":"Point"},"id":"fac_im3_building_01157356188","properties":{"county_fipses":["55033"],"data_status":"provisional_source_record","display_name":"West Wisconsin Telcom","entity_id":"fac_im3_building_01157356188","entity_type":"facility","footprint_sqft":3368.0,"geography_assignment_method":"point_in_polygon","primary_county_fips":"55033","release_vintage":"2026.02.09","source_layer":"building","source_name":null,"source_operator":"West Wisconsin Telcom","source_record_id":"01157356188","source_ref":null,"source_reported_county_fipses":["55033"]},"type":"Feature"},{"geometry":{"coordinates":[-121.97305665064762,37.37607876788322],"type":"Point"},"id":"fac_im3_building_01160688107","properties":{"county_fipses":["06085"],"data_status":"provisional_source_record","display_name":"CoreSite SV7","entity_id":"fac_im3_building_01160688107","entity_type":"facility","footprint_sqft":60989.0,"geography_assignment_method":"point_in_polygon","primary_county_fips":"06085","release_vintage":"2026.02.09","source_layer":"building","source_name":"CoreSite SV7","source_operator":"CoreSite","source_record_id":"01160688107","source_ref":"SV7","source_reported_county_fipses":["06085"]},"type":"Feature"},{"geometry":{"coordinates":[-86.6269185980179,34.847333791994075],"type":"Point"},"id":"fac_im3_building_01160814413","properties":{"county_fipses":["01089"],"data_status":"provisional_source_record","display_name":"Meta Huntsville Data center","entity_id":"fac_im3_building_01160814413","entity_type":"facility","footprint_sqft":578342.0,"geography_assignment_method":"point_in_polygon","primary_county_fips":"01089","release_vintage":"2026.02.09","source_layer":"building","source_name":"Meta Huntsville Data center","source_operator":"Meta","source_record_id":"01160814413","source_ref":null,"source_reported_county_fipses":["01089"]},"type":"Feature"},{"geometry":{"coordinates":[-86.62886566493462,34.843182229068525],"type":"Point"},"id":"fac_im3_building_01160814415","properties":{"county_fipses":["01089"],"data_status":"provisional_source_record","display_name":"Meta Huntsville Data center","entity_id":"fac_im3_building_01160814415","entity_type":"facility","footprint_sqft":352651.0,"geography_assignment_method":"point_in_polygon","primary_county_fips":"01089","release_vintage":"2026.02.09","source_layer":"building","source_name":"Meta Huntsville Data center","source_operator":"Meta","source_record_id":"01160814415","source_ref":null,"source_reported_county_fipses":["01089"]},"type":"Feature"},{"geometry":{"coordinates":[-86.62884123942305,34.84043160671047],"type":"Point"},"id":"fac_im3_building_01160814416","properties":{"county_fipses":["01089"],"data_status":"provisional_source_record","display_name":"Meta Huntsville Data center","entity_id":"fac_im3_building_01160814416","entity_type":"facility","footprint_sqft":857148.0,"geography_assignment_method":"point_in_polygon","primary_county_fips":"01089","release_vintage":"2026.02.09","source_layer":"building","source_name":"Meta Huntsville Data center","source_operator":"Meta","source_record_id":"01160814416","source_ref":null,"source_reported_county_fipses":["01089"]},"type":"Feature"},{"geometry":{"coordinates":[-77.41990459458856,38.979147452313484],"type":"Point"},"id":"fac_im3_building_01161094246","properties":{"county_fipses":["51107"],"data_status":"provisional_source_record","display_name":"Amazon Web Services","entity_id":"fac_im3_building_01161094246","entity_type":"facility","footprint_sqft":129566.0,"geography_assignment_method":"point_in_polygon","primary_county_fips":"51107","release_vintage":"2026.02.09","source_layer":"building","source_name":"Amazon Web Services","source_operator":"Amazon Web Services","source_record_id":"01161094246","source_ref":"IAD142","source_reported_county_fipses":["51107"]},"type":"Feature"},{"geometry":{"coordinates":[-120.20770997491815,47.41832392189266],"type":"Point"},"id":"fac_im3_building_01173537116","properties":{"county_fipses":["53017"],"data_status":"provisional_source_record","display_name":"Microsoft EAT03","entity_id":"fac_im3_building_01173537116","entity_type":"facility","footprint_sqft":235418.0,"geography_assignment_method":"point_in_polygon","primary_county_fips":"53017","release_vintage":"2026.02.09","source_layer":"building","source_name":"Microsoft EAT03","source_operator":"Microsoft","source_record_id":"01173537116","source_ref":null,"source_reported_county_fipses":["53017"]},"type":"Feature"},{"geometry":{"coordinates":[-120.21382073657306,47.419636588714944],"type":"Point"},"id":"fac_im3_building_01173537117","properties":{"county_fipses":["53017"],"data_status":"provisional_source_record","display_name":"Microsoft EAT04","entity_id":"fac_im3_building_01173537117","entity_type":"facility","footprint_sqft":234834.0,"geography_assignment_method":"point_in_polygon","primary_county_fips":"53017","release_vintage":"2026.02.09","source_layer":"building","source_name":"Microsoft EAT04","source_operator":"Microsoft","source_record_id":"01173537117","source_ref":null,"source_reported_county_fipses":["53017"]},"type":"Feature"},{"geometry":{"coordinates":[-93.86344403715006,41.534990295223466],"type":"Point"},"id":"fac_im3_building_01173569101","properties":{"county_fipses":["19049"],"data_status":"provisional_source_record","display_name":"Microsoft","entity_id":"fac_im3_building_01173569101","entity_type":"facility","footprint_sqft":250486.0,"geography_assignment_method":"point_in_polygon","primary_county_fips":"19049","release_vintage":"2026.02.09","source_layer":"building","source_name":"Microsoft","source_operator":"Microsoft","source_record_id":"01173569101","source_ref":null,"source_reported_county_fipses":["19049"]},"type":"Feature"},{"geometry":{"coordinates":[-77.52742942359154,38.941821463981825],"type":"Point"},"id":"fac_im3_building_01173770902","properties":{"county_fipses":["51107"],"data_status":"provisional_source_record","display_name":"Google: Arcola 2","entity_id":"fac_im3_building_01173770902","entity_type":"facility","footprint_sqft":289889.0,"geography_assignment_method":"point_in_polygon","primary_county_fips":"51107","release_vintage":"2026.02.09","source_layer":"building","source_name":"Google: Arcola 2","source_operator":"Google","source_record_id":"01173770902","source_ref":"ARA2","source_reported_county_fipses":["51107"]},"type":"Feature"},{"geometry":{"coordinates":[-120.16009077106149,47.35949692084332],"type":"Point"},"id":"fac_im3_building_01173822721","properties":{"county_fipses":["53007"],"data_status":"provisional_source_record","display_name":"EAT14","entity_id":"fac_im3_building_01173822721","entity_type":"facility","footprint_sqft":241836.0,"geography_assignment_method":"point_in_polygon","primary_county_fips":"53007","release_vintage":"2026.02.09","source_layer":"building","source_name":"EAT14","source_operator":null,"source_record_id":"01173822721","source_ref":null,"source_reported_county_fipses":["53007"]},"type":"Feature"},{"geometry":{"coordinates":[-120.15997586326914,47.35842571835008],"type":"Point"},"id":"fac_im3_building_01173822722","properties":{"county_fipses":["53007"],"data_status":"provisional_source_record","display_name":"EAT13","entity_id":"fac_im3_building_01173822722","entity_type":"facility","footprint_sqft":232237.0,"geography_assignment_method":"point_in_polygon","primary_county_fips":"53007","release_vintage":"2026.02.09","source_layer":"building","source_name":"EAT13","source_operator":null,"source_record_id":"01173822722","source_ref":null,"source_reported_county_fipses":["53007"]},"type":"Feature"},{"geometry":{"coordinates":[-120.15954624801125,47.3574330116489],"type":"Point"},"id":"fac_im3_building_01173822723","properties":{"county_fipses":["53007"],"data_status":"provisional_source_record","display_name":"EAT12","entity_id":"fac_im3_building_01173822723","entity_type":"facility","footprint_sqft":248918.0,"geography_assignment_method":"point_in_polygon","primary_county_fips":"53007","release_vintage":"2026.02.09","source_layer":"building","source_name":"EAT12","source_operator":null,"source_record_id":"01173822723","source_ref":null,"source_reported_county_fipses":["53007"]},"type":"Feature"},{"geometry":{"coordinates":[-96.98194594256125,32.89476229626733],"type":"Point"},"id":"fac_im3_building_01177794153","properties":{"county_fipses":["48113"],"data_status":"provisional_source_record","display_name":"Unnamed IM3 building 01177794153","entity_id":"fac_im3_building_01177794153","entity_type":"facility","footprint_sqft":141788.0,"geography_assignment_method":"point_in_polygon","primary_county_fips":"48113","release_vintage":"2026.02.09","source_layer":"building","source_name":null,"source_operator":null,"source_record_id":"01177794153","source_ref":null,"source_reported_county_fipses":["48113"]},"type":"Feature"},{"geometry":{"coordinates":[-77.41935734925377,38.981546018635534],"type":"Point"},"id":"fac_im3_building_01177893426","properties":{"county_fipses":["51107"],"data_status":"provisional_source_record","display_name":"Amazon IAD603","entity_id":"fac_im3_building_01177893426","entity_type":"facility","footprint_sqft":14733.0,"geography_assignment_method":"point_in_polygon","primary_county_fips":"51107","release_vintage":"2026.02.09","source_layer":"building","source_name":"Amazon IAD603","source_operator":"Amazon Web Services","source_record_id":"01177893426","source_ref":"IAD603","source_reported_county_fipses":["51107"]},"type":"Feature"},{"geometry":{"coordinates":[-104.9075161092094,41.125398685682946],"type":"Point"},"id":"fac_im3_building_01177975782","properties":{"county_fipses":["56021"],"data_status":"provisional_source_record","display_name":"Unnamed IM3 building 01177975782","entity_id":"fac_im3_building_01177975782","entity_type":"facility","footprint_sqft":29178.0,"geography_assignment_method":"point_in_polygon","primary_county_fips":"56021","release_vintage":"2026.02.09","source_layer":"building","source_name":null,"source_operator":null,"source_record_id":"01177975782","source_ref":null,"source_reported_county_fipses":["56021"]},"type":"Feature"},{"geometry":{"coordinates":[-104.89953749554007,41.12645973663428],"type":"Point"},"id":"fac_im3_building_01177975783","properties":{"county_fipses":["56021"],"data_status":"provisional_source_record","display_name":"Unnamed IM3 building 01177975783","entity_id":"fac_im3_building_01177975783","entity_type":"facility","footprint_sqft":33657.0,"geography_assignment_method":"point_in_polygon","primary_county_fips":"56021","release_vintage":"2026.02.09","source_layer":"building","source_name":null,"source_operator":null,"source_record_id":"01177975783","source_ref":null,"source_reported_county_fipses":["56021"]},"type":"Feature"},{"geometry":{"coordinates":[-104.90197773507904,41.12541097703015],"type":"Point"},"id":"fac_im3_building_01177975784","properties":{"county_fipses":["56021"],"data_status":"provisional_source_record","display_name":"Unnamed IM3 building 01177975784","entity_id":"fac_im3_building_01177975784","entity_type":"facility","footprint_sqft":51590.0,"geography_assignment_method":"point_in_polygon","primary_county_fips":"56021","release_vintage":"2026.02.09","source_layer":"building","source_name":null,"source_operator":null,"source_record_id":"01177975784","source_ref":null,"source_reported_county_fipses":["56021"]},"type":"Feature"},{"geometry":{"coordinates":[-104.90814229902796,41.12226600580698],"type":"Point"},"id":"fac_im3_building_01177975788","properties":{"county_fipses":["56021"],"data_status":"provisional_source_record","display_name":"Unnamed IM3 building 01177975788","entity_id":"fac_im3_building_01177975788","entity_type":"facility","footprint_sqft":218419.0,"geography_assignment_method":"point_in_polygon","primary_county_fips":"56021","release_vintage":"2026.02.09","source_layer":"building","source_name":null,"source_operator":null,"source_record_id":"01177975788","source_ref":null,"source_reported_county_fipses":["56021"]},"type":"Feature"},{"geometry":{"coordinates":[-104.90951695028599,41.12224618145857],"type":"Point"},"id":"fac_im3_building_01177975789","properties":{"county_fipses":["56021"],"data_status":"provisional_source_record","display_name":"Unnamed IM3 building 01177975789","entity_id":"fac_im3_building_01177975789","entity_type":"facility","footprint_sqft":216879.0,"geography_assignment_method":"point_in_polygon","primary_county_fips":"56021","release_vintage":"2026.02.09","source_layer":"building","source_name":null,"source_operator":null,"source_record_id":"01177975789","source_ref":null,"source_reported_county_fipses":["56021"]},"type":"Feature"},{"geometry":{"coordinates":[-75.47762899857408,40.15222044689243],"type":"Point"},"id":"fac_im3_building_01178609569","properties":{"county_fipses":["42091"],"data_status":"provisional_source_record","display_name":"Flexential Philadelphia - Collegeville","entity_id":"fac_im3_building_01178609569","entity_type":"facility","footprint_sqft":110941.0,"geography_assignment_method":"point_in_polygon","primary_county_fips":"42091","release_vintage":"2026.02.09","source_layer":"building","source_name":"Flexential Philadelphia - Collegeville","source_operator":"Flexential","source_record_id":"01178609569","source_ref":null,"source_reported_county_fipses":["42091"]},"type":"Feature"},{"geometry":{"coordinates":[-77.49567435184785,38.91725619520494],"type":"Point"},"id":"fac_im3_building_01181391920","properties":{"county_fipses":["51107"],"data_status":"provisional_source_record","display_name":"Amazon IAD86","entity_id":"fac_im3_building_01181391920","entity_type":"facility","footprint_sqft":150112.0,"geography_assignment_method":"point_in_polygon","primary_county_fips":"51107","release_vintage":"2026.02.09","source_layer":"building","source_name":"Amazon IAD86","source_operator":"Amazon Web Services","source_record_id":"01181391920","source_ref":"IAD86","source_reported_county_fipses":["51107"]},"type":"Feature"},{"geometry":{"coordinates":[-77.51930184592597,38.76036060090534],"type":"Point"},"id":"fac_im3_building_01181391921","properties":{"county_fipses":["51153"],"data_status":"provisional_source_record","display_name":"Amazon IAD130","entity_id":"fac_im3_building_01181391921","entity_type":"facility","footprint_sqft":103128.0,"geography_assignment_method":"point_in_polygon","primary_county_fips":"51153","release_vintage":"2026.02.09","source_layer":"building","source_name":"Amazon IAD130","source_operator":"Amazon Web Services","source_record_id":"01181391921","source_ref":"IAD130","source_reported_county_fipses":["51153"]},"type":"Feature"},{"geometry":{"coordinates":[-77.51822099585065,38.76110475090396],"type":"Point"},"id":"fac_im3_building_01181391922","properties":{"county_fipses":["51153"],"data_status":"provisional_source_record","display_name":"Amazon IAD131","entity_id":"fac_im3_building_01181391922","entity_type":"facility","footprint_sqft":104697.0,"geography_assignment_method":"point_in_polygon","primary_county_fips":"51153","release_vintage":"2026.02.09","source_layer":"building","source_name":"Amazon IAD131","source_operator":"Amazon Web Services","source_record_id":"01181391922","source_ref":"IAD131","source_reported_county_fipses":["51153"]},"type":"Feature"},{"geometry":{"coordinates":[-94.59806356908611,39.322650867796824],"type":"Point"},"id":"fac_im3_building_01184066765","properties":{"county_fipses":["29047"],"data_status":"provisional_source_record","display_name":"Meta Data Center","entity_id":"fac_im3_building_01184066765","entity_type":"facility","footprint_sqft":615937.0,"geography_assignment_method":"point_in_polygon","primary_county_fips":"29047","release_vintage":"2026.02.09","source_layer":"building","source_name":"Meta Data Center","source_operator":"Meta","source_record_id":"01184066765","source_ref":null,"source_reported_county_fipses":["29047"]},"type":"Feature"},{"geometry":{"coordinates":[-77.47426402852584,38.99877154862717],"type":"Point"},"id":"fac_im3_building_01188680247","properties":{"county_fipses":["51107"],"data_status":"provisional_source_record","display_name":"QTS Ashburn-Shellhorn DC2","entity_id":"fac_im3_building_01188680247","entity_type":"facility","footprint_sqft":152471.0,"geography_assignment_method":"point_in_polygon","primary_county_fips":"51107","release_vintage":"2026.02.09","source_layer":"building","source_name":"QTS Ashburn-Shellhorn DC2","source_operator":"Quality Technology Services","source_record_id":"01188680247","source_ref":null,"source_reported_county_fipses":["51107"]},"type":"Feature"},{"geometry":{"coordinates":[-77.45518312796617,38.995355290859365],"type":"Point"},"id":"fac_im3_building_01188680253","properties":{"county_fipses":["51107"],"data_status":"provisional_source_record","display_name":"QTS Ashburn Lockridge","entity_id":"fac_im3_building_01188680253","entity_type":"facility","footprint_sqft":153253.0,"geography_assignment_method":"point_in_polygon","primary_county_fips":"51107","release_vintage":"2026.02.09","source_layer":"building","source_name":"QTS Ashburn Lockridge","source_operator":"Quality Technology Services","source_record_id":"01188680253","source_ref":null,"source_reported_county_fipses":["51107"]},"type":"Feature"},{"geometry":{"coordinates":[-77.45688789743473,38.995198628642754],"type":"Point"},"id":"fac_im3_building_01188680254","properties":{"county_fipses":["51107"],"data_status":"provisional_source_record","display_name":"QTS Ashburn Lockridge","entity_id":"fac_im3_building_01188680254","entity_type":"facility","footprint_sqft":135570.0,"geography_assignment_method":"point_in_polygon","primary_county_fips":"51107","release_vintage":"2026.02.09","source_layer":"building","source_name":"QTS Ashburn Lockridge","source_operator":"Quality Technology Services","source_record_id":"01188680254","source_ref":null,"source_reported_county_fipses":["51107"]},"type":"Feature"},{"geometry":{"coordinates":[-77.4348013050765,38.989553544254186],"type":"Point"},"id":"fac_im3_building_01188680255","properties":{"county_fipses":["51107"],"data_status":"provisional_source_record","display_name":"Amazon IAD192","entity_id":"fac_im3_building_01188680255","entity_type":"facility","footprint_sqft":132942.0,"geography_assignment_method":"point_in_polygon","primary_county_fips":"51107","release_vintage":"2026.02.09","source_layer":"building","source_name":"Amazon IAD192","source_operator":"Amazon Web Services","source_record_id":"01188680255","source_ref":"IAD192","source_reported_county_fipses":["51107"]},"type":"Feature"},{"geometry":{"coordinates":[-77.47326655981455,39.01710249054327],"type":"Point"},"id":"fac_im3_building_01188691867","properties":{"county_fipses":["51107"],"data_status":"provisional_source_record","display_name":"Unnamed IM3 building 01188691867","entity_id":"fac_im3_building_01188691867","entity_type":"facility","footprint_sqft":91264.0,"geography_assignment_method":"point_in_polygon","primary_county_fips":"51107","release_vintage":"2026.02.09","source_layer":"building","source_name":null,"source_operator":null,"source_record_id":"01188691867","source_ref":null,"source_reported_county_fipses":["51107"]},"type":"Feature"},{"geometry":{"coordinates":[-77.47553126117117,39.02019007893849],"type":"Point"},"id":"fac_im3_building_01188691868","properties":{"county_fipses":["51107"],"data_status":"provisional_source_record","display_name":"NTT Ashburn VA8 Data Centre","entity_id":"fac_im3_building_01188691868","entity_type":"facility","footprint_sqft":111241.0,"geography_assignment_method":"point_in_polygon","primary_county_fips":"51107","release_vintage":"2026.02.09","source_layer":"building","source_name":"NTT Ashburn VA8 Data Centre","source_operator":"NTT","source_record_id":"01188691868","source_ref":"VA8","source_reported_county_fipses":["51107"]},"type":"Feature"},{"geometry":{"coordinates":[-77.48182767102682,39.017878446923135],"type":"Point"},"id":"fac_im3_building_01188691869","properties":{"county_fipses":["51107"],"data_status":"provisional_source_record","display_name":"DataBank Ashburn IAD3","entity_id":"fac_im3_building_01188691869","entity_type":"facility","footprint_sqft":146234.0,"geography_assignment_method":"point_in_polygon","primary_county_fips":"51107","release_vintage":"2026.02.09","source_layer":"building","source_name":"DataBank Ashburn IAD3","source_operator":"Databank","source_record_id":"01188691869","source_ref":"IAD3","source_reported_county_fipses":["51107"]},"type":"Feature"},{"geometry":{"coordinates":[-77.45046549748376,39.01957792722464],"type":"Point"},"id":"fac_im3_building_01188715508","properties":{"county_fipses":["51107"],"data_status":"provisional_source_record","display_name":"PowerHouse ABX-1","entity_id":"fac_im3_building_01188715508","entity_type":"facility","footprint_sqft":131309.0,"geography_assignment_method":"point_in_polygon","primary_county_fips":"51107","release_vintage":"2026.02.09","source_layer":"building","source_name":"PowerHouse ABX-1","source_operator":"PowerHouse","source_record_id":"01188715508","source_ref":"ABX-1","source_reported_county_fipses":["51107"]},"type":"Feature"},{"geometry":{"coordinates":[-77.45947386528228,39.01794777387917],"type":"Point"},"id":"fac_im3_building_01188715510","properties":{"county_fipses":["51107"],"data_status":"provisional_source_record","display_name":"Unnamed IM3 building 01188715510","entity_id":"fac_im3_building_01188715510","entity_type":"facility","footprint_sqft":158127.0,"geography_assignment_method":"point_in_polygon","primary_county_fips":"51107","release_vintage":"2026.02.09","source_layer":"building","source_name":null,"source_operator":null,"source_record_id":"01188715510","source_ref":null,"source_reported_county_fipses":["51107"]},"type":"Feature"},{"geometry":{"coordinates":[-106.77888911307576,34.825839640241206],"type":"Point"},"id":"fac_im3_building_01191496040","properties":{"county_fipses":["35061"],"data_status":"provisional_source_record","display_name":"Meta","entity_id":"fac_im3_building_01191496040","entity_type":"facility","footprint_sqft":588490.0,"geography_assignment_method":"point_in_polygon","primary_county_fips":"35061","release_vintage":"2026.02.09","source_layer":"building","source_name":"Meta","source_operator":"Meta","source_record_id":"01191496040","source_ref":"4","source_reported_county_fipses":["35061"]},"type":"Feature"},{"geometry":{"coordinates":[-119.81798352548935,47.24481075189648],"type":"Point"},"id":"fac_im3_building_01193914601","properties":{"county_fipses":["53025"],"data_status":"provisional_source_record","display_name":"Unnamed IM3 building 01193914601","entity_id":"fac_im3_building_01193914601","entity_type":"facility","footprint_sqft":280235.0,"geography_assignment_method":"point_in_polygon","primary_county_fips":"53025","release_vintage":"2026.02.09","source_layer":"building","source_name":null,"source_operator":null,"source_record_id":"01193914601","source_ref":null,"source_reported_county_fipses":["53025"]},"type":"Feature"},{"geometry":{"coordinates":[-119.81481251567007,47.24427568966153],"type":"Point"},"id":"fac_im3_building_01193914602","properties":{"county_fipses":["53025"],"data_status":"provisional_source_record","display_name":"Unnamed IM3 building 01193914602","entity_id":"fac_im3_building_01193914602","entity_type":"facility","footprint_sqft":147278.0,"geography_assignment_method":"point_in_polygon","primary_county_fips":"53025","release_vintage":"2026.02.09","source_layer":"building","source_name":null,"source_operator":null,"source_record_id":"01193914602","source_ref":null,"source_reported_county_fipses":["53025"]},"type":"Feature"},{"geometry":{"coordinates":[-93.45595524492184,41.66679862807146],"type":"Point"},"id":"fac_im3_building_01202051225","properties":{"county_fipses":["19153"],"data_status":"provisional_source_record","display_name":"Lightedge Des Moines 2","entity_id":"fac_im3_building_01202051225","entity_type":"facility","footprint_sqft":56626.0,"geography_assignment_method":"point_in_polygon","primary_county_fips":"19153","release_vintage":"2026.02.09","source_layer":"building","source_name":"Lightedge Des Moines 2","source_operator":null,"source_record_id":"01202051225","source_ref":null,"source_reported_county_fipses":["19153"]},"type":"Feature"},{"geometry":{"coordinates":[-119.5378594125417,39.56971060147777],"type":"Point"},"id":"fac_im3_building_01210199365","properties":{"county_fipses":["32031"],"data_status":"provisional_source_record","display_name":"Unnamed IM3 building 01210199365","entity_id":"fac_im3_building_01210199365","entity_type":"facility","footprint_sqft":89816.0,"geography_assignment_method":"point_in_polygon","primary_county_fips":"32031","release_vintage":"2026.02.09","source_layer":"building","source_name":null,"source_operator":null,"source_record_id":"01210199365","source_ref":null,"source_reported_county_fipses":["32031"]},"type":"Feature"},{"geometry":{"coordinates":[-119.53709171254167,39.570052601477805],"type":"Point"},"id":"fac_im3_building_01210199366","properties":{"county_fipses":["32031"],"data_status":"provisional_source_record","display_name":"Unnamed IM3 building 01210199366","entity_id":"fac_im3_building_01210199366","entity_type":"facility","footprint_sqft":89816.0,"geography_assignment_method":"point_in_polygon","primary_county_fips":"32031","release_vintage":"2026.02.09","source_layer":"building","source_name":null,"source_operator":null,"source_record_id":"01210199366","source_ref":null,"source_reported_county_fipses":["32031"]},"type":"Feature"},{"geometry":{"coordinates":[-119.53603404605106,39.57059170801203],"type":"Point"},"id":"fac_im3_building_01210199367","properties":{"county_fipses":["32031"],"data_status":"provisional_source_record","display_name":"Unnamed IM3 building 01210199367","entity_id":"fac_im3_building_01210199367","entity_type":"facility","footprint_sqft":89821.0,"geography_assignment_method":"point_in_polygon","primary_county_fips":"32031","release_vintage":"2026.02.09","source_layer":"building","source_name":null,"source_operator":null,"source_record_id":"01210199367","source_ref":null,"source_reported_county_fipses":["32031"]},"type":"Feature"},{"geometry":{"coordinates":[-119.5353175625486,39.57098620148502],"type":"Point"},"id":"fac_im3_building_01210199368","properties":{"county_fipses":["32031"],"data_status":"provisional_source_record","display_name":"Unnamed IM3 building 01210199368","entity_id":"fac_im3_building_01210199368","entity_type":"facility","footprint_sqft":89824.0,"geography_assignment_method":"point_in_polygon","primary_county_fips":"32031","release_vintage":"2026.02.09","source_layer":"building","source_name":null,"source_operator":null,"source_record_id":"01210199368","source_ref":null,"source_reported_county_fipses":["32031"]},"type":"Feature"},{"geometry":{"coordinates":[-80.63309049266806,41.04105972873746],"type":"Point"},"id":"fac_im3_building_01210421871","properties":{"county_fipses":["39099"],"data_status":"provisional_source_record","display_name":"Carrier Services Group","entity_id":"fac_im3_building_01210421871","entity_type":"facility","footprint_sqft":75379.0,"geography_assignment_method":"point_in_polygon","primary_county_fips":"39099","release_vintage":"2026.02.09","source_layer":"building","source_name":"Carrier Services Group","source_operator":null,"source_record_id":"01210421871","source_ref":null,"source_reported_county_fipses":["39099"]},"type":"Feature"},{"geometry":{"coordinates":[-86.83338099610178,35.9510406627101],"type":"Point"},"id":"fac_im3_building_01210515186","properties":{"county_fipses":["47187"],"data_status":"provisional_source_record","display_name":"Flexential Nashville - Cool Springs","entity_id":"fac_im3_building_01210515186","entity_type":"facility","footprint_sqft":69261.0,"geography_assignment_method":"point_in_polygon","primary_county_fips":"47187","release_vintage":"2026.02.09","source_layer":"building","source_name":"Flexential Nashville - Cool Springs","source_operator":"Flexential","source_record_id":"01210515186","source_ref":null,"source_reported_county_fipses":["47187"]},"type":"Feature"},{"geometry":{"coordinates":[-89.72140293849328,43.63833310938071],"type":"Point"},"id":"fac_im3_building_01211362828","properties":{"county_fipses":["55021"],"data_status":"provisional_source_record","display_name":"Unnamed IM3 building 01211362828","entity_id":"fac_im3_building_01211362828","entity_type":"facility","footprint_sqft":361.0,"geography_assignment_method":"point_in_polygon","primary_county_fips":"55021","release_vintage":"2026.02.09","source_layer":"building","source_name":null,"source_operator":null,"source_record_id":"01211362828","source_ref":null,"source_reported_county_fipses":["55021"]},"type":"Feature"},{"geometry":{"coordinates":[-87.91746545885744,41.91398308559336],"type":"Point"},"id":"fac_im3_building_01217649348","properties":{"county_fipses":["17031"],"data_status":"provisional_source_record","display_name":"Aligned Data Center - Chicago ORD-01","entity_id":"fac_im3_building_01217649348","entity_type":"facility","footprint_sqft":194551.0,"geography_assignment_method":"point_in_polygon","primary_county_fips":"17031","release_vintage":"2026.02.09","source_layer":"building","source_name":"Aligned Data Center - Chicago ORD-01","source_operator":"Aligned","source_record_id":"01217649348","source_ref":"ORD-01","source_reported_county_fipses":["17031"]},"type":"Feature"},{"geometry":{"coordinates":[-87.91749234723224,41.91296223024628],"type":"Point"},"id":"fac_im3_building_01217649350","properties":{"county_fipses":["17031"],"data_status":"provisional_source_record","display_name":"Aligned Data Center - Chicago ORD-02","entity_id":"fac_im3_building_01217649350","entity_type":"facility","footprint_sqft":111422.0,"geography_assignment_method":"point_in_polygon","primary_county_fips":"17031","release_vintage":"2026.02.09","source_layer":"building","source_name":"Aligned Data Center - Chicago ORD-02","source_operator":"Aligned","source_record_id":"01217649350","source_ref":"ORD-02","source_reported_county_fipses":["17031"]},"type":"Feature"},{"geometry":{"coordinates":[-87.97218622171744,42.02314332706365],"type":"Point"},"id":"fac_im3_building_01219083552","properties":{"county_fipses":["17031"],"data_status":"provisional_source_record","display_name":"Unnamed IM3 building 01219083552","entity_id":"fac_im3_building_01219083552","entity_type":"facility","footprint_sqft":110471.0,"geography_assignment_method":"point_in_polygon","primary_county_fips":"17031","release_vintage":"2026.02.09","source_layer":"building","source_name":null,"source_operator":null,"source_record_id":"01219083552","source_ref":null,"source_reported_county_fipses":["17031"]},"type":"Feature"},{"geometry":{"coordinates":[-87.97555687597257,42.02304233326569],"type":"Point"},"id":"fac_im3_building_01219083554","properties":{"county_fipses":["17031"],"data_status":"provisional_source_record","display_name":"T5 Chicago II","entity_id":"fac_im3_building_01219083554","entity_type":"facility","footprint_sqft":163237.0,"geography_assignment_method":"point_in_polygon","primary_county_fips":"17031","release_vintage":"2026.02.09","source_layer":"building","source_name":"T5 Chicago II","source_operator":"T5 Data Centers","source_record_id":"01219083554","source_ref":"Chicago II","source_reported_county_fipses":["17031"]},"type":"Feature"},{"geometry":{"coordinates":[-97.61896045736678,30.21539943501369],"type":"Point"},"id":"fac_im3_building_01221574918","properties":{"county_fipses":["48453"],"data_status":"provisional_source_record","display_name":"Cortex supercomputer","entity_id":"fac_im3_building_01221574918","entity_type":"facility","footprint_sqft":427833.0,"geography_assignment_method":"point_in_polygon","primary_county_fips":"48453","release_vintage":"2026.02.09","source_layer":"building","source_name":"Cortex supercomputer","source_operator":null,"source_record_id":"01221574918","source_ref":null,"source_reported_county_fipses":["48453"]},"type":"Feature"},{"geometry":{"coordinates":[-77.51852812758843,38.74697497598997],"type":"Point"},"id":"fac_im3_building_01221862807","properties":{"county_fipses":["51153"],"data_status":"provisional_source_record","display_name":"AWS IAD106","entity_id":"fac_im3_building_01221862807","entity_type":"facility","footprint_sqft":205206.0,"geography_assignment_method":"point_in_polygon","primary_county_fips":"51153","release_vintage":"2026.02.09","source_layer":"building","source_name":"AWS IAD106","source_operator":"Amazon Web Services","source_record_id":"01221862807","source_ref":"IAD106","source_reported_county_fipses":["51153"]},"type":"Feature"},{"geometry":{"coordinates":[-82.76452657909626,40.05963281203005],"type":"Point"},"id":"fac_im3_building_01222007663","properties":{"county_fipses":["39089"],"data_status":"provisional_source_record","display_name":"Google NBY-2","entity_id":"fac_im3_building_01222007663","entity_type":"facility","footprint_sqft":138878.0,"geography_assignment_method":"point_in_polygon","primary_county_fips":"39089","release_vintage":"2026.02.09","source_layer":"building","source_name":"Google NBY-2","source_operator":"Google","source_record_id":"01222007663","source_ref":null,"source_reported_county_fipses":["39089"]},"type":"Feature"},{"geometry":{"coordinates":[-77.52358042964754,38.94913486865636],"type":"Point"},"id":"fac_im3_building_01222134968","properties":{"county_fipses":["51107"],"data_status":"provisional_source_record","display_name":"Amazon Web Services","entity_id":"fac_im3_building_01222134968","entity_type":"facility","footprint_sqft":14235.0,"geography_assignment_method":"point_in_polygon","primary_county_fips":"51107","release_vintage":"2026.02.09","source_layer":"building","source_name":"Amazon Web Services","source_operator":"Amazon Web Services","source_record_id":"01222134968","source_ref":"IAD609","source_reported_county_fipses":["51107"]},"type":"Feature"},{"geometry":{"coordinates":[-95.87791366422857,41.21209899075678],"type":"Point"},"id":"fac_im3_building_01226436454","properties":{"county_fipses":["19155"],"data_status":"provisional_source_record","display_name":"Unnamed IM3 building 01226436454","entity_id":"fac_im3_building_01226436454","entity_type":"facility","footprint_sqft":117949.0,"geography_assignment_method":"point_in_polygon","primary_county_fips":"19155","release_vintage":"2026.02.09","source_layer":"building","source_name":null,"source_operator":null,"source_record_id":"01226436454","source_ref":null,"source_reported_county_fipses":["19155"]},"type":"Feature"},{"geometry":{"coordinates":[-119.69404769468917,45.836184457262725],"type":"Point"},"id":"fac_im3_building_01226439731","properties":{"county_fipses":["41049"],"data_status":"provisional_source_record","display_name":"Amazon Web Services","entity_id":"fac_im3_building_01226439731","entity_type":"facility","footprint_sqft":213843.0,"geography_assignment_method":"point_in_polygon","primary_county_fips":"41049","release_vintage":"2026.02.09","source_layer":"building","source_name":"Amazon Web Services","source_operator":"Amazon Web Services","source_record_id":"01226439731","source_ref":"PDX93","source_reported_county_fipses":["41049"]},"type":"Feature"},{"geometry":{"coordinates":[-97.31970940523344,32.65123418104135],"type":"Point"},"id":"fac_im3_building_01227550179","properties":{"county_fipses":["48439"],"data_status":"provisional_source_record","display_name":"Novartis","entity_id":"fac_im3_building_01227550179","entity_type":"facility","footprint_sqft":42691.0,"geography_assignment_method":"point_in_polygon","primary_county_fips":"48439","release_vintage":"2026.02.09","source_layer":"building","source_name":"Novartis","source_operator":null,"source_record_id":"01227550179","source_ref":null,"source_reported_county_fipses":["48439"]},"type":"Feature"},{"geometry":{"coordinates":[-121.7839986384854,37.24260507449007],"type":"Point"},"id":"fac_im3_building_01227604493","properties":{"county_fipses":["06085"],"data_status":"provisional_source_record","display_name":"Equinix SV11","entity_id":"fac_im3_building_01227604493","entity_type":"facility","footprint_sqft":76977.0,"geography_assignment_method":"point_in_polygon","primary_county_fips":"06085","release_vintage":"2026.02.09","source_layer":"building","source_name":"Equinix SV11","source_operator":"Equinix","source_record_id":"01227604493","source_ref":"SV11","source_reported_county_fipses":["06085"]},"type":"Feature"},{"geometry":{"coordinates":[-77.50407510523524,38.73698426710412],"type":"Point"},"id":"fac_im3_building_01227612684","properties":{"county_fipses":["51683"],"data_status":"provisional_source_record","display_name":"Amazon IAD103","entity_id":"fac_im3_building_01227612684","entity_type":"facility","footprint_sqft":141914.0,"geography_assignment_method":"point_in_polygon","primary_county_fips":"51683","release_vintage":"2026.02.09","source_layer":"building","source_name":"Amazon IAD103","source_operator":"Amazon Web Services","source_record_id":"01227612684","source_ref":"IAD103","source_reported_county_fipses":["51153"]},"type":"Feature"},{"geometry":{"coordinates":[-77.49512778426042,38.714970310843384],"type":"Point"},"id":"fac_im3_building_01227614670","properties":{"county_fipses":["51153"],"data_status":"provisional_source_record","display_name":"CloudHQ MCC3","entity_id":"fac_im3_building_01227614670","entity_type":"facility","footprint_sqft":122891.0,"geography_assignment_method":"point_in_polygon","primary_county_fips":"51153","release_vintage":"2026.02.09","source_layer":"building","source_name":"CloudHQ MCC3","source_operator":"CloudHQ","source_record_id":"01227614670","source_ref":"MCC3","source_reported_county_fipses":["51153"]},"type":"Feature"},{"geometry":{"coordinates":[-111.88328970114857,33.26634359950168],"type":"Point"},"id":"fac_im3_building_01227682824","properties":{"county_fipses":["04013"],"data_status":"provisional_source_record","display_name":"CyrusOne PHX8","entity_id":"fac_im3_building_01227682824","entity_type":"facility","footprint_sqft":138766.0,"geography_assignment_method":"point_in_polygon","primary_county_fips":"04013","release_vintage":"2026.02.09","source_layer":"building","source_name":"CyrusOne PHX8","source_operator":null,"source_record_id":"01227682824","source_ref":null,"source_reported_county_fipses":["04013"]},"type":"Feature"},{"geometry":{"coordinates":[-111.88162712790563,33.271968058402116],"type":"Point"},"id":"fac_im3_building_01227684019","properties":{"county_fipses":["04013"],"data_status":"provisional_source_record","display_name":"CyrusOne PHX3","entity_id":"fac_im3_building_01227684019","entity_type":"facility","footprint_sqft":107618.0,"geography_assignment_method":"point_in_polygon","primary_county_fips":"04013","release_vintage":"2026.02.09","source_layer":"building","source_name":"CyrusOne PHX3","source_operator":null,"source_record_id":"01227684019","source_ref":null,"source_reported_county_fipses":["04013"]},"type":"Feature"},{"geometry":{"coordinates":[-111.88328211364427,33.27193710235771],"type":"Point"},"id":"fac_im3_building_01227684020","properties":{"county_fipses":["04013"],"data_status":"provisional_source_record","display_name":"CyrusOne PHX4","entity_id":"fac_im3_building_01227684020","entity_type":"facility","footprint_sqft":108957.0,"geography_assignment_method":"point_in_polygon","primary_county_fips":"04013","release_vintage":"2026.02.09","source_layer":"building","source_name":"CyrusOne PHX4","source_operator":null,"source_record_id":"01227684020","source_ref":null,"source_reported_county_fipses":["04013"]},"type":"Feature"},{"geometry":{"coordinates":[-77.43985079751437,39.00310829243192],"type":"Point"},"id":"fac_im3_building_01227777116","properties":{"county_fipses":["51107"],"data_status":"provisional_source_record","display_name":"Vantage VA13","entity_id":"fac_im3_building_01227777116","entity_type":"facility","footprint_sqft":261859.0,"geography_assignment_method":"point_in_polygon","primary_county_fips":"51107","release_vintage":"2026.02.09","source_layer":"building","source_name":"Vantage VA13","source_operator":"Vantage Data Centers","source_record_id":"01227777116","source_ref":"VA13","source_reported_county_fipses":["51107"]},"type":"Feature"},{"geometry":{"coordinates":[-93.45548176472273,41.66765686470181],"type":"Point"},"id":"fac_im3_building_01227883682","properties":{"county_fipses":["19153"],"data_status":"provisional_source_record","display_name":"Lightedge Des Moines 1","entity_id":"fac_im3_building_01227883682","entity_type":"facility","footprint_sqft":30078.0,"geography_assignment_method":"point_in_polygon","primary_county_fips":"19153","release_vintage":"2026.02.09","source_layer":"building","source_name":"Lightedge Des Moines 1","source_operator":null,"source_record_id":"01227883682","source_ref":null,"source_reported_county_fipses":["19153"]},"type":"Feature"},{"geometry":{"coordinates":[-96.08489874916177,41.180499991010024],"type":"Point"},"id":"fac_im3_building_01235150788","properties":{"county_fipses":["31153"],"data_status":"provisional_source_record","display_name":"Yahoo","entity_id":"fac_im3_building_01235150788","entity_type":"facility","footprint_sqft":237691.0,"geography_assignment_method":"point_in_polygon","primary_county_fips":"31153","release_vintage":"2026.02.09","source_layer":"building","source_name":"Yahoo","source_operator":"Yahoo","source_record_id":"01235150788","source_ref":null,"source_reported_county_fipses":["31153"]},"type":"Feature"},{"geometry":{"coordinates":[-106.72917107190823,32.30965547587507],"type":"Point"},"id":"fac_im3_building_01235255415","properties":{"county_fipses":["35013"],"data_status":"provisional_source_record","display_name":"CenturyLink","entity_id":"fac_im3_building_01235255415","entity_type":"facility","footprint_sqft":31837.0,"geography_assignment_method":"point_in_polygon","primary_county_fips":"35013","release_vintage":"2026.02.09","source_layer":"building","source_name":null,"source_operator":"CenturyLink","source_record_id":"01235255415","source_ref":null,"source_reported_county_fipses":["35013"]},"type":"Feature"},{"geometry":{"coordinates":[-115.14705545021235,36.22189342504773],"type":"Point"},"id":"fac_im3_building_01235846520","properties":{"county_fipses":["32003"],"data_status":"provisional_source_record","display_name":"Verizon North Las Vegas","entity_id":"fac_im3_building_01235846520","entity_type":"facility","footprint_sqft":25096.0,"geography_assignment_method":"point_in_polygon","primary_county_fips":"32003","release_vintage":"2026.02.09","source_layer":"building","source_name":"Verizon North Las Vegas","source_operator":"Verizon","source_record_id":"01235846520","source_ref":null,"source_reported_county_fipses":["32003"]},"type":"Feature"},{"geometry":{"coordinates":[-96.1440729015135,41.13491995864724],"type":"Point"},"id":"fac_im3_building_01237493975","properties":{"county_fipses":["31153"],"data_status":"provisional_source_record","display_name":"Google","entity_id":"fac_im3_building_01237493975","entity_type":"facility","footprint_sqft":292941.0,"geography_assignment_method":"point_in_polygon","primary_county_fips":"31153","release_vintage":"2026.02.09","source_layer":"building","source_name":"Google","source_operator":"Google","source_record_id":"01237493975","source_ref":null,"source_reported_county_fipses":["31153"]},"type":"Feature"},{"geometry":{"coordinates":[-96.15590606506956,41.13439327581521],"type":"Point"},"id":"fac_im3_building_01237494981","properties":{"county_fipses":["31153"],"data_status":"provisional_source_record","display_name":"Google","entity_id":"fac_im3_building_01237494981","entity_type":"facility","footprint_sqft":297438.0,"geography_assignment_method":"point_in_polygon","primary_county_fips":"31153","release_vintage":"2026.02.09","source_layer":"building","source_name":"Google","source_operator":"Google","source_record_id":"01237494981","source_ref":null,"source_reported_county_fipses":["31153"]},"type":"Feature"},{"geometry":{"coordinates":[-81.63280479310477,41.36106237331226],"type":"Point"},"id":"fac_im3_building_01238705019","properties":{"county_fipses":["39035"],"data_status":"provisional_source_record","display_name":"Involta Independence","entity_id":"fac_im3_building_01238705019","entity_type":"facility","footprint_sqft":26393.0,"geography_assignment_method":"point_in_polygon","primary_county_fips":"39035","release_vintage":"2026.02.09","source_layer":"building","source_name":"Involta Independence","source_operator":null,"source_record_id":"01238705019","source_ref":null,"source_reported_county_fipses":["39035"]},"type":"Feature"},{"geometry":{"coordinates":[-73.98749369632571,41.0362703541861],"type":"Point"},"id":"fac_im3_building_01238955720","properties":{"county_fipses":["36087"],"data_status":"provisional_source_record","display_name":"Bloomberg Data Center","entity_id":"fac_im3_building_01238955720","entity_type":"facility","footprint_sqft":182539.0,"geography_assignment_method":"point_in_polygon","primary_county_fips":"36087","release_vintage":"2026.02.09","source_layer":"building","source_name":"Bloomberg Data Center","source_operator":"Bloomberg","source_record_id":"01238955720","source_ref":null,"source_reported_county_fipses":["36087"]},"type":"Feature"},{"geometry":{"coordinates":[-73.97576449873921,41.034484503180394],"type":"Point"},"id":"fac_im3_building_01238955733","properties":{"county_fipses":["36087"],"data_status":"provisional_source_record","display_name":"fifteenfortyseven CSR ORNY1","entity_id":"fac_im3_building_01238955733","entity_type":"facility","footprint_sqft":151516.0,"geography_assignment_method":"point_in_polygon","primary_county_fips":"36087","release_vintage":"2026.02.09","source_layer":"building","source_name":"fifteenfortyseven CSR ORNY1","source_operator":"fifteenfortyseven Critical Systems Realty","source_record_id":"01238955733","source_ref":null,"source_reported_county_fipses":["36087"]},"type":"Feature"},{"geometry":{"coordinates":[-122.93942746009343,45.554215595612916],"type":"Point"},"id":"fac_im3_building_01243089554","properties":{"county_fipses":["41067"],"data_status":"provisional_source_record","display_name":"Stack Infrastructure Portland 3 Data Center -Bld POR3b","entity_id":"fac_im3_building_01243089554","entity_type":"facility","footprint_sqft":91092.0,"geography_assignment_method":"point_in_polygon","primary_county_fips":"41067","release_vintage":"2026.02.09","source_layer":"building","source_name":"Stack Infrastructure Portland 3 Data Center -Bld POR3b","source_operator":"Stack Infrastructure","source_record_id":"01243089554","source_ref":null,"source_reported_county_fipses":["41067"]},"type":"Feature"},{"geometry":{"coordinates":[-122.94093896568214,45.55421716185695],"type":"Point"},"id":"fac_im3_building_01243089555","properties":{"county_fipses":["41067"],"data_status":"provisional_source_record","display_name":"Stack Infrastructure Portland 3 Data Center -Bld POR3c","entity_id":"fac_im3_building_01243089555","entity_type":"facility","footprint_sqft":93274.0,"geography_assignment_method":"point_in_polygon","primary_county_fips":"41067","release_vintage":"2026.02.09","source_layer":"building","source_name":"Stack Infrastructure Portland 3 Data Center -Bld POR3c","source_operator":"Stack Infrastructure","source_record_id":"01243089555","source_ref":null,"source_reported_county_fipses":["41067"]},"type":"Feature"},{"geometry":{"coordinates":[-77.45247339430483,38.90434587232984],"type":"Point"},"id":"fac_im3_building_01252196797","properties":{"county_fipses":["51059"],"data_status":"provisional_source_record","display_name":"Amazon Web Services","entity_id":"fac_im3_building_01252196797","entity_type":"facility","footprint_sqft":120946.0,"geography_assignment_method":"point_in_polygon","primary_county_fips":"51059","release_vintage":"2026.02.09","source_layer":"building","source_name":"Amazon Web Services","source_operator":"Amazon Web Services","source_record_id":"01252196797","source_ref":null,"source_reported_county_fipses":["51059"]},"type":"Feature"},{"geometry":{"coordinates":[-77.45475996912757,38.90483706376053],"type":"Point"},"id":"fac_im3_building_01252196798","properties":{"county_fipses":["51059"],"data_status":"provisional_source_record","display_name":"Amazon Web Services","entity_id":"fac_im3_building_01252196798","entity_type":"facility","footprint_sqft":118988.0,"geography_assignment_method":"point_in_polygon","primary_county_fips":"51059","release_vintage":"2026.02.09","source_layer":"building","source_name":"Amazon Web Services","source_operator":"Amazon Web Services","source_record_id":"01252196798","source_ref":null,"source_reported_county_fipses":["51059"]},"type":"Feature"},{"geometry":{"coordinates":[-77.49055174718535,38.915904671232965],"type":"Point"},"id":"fac_im3_building_01252196799","properties":{"county_fipses":["51107"],"data_status":"provisional_source_record","display_name":"Amazon Web Services","entity_id":"fac_im3_building_01252196799","entity_type":"facility","footprint_sqft":87645.0,"geography_assignment_method":"point_in_polygon","primary_county_fips":"51107","release_vintage":"2026.02.09","source_layer":"building","source_name":"Amazon Web Services","source_operator":"Amazon Web Services","source_record_id":"01252196799","source_ref":null,"source_reported_county_fipses":["51107"]},"type":"Feature"},{"geometry":{"coordinates":[-77.49097634789652,38.91498995679571],"type":"Point"},"id":"fac_im3_building_01252196800","properties":{"county_fipses":["51107"],"data_status":"provisional_source_record","display_name":"Amazon Web Services","entity_id":"fac_im3_building_01252196800","entity_type":"facility","footprint_sqft":13879.0,"geography_assignment_method":"point_in_polygon","primary_county_fips":"51107","release_vintage":"2026.02.09","source_layer":"building","source_name":"Amazon Web Services","source_operator":"Amazon Web Services","source_record_id":"01252196800","source_ref":null,"source_reported_county_fipses":["51107"]},"type":"Feature"},{"geometry":{"coordinates":[-82.74763713445286,40.09298279215547],"type":"Point"},"id":"fac_im3_building_01252196801","properties":{"county_fipses":["39089"],"data_status":"provisional_source_record","display_name":"Amazon Web Services CMH62","entity_id":"fac_im3_building_01252196801","entity_type":"facility","footprint_sqft":136329.0,"geography_assignment_method":"point_in_polygon","primary_county_fips":"39089","release_vintage":"2026.02.09","source_layer":"building","source_name":"Amazon Web Services CMH62","source_operator":"Amazon Web Services","source_record_id":"01252196801","source_ref":"CMH62","source_reported_county_fipses":["39089"]},"type":"Feature"},{"geometry":{"coordinates":[-82.7321598268788,40.09344044223075],"type":"Point"},"id":"fac_im3_building_01252196802","properties":{"county_fipses":["39089"],"data_status":"provisional_source_record","display_name":"Amazon Web Services","entity_id":"fac_im3_building_01252196802","entity_type":"facility","footprint_sqft":214329.0,"geography_assignment_method":"point_in_polygon","primary_county_fips":"39089","release_vintage":"2026.02.09","source_layer":"building","source_name":"Amazon Web Services","source_operator":"Amazon Web Services","source_record_id":"01252196802","source_ref":null,"source_reported_county_fipses":["39089"]},"type":"Feature"},{"geometry":{"coordinates":[-82.72755119564094,40.09215828085437],"type":"Point"},"id":"fac_im3_building_01252196803","properties":{"county_fipses":["39089"],"data_status":"provisional_source_record","display_name":"Amazon Web Services","entity_id":"fac_im3_building_01252196803","entity_type":"facility","footprint_sqft":214261.0,"geography_assignment_method":"point_in_polygon","primary_county_fips":"39089","release_vintage":"2026.02.09","source_layer":"building","source_name":"Amazon Web Services","source_operator":"Amazon Web Services","source_record_id":"01252196803","source_ref":null,"source_reported_county_fipses":["39089"]},"type":"Feature"},{"geometry":{"coordinates":[-82.72649053707603,40.092965346506006],"type":"Point"},"id":"fac_im3_building_01252196804","properties":{"county_fipses":["39089"],"data_status":"provisional_source_record","display_name":"Amazon Web Services","entity_id":"fac_im3_building_01252196804","entity_type":"facility","footprint_sqft":14223.0,"geography_assignment_method":"point_in_polygon","primary_county_fips":"39089","release_vintage":"2026.02.09","source_layer":"building","source_name":"Amazon Web Services","source_operator":"Amazon Web Services","source_record_id":"01252196804","source_ref":null,"source_reported_county_fipses":["39089"]},"type":"Feature"},{"geometry":{"coordinates":[-83.20139113655297,40.11625887855608],"type":"Point"},"id":"fac_im3_building_01252196805","properties":{"county_fipses":["39159"],"data_status":"provisional_source_record","display_name":"Amazon Web Services","entity_id":"fac_im3_building_01252196805","entity_type":"facility","footprint_sqft":218032.0,"geography_assignment_method":"point_in_polygon","primary_county_fips":"39159","release_vintage":"2026.02.09","source_layer":"building","source_name":"Amazon Web Services","source_operator":"Amazon Web Services","source_record_id":"01252196805","source_ref":null,"source_reported_county_fipses":["39159"]},"type":"Feature"},{"geometry":{"coordinates":[-83.20208181892225,40.11739966334843],"type":"Point"},"id":"fac_im3_building_01252196806","properties":{"county_fipses":["39159"],"data_status":"provisional_source_record","display_name":"Amazon Web Services","entity_id":"fac_im3_building_01252196806","entity_type":"facility","footprint_sqft":213349.0,"geography_assignment_method":"point_in_polygon","primary_county_fips":"39159","release_vintage":"2026.02.09","source_layer":"building","source_name":null,"source_operator":"Amazon Web Services","source_record_id":"01252196806","source_ref":null,"source_reported_county_fipses":["39159"]},"type":"Feature"},{"geometry":{"coordinates":[-83.20025962657277,40.11904802129847],"type":"Point"},"id":"fac_im3_building_01252196807","properties":{"county_fipses":["39159"],"data_status":"provisional_source_record","display_name":"Amazon Web Services","entity_id":"fac_im3_building_01252196807","entity_type":"facility","footprint_sqft":13652.0,"geography_assignment_method":"point_in_polygon","primary_county_fips":"39159","release_vintage":"2026.02.09","source_layer":"building","source_name":"Amazon Web Services","source_operator":"Amazon Web Services","source_record_id":"01252196807","source_ref":null,"source_reported_county_fipses":["39159"]},"type":"Feature"},{"geometry":{"coordinates":[-83.17546025829033,40.04935754088761],"type":"Point"},"id":"fac_im3_building_01252196808","properties":{"county_fipses":["39049"],"data_status":"provisional_source_record","display_name":"Amazon Web Services","entity_id":"fac_im3_building_01252196808","entity_type":"facility","footprint_sqft":220580.0,"geography_assignment_method":"point_in_polygon","primary_county_fips":"39049","release_vintage":"2026.02.09","source_layer":"building","source_name":"Amazon Web Services","source_operator":"Amazon Web Services","source_record_id":"01252196808","source_ref":null,"source_reported_county_fipses":["39049"]},"type":"Feature"},{"geometry":{"coordinates":[-83.17528384542761,40.04813089818562],"type":"Point"},"id":"fac_im3_building_01252196809","properties":{"county_fipses":["39049"],"data_status":"provisional_source_record","display_name":"Amazon Web Services","entity_id":"fac_im3_building_01252196809","entity_type":"facility","footprint_sqft":217845.0,"geography_assignment_method":"point_in_polygon","primary_county_fips":"39049","release_vintage":"2026.02.09","source_layer":"building","source_name":null,"source_operator":"Amazon Web Services","source_record_id":"01252196809","source_ref":null,"source_reported_county_fipses":["39049"]},"type":"Feature"},{"geometry":{"coordinates":[-83.17754692245403,40.04790974075581],"type":"Point"},"id":"fac_im3_building_01252196810","properties":{"county_fipses":["39049"],"data_status":"provisional_source_record","display_name":"Amazon Web Services","entity_id":"fac_im3_building_01252196810","entity_type":"facility","footprint_sqft":14456.0,"geography_assignment_method":"point_in_polygon","primary_county_fips":"39049","release_vintage":"2026.02.09","source_layer":"building","source_name":"Amazon Web Services","source_operator":"Amazon Web Services","source_record_id":"01252196810","source_ref":null,"source_reported_county_fipses":["39049"]},"type":"Feature"},{"geometry":{"coordinates":[-82.76528495795795,40.05795740696205],"type":"Point"},"id":"fac_im3_building_01252196811","properties":{"county_fipses":["39089"],"data_status":"provisional_source_record","display_name":"Google NBY-3","entity_id":"fac_im3_building_01252196811","entity_type":"facility","footprint_sqft":284807.0,"geography_assignment_method":"point_in_polygon","primary_county_fips":"39089","release_vintage":"2026.02.09","source_layer":"building","source_name":"Google NBY-3","source_operator":"Google","source_record_id":"01252196811","source_ref":null,"source_reported_county_fipses":["39089"]},"type":"Feature"},{"geometry":{"coordinates":[-82.77177556209224,40.059342128156295],"type":"Point"},"id":"fac_im3_building_01252196812","properties":{"county_fipses":["39049"],"data_status":"provisional_source_record","display_name":"Google NBY-4","entity_id":"fac_im3_building_01252196812","entity_type":"facility","footprint_sqft":294201.0,"geography_assignment_method":"point_in_polygon","primary_county_fips":"39049","release_vintage":"2026.02.09","source_layer":"building","source_name":"Google NBY-4","source_operator":"Google","source_record_id":"01252196812","source_ref":null,"source_reported_county_fipses":["39049"]},"type":"Feature"},{"geometry":{"coordinates":[-82.75098831560908,40.060379703786474],"type":"Point"},"id":"fac_im3_building_01252196813","properties":{"county_fipses":["39089"],"data_status":"provisional_source_record","display_name":"Meta New Albany Data Center","entity_id":"fac_im3_building_01252196813","entity_type":"facility","footprint_sqft":608761.0,"geography_assignment_method":"point_in_polygon","primary_county_fips":"39089","release_vintage":"2026.02.09","source_layer":"building","source_name":"Meta New Albany Data Center","source_operator":"Meta","source_record_id":"01252196813","source_ref":null,"source_reported_county_fipses":["39089"]},"type":"Feature"},{"geometry":{"coordinates":[-82.99487523065918,39.85209794675051],"type":"Point"},"id":"fac_im3_building_01252196814","properties":{"county_fipses":["39049"],"data_status":"provisional_source_record","display_name":"Google","entity_id":"fac_im3_building_01252196814","entity_type":"facility","footprint_sqft":289874.0,"geography_assignment_method":"point_in_polygon","primary_county_fips":"39049","release_vintage":"2026.02.09","source_layer":"building","source_name":"Google","source_operator":"Google","source_record_id":"01252196814","source_ref":null,"source_reported_county_fipses":["39049"]},"type":"Feature"},{"geometry":{"coordinates":[-77.58252358239119,38.776122951150654],"type":"Point"},"id":"fac_im3_building_01252196815","properties":{"county_fipses":["51153"],"data_status":"provisional_source_record","display_name":"Google","entity_id":"fac_im3_building_01252196815","entity_type":"facility","footprint_sqft":289731.0,"geography_assignment_method":"point_in_polygon","primary_county_fips":"51153","release_vintage":"2026.02.09","source_layer":"building","source_name":"Google","source_operator":"Google","source_record_id":"01252196815","source_ref":null,"source_reported_county_fipses":["51153"]},"type":"Feature"},{"geometry":{"coordinates":[-119.60509631980196,45.85874996159125],"type":"Point"},"id":"fac_im3_building_01252196816","properties":{"county_fipses":["41049"],"data_status":"provisional_source_record","display_name":"Amazon Web Services","entity_id":"fac_im3_building_01252196816","entity_type":"facility","footprint_sqft":210570.0,"geography_assignment_method":"point_in_polygon","primary_county_fips":"41049","release_vintage":"2026.02.09","source_layer":"building","source_name":"Amazon Web Services","source_operator":"Amazon Web Services","source_record_id":"01252196816","source_ref":null,"source_reported_county_fipses":["41049"]},"type":"Feature"},{"geometry":{"coordinates":[-119.60513360298897,45.86008348238562],"type":"Point"},"id":"fac_im3_building_01252196817","properties":{"county_fipses":["41049"],"data_status":"provisional_source_record","display_name":"Amazon Web Services","entity_id":"fac_im3_building_01252196817","entity_type":"facility","footprint_sqft":211904.0,"geography_assignment_method":"point_in_polygon","primary_county_fips":"41049","release_vintage":"2026.02.09","source_layer":"building","source_name":"Amazon Web Services","source_operator":"Amazon Web Services","source_record_id":"01252196817","source_ref":null,"source_reported_county_fipses":["41049"]},"type":"Feature"},{"geometry":{"coordinates":[-119.6051531215301,45.8609694312574],"type":"Point"},"id":"fac_im3_building_01252196818","properties":{"county_fipses":["41049"],"data_status":"provisional_source_record","display_name":"Amazon Web Services","entity_id":"fac_im3_building_01252196818","entity_type":"facility","footprint_sqft":216528.0,"geography_assignment_method":"point_in_polygon","primary_county_fips":"41049","release_vintage":"2026.02.09","source_layer":"building","source_name":"Amazon Web Services","source_operator":"Amazon Web Services","source_record_id":"01252196818","source_ref":null,"source_reported_county_fipses":["41049"]},"type":"Feature"},{"geometry":{"coordinates":[-119.6517767921927,45.841481031506696],"type":"Point"},"id":"fac_im3_building_01252196819","properties":{"county_fipses":["41049"],"data_status":"provisional_source_record","display_name":"Amazon Web Services","entity_id":"fac_im3_building_01252196819","entity_type":"facility","footprint_sqft":13765.0,"geography_assignment_method":"point_in_polygon","primary_county_fips":"41049","release_vintage":"2026.02.09","source_layer":"building","source_name":"Amazon Web Services","source_operator":"Amazon Web Services","source_record_id":"01252196819","source_ref":null,"source_reported_county_fipses":["41049"]},"type":"Feature"},{"geometry":{"coordinates":[-119.23183081247244,45.9206369354048],"type":"Point"},"id":"fac_im3_building_01252196820","properties":{"county_fipses":["41059"],"data_status":"provisional_source_record","display_name":"Amazon Web Services","entity_id":"fac_im3_building_01252196820","entity_type":"facility","footprint_sqft":216430.0,"geography_assignment_method":"point_in_polygon","primary_county_fips":"41059","release_vintage":"2026.02.09","source_layer":"building","source_name":"Amazon Web Services","source_operator":"Amazon Web Services","source_record_id":"01252196820","source_ref":null,"source_reported_county_fipses":["41059"]},"type":"Feature"},{"geometry":{"coordinates":[-119.22998114838396,45.92064708433544],"type":"Point"},"id":"fac_im3_building_01252196821","properties":{"county_fipses":["41059"],"data_status":"provisional_source_record","display_name":"Amazon Web Services","entity_id":"fac_im3_building_01252196821","entity_type":"facility","footprint_sqft":211240.0,"geography_assignment_method":"point_in_polygon","primary_county_fips":"41059","release_vintage":"2026.02.09","source_layer":"building","source_name":"Amazon Web Services","source_operator":"Amazon Web Services","source_record_id":"01252196821","source_ref":null,"source_reported_county_fipses":["41059"]},"type":"Feature"},{"geometry":{"coordinates":[-119.361958718014,45.79777489027666],"type":"Point"},"id":"fac_im3_building_01252196822","properties":{"county_fipses":["41059"],"data_status":"provisional_source_record","display_name":"Amazon Web Services","entity_id":"fac_im3_building_01252196822","entity_type":"facility","footprint_sqft":216777.0,"geography_assignment_method":"point_in_polygon","primary_county_fips":"41059","release_vintage":"2026.02.09","source_layer":"building","source_name":"Amazon Web Services","source_operator":"Amazon Web Services","source_record_id":"01252196822","source_ref":null,"source_reported_county_fipses":["41059"]},"type":"Feature"},{"geometry":{"coordinates":[-119.3666580013381,45.799165042059165],"type":"Point"},"id":"fac_im3_building_01252196823","properties":{"county_fipses":["41059"],"data_status":"provisional_source_record","display_name":"Amazon Web Services","entity_id":"fac_im3_building_01252196823","entity_type":"facility","footprint_sqft":216903.0,"geography_assignment_method":"point_in_polygon","primary_county_fips":"41059","release_vintage":"2026.02.09","source_layer":"building","source_name":"Amazon Web Services","source_operator":"Amazon Web Services","source_record_id":"01252196823","source_ref":null,"source_reported_county_fipses":["41059"]},"type":"Feature"},{"geometry":{"coordinates":[-82.69112739236837,39.724010166114695],"type":"Point"},"id":"fac_im3_building_01252196824","properties":{"county_fipses":["39045"],"data_status":"provisional_source_record","display_name":"Google","entity_id":"fac_im3_building_01252196824","entity_type":"facility","footprint_sqft":289253.0,"geography_assignment_method":"point_in_polygon","primary_county_fips":"39045","release_vintage":"2026.02.09","source_layer":"building","source_name":"Google","source_operator":"Google","source_record_id":"01252196824","source_ref":null,"source_reported_county_fipses":["39045"]},"type":"Feature"},{"geometry":{"coordinates":[-77.51721534270156,38.746145819498636],"type":"Point"},"id":"fac_im3_building_01252196825","properties":{"county_fipses":["51153"],"data_status":"provisional_source_record","display_name":"Amazon Web Services","entity_id":"fac_im3_building_01252196825","entity_type":"facility","footprint_sqft":212702.0,"geography_assignment_method":"point_in_polygon","primary_county_fips":"51153","release_vintage":"2026.02.09","source_layer":"building","source_name":"Amazon Web Services","source_operator":"Amazon Web Services","source_record_id":"01252196825","source_ref":null,"source_reported_county_fipses":["51153"]},"type":"Feature"},{"geometry":{"coordinates":[-77.48579976531855,38.92131351222202],"type":"Point"},"id":"fac_im3_building_01252196826","properties":{"county_fipses":["51107"],"data_status":"provisional_source_record","display_name":"Amazon Web Services","entity_id":"fac_im3_building_01252196826","entity_type":"facility","footprint_sqft":133944.0,"geography_assignment_method":"point_in_polygon","primary_county_fips":"51107","release_vintage":"2026.02.09","source_layer":"building","source_name":"Amazon Web Services","source_operator":"Amazon Web Services","source_record_id":"01252196826","source_ref":null,"source_reported_county_fipses":["51107"]},"type":"Feature"},{"geometry":{"coordinates":[-77.47107161222901,38.99509407061763],"type":"Point"},"id":"fac_im3_building_01253282099","properties":{"county_fipses":["51107"],"data_status":"provisional_source_record","display_name":"Amazon Web Services","entity_id":"fac_im3_building_01253282099","entity_type":"facility","footprint_sqft":14683.0,"geography_assignment_method":"point_in_polygon","primary_county_fips":"51107","release_vintage":"2026.02.09","source_layer":"building","source_name":"Amazon Web Services","source_operator":"Amazon Web Services","source_record_id":"01253282099","source_ref":null,"source_reported_county_fipses":["51107"]},"type":"Feature"},{"geometry":{"coordinates":[-96.13289444072417,41.123572980157554],"type":"Point"},"id":"fac_im3_building_01253282100","properties":{"county_fipses":["31153"],"data_status":"provisional_source_record","display_name":"Meta Sarpy Data center","entity_id":"fac_im3_building_01253282100","entity_type":"facility","footprint_sqft":628560.0,"geography_assignment_method":"point_in_polygon","primary_county_fips":"31153","release_vintage":"2026.02.09","source_layer":"building","source_name":"Meta Sarpy Data center","source_operator":"Meta","source_record_id":"01253282100","source_ref":null,"source_reported_county_fipses":["31153"]},"type":"Feature"},{"geometry":{"coordinates":[-96.1428365153122,41.114329237977906],"type":"Point"},"id":"fac_im3_building_01253282101","properties":{"county_fipses":["31153"],"data_status":"provisional_source_record","display_name":"Meta Sarpy Data center","entity_id":"fac_im3_building_01253282101","entity_type":"facility","footprint_sqft":625288.0,"geography_assignment_method":"point_in_polygon","primary_county_fips":"31153","release_vintage":"2026.02.09","source_layer":"building","source_name":"Meta Sarpy Data center","source_operator":"Meta","source_record_id":"01253282101","source_ref":null,"source_reported_county_fipses":["31153"]},"type":"Feature"},{"geometry":{"coordinates":[-96.14155463388816,41.11216327459793],"type":"Point"},"id":"fac_im3_building_01253282102","properties":{"county_fipses":["31153"],"data_status":"provisional_source_record","display_name":"Meta Sarpy Data center","entity_id":"fac_im3_building_01253282102","entity_type":"facility","footprint_sqft":286253.0,"geography_assignment_method":"point_in_polygon","primary_county_fips":"31153","release_vintage":"2026.02.09","source_layer":"building","source_name":"Meta Sarpy Data center","source_operator":"Meta","source_record_id":"01253282102","source_ref":null,"source_reported_county_fipses":["31153"]},"type":"Feature"},{"geometry":{"coordinates":[-93.50965654880697,41.67557150002093],"type":"Point"},"id":"fac_im3_building_01253282103","properties":{"county_fipses":["19153"],"data_status":"provisional_source_record","display_name":"Meta","entity_id":"fac_im3_building_01253282103","entity_type":"facility","footprint_sqft":493366.0,"geography_assignment_method":"point_in_polygon","primary_county_fips":"19153","release_vintage":"2026.02.09","source_layer":"building","source_name":"Meta","source_operator":"Meta","source_record_id":"01253282103","source_ref":null,"source_reported_county_fipses":["19153"]},"type":"Feature"},{"geometry":{"coordinates":[-93.50603124097204,41.67582283535729],"type":"Point"},"id":"fac_im3_building_01253282104","properties":{"county_fipses":["19153"],"data_status":"provisional_source_record","display_name":"Meta","entity_id":"fac_im3_building_01253282104","entity_type":"facility","footprint_sqft":601076.0,"geography_assignment_method":"point_in_polygon","primary_county_fips":"19153","release_vintage":"2026.02.09","source_layer":"building","source_name":"Meta","source_operator":"Meta","source_record_id":"01253282104","source_ref":null,"source_reported_county_fipses":["19153"]},"type":"Feature"},{"geometry":{"coordinates":[-84.61123970385259,33.73070271823669],"type":"Point"},"id":"fac_im3_building_01258702591","properties":{"county_fipses":["13097"],"data_status":"provisional_source_record","display_name":"Flexential Atlanta - Douglasville 2","entity_id":"fac_im3_building_01258702591","entity_type":"facility","footprint_sqft":311176.0,"geography_assignment_method":"point_in_polygon","primary_county_fips":"13097","release_vintage":"2026.02.09","source_layer":"building","source_name":"Flexential Atlanta - Douglasville 2","source_operator":"Flexential","source_record_id":"01258702591","source_ref":null,"source_reported_county_fipses":["13097"]},"type":"Feature"},{"geometry":{"coordinates":[-115.22111213586722,36.06402201453284],"type":"Point"},"id":"fac_im3_building_01263819877","properties":{"county_fipses":["32003"],"data_status":"provisional_source_record","display_name":"Switch","entity_id":"fac_im3_building_01263819877","entity_type":"facility","footprint_sqft":241776.0,"geography_assignment_method":"point_in_polygon","primary_county_fips":"32003","release_vintage":"2026.02.09","source_layer":"building","source_name":null,"source_operator":"Switch","source_record_id":"01263819877","source_ref":null,"source_reported_county_fipses":["32003"]},"type":"Feature"},{"geometry":{"coordinates":[-104.0684982999999,41.18260120002003],"type":"Point"},"id":"fac_im3_building_01268789798","properties":{"county_fipses":["56021"],"data_status":"provisional_source_record","display_name":"Windbreak Cable","entity_id":"fac_im3_building_01268789798","entity_type":"facility","footprint_sqft":1114.0,"geography_assignment_method":"point_in_polygon","primary_county_fips":"56021","release_vintage":"2026.02.09","source_layer":"building","source_name":"Windbreak Cable","source_operator":null,"source_record_id":"01268789798","source_ref":null,"source_reported_county_fipses":["56021"]},"type":"Feature"},{"geometry":{"coordinates":[-77.50398435557676,38.740435867935545],"type":"Point"},"id":"fac_im3_building_01269259655","properties":{"county_fipses":["51683"],"data_status":"provisional_source_record","display_name":"Unnamed IM3 building 01269259655","entity_id":"fac_im3_building_01269259655","entity_type":"facility","footprint_sqft":95987.0,"geography_assignment_method":"point_in_polygon","primary_county_fips":"51683","release_vintage":"2026.02.09","source_layer":"building","source_name":null,"source_operator":null,"source_record_id":"01269259655","source_ref":null,"source_reported_county_fipses":["51683"]},"type":"Feature"},{"geometry":{"coordinates":[-88.00725702699874,41.98896681192547],"type":"Point"},"id":"fac_im3_building_01271571726","properties":{"county_fipses":["17043"],"data_status":"provisional_source_record","display_name":"NTT Chicago CH2","entity_id":"fac_im3_building_01271571726","entity_type":"facility","footprint_sqft":115555.0,"geography_assignment_method":"point_in_polygon","primary_county_fips":"17043","release_vintage":"2026.02.09","source_layer":"building","source_name":"NTT Chicago CH2","source_operator":"NTT","source_record_id":"01271571726","source_ref":"CH2","source_reported_county_fipses":["17043"]},"type":"Feature"},{"geometry":{"coordinates":[-120.8699210224936,44.28575425519378],"type":"Point"},"id":"fac_im3_building_01276373853","properties":{"county_fipses":["41013"],"data_status":"provisional_source_record","display_name":"Unnamed IM3 building 01276373853","entity_id":"fac_im3_building_01276373853","entity_type":"facility","footprint_sqft":275217.0,"geography_assignment_method":"point_in_polygon","primary_county_fips":"41013","release_vintage":"2026.02.09","source_layer":"building","source_name":null,"source_operator":null,"source_record_id":"01276373853","source_ref":null,"source_reported_county_fipses":["41013"]},"type":"Feature"},{"geometry":{"coordinates":[-77.435175737807,38.986526005508004],"type":"Point"},"id":"fac_im3_building_01276518679","properties":{"county_fipses":["51107"],"data_status":"provisional_source_record","display_name":"Amazon IAD214","entity_id":"fac_im3_building_01276518679","entity_type":"facility","footprint_sqft":113421.0,"geography_assignment_method":"point_in_polygon","primary_county_fips":"51107","release_vintage":"2026.02.09","source_layer":"building","source_name":"Amazon IAD214","source_operator":"Amazon Web Services","source_record_id":"01276518679","source_ref":"IAD214","source_reported_county_fipses":["51107"]},"type":"Feature"},{"geometry":{"coordinates":[-77.4407518987356,38.988620947417836],"type":"Point"},"id":"fac_im3_building_01276518684","properties":{"county_fipses":["51107"],"data_status":"provisional_source_record","display_name":"Aligned IAD03","entity_id":"fac_im3_building_01276518684","entity_type":"facility","footprint_sqft":79844.0,"geography_assignment_method":"point_in_polygon","primary_county_fips":"51107","release_vintage":"2026.02.09","source_layer":"building","source_name":"Aligned IAD03","source_operator":"Aligned","source_record_id":"01276518684","source_ref":"IAD03","source_reported_county_fipses":["51107"]},"type":"Feature"},{"geometry":{"coordinates":[-77.43393215610038,38.99226912328289],"type":"Point"},"id":"fac_im3_building_01276518687","properties":{"county_fipses":["51107"],"data_status":"provisional_source_record","display_name":"Digital Realty IAD55","entity_id":"fac_im3_building_01276518687","entity_type":"facility","footprint_sqft":85319.0,"geography_assignment_method":"point_in_polygon","primary_county_fips":"51107","release_vintage":"2026.02.09","source_layer":"building","source_name":"Digital Realty IAD55","source_operator":"Digital Realty","source_record_id":"01276518687","source_ref":"IAD55","source_reported_county_fipses":["51107"]},"type":"Feature"},{"geometry":{"coordinates":[-81.52197151267426,41.057431068795566],"type":"Point"},"id":"fac_im3_building_01278541792","properties":{"county_fipses":["39153"],"data_status":"provisional_source_record","display_name":"Involta-Akron","entity_id":"fac_im3_building_01278541792","entity_type":"facility","footprint_sqft":59427.0,"geography_assignment_method":"point_in_polygon","primary_county_fips":"39153","release_vintage":"2026.02.09","source_layer":"building","source_name":"Involta-Akron","source_operator":null,"source_record_id":"01278541792","source_ref":null,"source_reported_county_fipses":["39153"]},"type":"Feature"},{"geometry":{"coordinates":[-77.5202261632775,38.94736148494224],"type":"Point"},"id":"fac_im3_building_01280340212","properties":{"county_fipses":["51107"],"data_status":"provisional_source_record","display_name":"Amazon Web Services","entity_id":"fac_im3_building_01280340212","entity_type":"facility","footprint_sqft":13569.0,"geography_assignment_method":"point_in_polygon","primary_county_fips":"51107","release_vintage":"2026.02.09","source_layer":"building","source_name":"Amazon Web Services","source_operator":"Amazon Web Services","source_record_id":"01280340212","source_ref":null,"source_reported_county_fipses":["51107"]},"type":"Feature"},{"geometry":{"coordinates":[-77.41752673157097,38.98357495375973],"type":"Point"},"id":"fac_im3_building_01280340213","properties":{"county_fipses":["51107"],"data_status":"provisional_source_record","display_name":"Amazon Web Services","entity_id":"fac_im3_building_01280340213","entity_type":"facility","footprint_sqft":14079.0,"geography_assignment_method":"point_in_polygon","primary_county_fips":"51107","release_vintage":"2026.02.09","source_layer":"building","source_name":"Amazon Web Services","source_operator":"Amazon Web Services","source_record_id":"01280340213","source_ref":null,"source_reported_county_fipses":["51107"]},"type":"Feature"},{"geometry":{"coordinates":[-77.6221271999352,38.80289734729966],"type":"Point"},"id":"fac_im3_building_01280340214","properties":{"county_fipses":["51153"],"data_status":"provisional_source_record","display_name":"Amazon Web Services","entity_id":"fac_im3_building_01280340214","entity_type":"facility","footprint_sqft":129225.0,"geography_assignment_method":"point_in_polygon","primary_county_fips":"51153","release_vintage":"2026.02.09","source_layer":"building","source_name":"Amazon Web Services","source_operator":"Amazon Web Services","source_record_id":"01280340214","source_ref":null,"source_reported_county_fipses":["51153"]},"type":"Feature"},{"geometry":{"coordinates":[-77.53309395336687,38.7451198113642],"type":"Point"},"id":"fac_im3_building_01280340215","properties":{"county_fipses":["51153"],"data_status":"provisional_source_record","display_name":"Amazon Web Services","entity_id":"fac_im3_building_01280340215","entity_type":"facility","footprint_sqft":14507.0,"geography_assignment_method":"point_in_polygon","primary_county_fips":"51153","release_vintage":"2026.02.09","source_layer":"building","source_name":"Amazon Web Services","source_operator":"Amazon Web Services","source_record_id":"01280340215","source_ref":null,"source_reported_county_fipses":["51153"]},"type":"Feature"},{"geometry":{"coordinates":[-77.65433143122239,38.81459760122616],"type":"Point"},"id":"fac_im3_building_01280340216","properties":{"county_fipses":["51153"],"data_status":"provisional_source_record","display_name":"Amazon Web Services","entity_id":"fac_im3_building_01280340216","entity_type":"facility","footprint_sqft":14389.0,"geography_assignment_method":"point_in_polygon","primary_county_fips":"51153","release_vintage":"2026.02.09","source_layer":"building","source_name":"Amazon Web Services","source_operator":"Amazon Web Services","source_record_id":"01280340216","source_ref":null,"source_reported_county_fipses":["51153"]},"type":"Feature"},{"geometry":{"coordinates":[-77.65215913005484,38.81696824406837],"type":"Point"},"id":"fac_im3_building_01280340217","properties":{"county_fipses":["51153"],"data_status":"provisional_source_record","display_name":"Amazon Web Services","entity_id":"fac_im3_building_01280340217","entity_type":"facility","footprint_sqft":149332.0,"geography_assignment_method":"point_in_polygon","primary_county_fips":"51153","release_vintage":"2026.02.09","source_layer":"building","source_name":"Amazon Web Services","source_operator":"Amazon Web Services","source_record_id":"01280340217","source_ref":null,"source_reported_county_fipses":["51153"]},"type":"Feature"},{"geometry":{"coordinates":[-83.21583366417357,40.13418977024933],"type":"Point"},"id":"fac_im3_building_01280344148","properties":{"county_fipses":["39159"],"data_status":"provisional_source_record","display_name":"Amazon Web Services","entity_id":"fac_im3_building_01280344148","entity_type":"facility","footprint_sqft":233609.0,"geography_assignment_method":"point_in_polygon","primary_county_fips":"39159","release_vintage":"2026.02.09","source_layer":"building","source_name":"Amazon Web Services","source_operator":"Amazon Web Services","source_record_id":"01280344148","source_ref":null,"source_reported_county_fipses":["39159"]},"type":"Feature"},{"geometry":{"coordinates":[-119.22880463589557,45.92059672458088],"type":"Point"},"id":"fac_im3_building_01280344149","properties":{"county_fipses":["41059"],"data_status":"provisional_source_record","display_name":"Amazon Web Services","entity_id":"fac_im3_building_01280344149","entity_type":"facility","footprint_sqft":225421.0,"geography_assignment_method":"point_in_polygon","primary_county_fips":"41059","release_vintage":"2026.02.09","source_layer":"building","source_name":"Amazon Web Services","source_operator":"Amazon Web Services","source_record_id":"01280344149","source_ref":null,"source_reported_county_fipses":["41059"]},"type":"Feature"},{"geometry":{"coordinates":[-119.22700425422059,45.920560005801455],"type":"Point"},"id":"fac_im3_building_01280344150","properties":{"county_fipses":["41059"],"data_status":"provisional_source_record","display_name":"Amazon Web Services","entity_id":"fac_im3_building_01280344150","entity_type":"facility","footprint_sqft":217375.0,"geography_assignment_method":"point_in_polygon","primary_county_fips":"41059","release_vintage":"2026.02.09","source_layer":"building","source_name":"Amazon Web Services","source_operator":"Amazon Web Services","source_record_id":"01280344150","source_ref":null,"source_reported_county_fipses":["41059"]},"type":"Feature"},{"geometry":{"coordinates":[-119.22609033042734,45.919515285726376],"type":"Point"},"id":"fac_im3_building_01280344151","properties":{"county_fipses":["41059"],"data_status":"provisional_source_record","display_name":"Amazon Web Services","entity_id":"fac_im3_building_01280344151","entity_type":"facility","footprint_sqft":16064.0,"geography_assignment_method":"point_in_polygon","primary_county_fips":"41059","release_vintage":"2026.02.09","source_layer":"building","source_name":"Amazon Web Services","source_operator":"Amazon Web Services","source_record_id":"01280344151","source_ref":null,"source_reported_county_fipses":["41059"]},"type":"Feature"},{"geometry":{"coordinates":[-119.3416517837596,45.88251750222229],"type":"Point"},"id":"fac_im3_building_01280344153","properties":{"county_fipses":["41059"],"data_status":"provisional_source_record","display_name":"Amazon Web Services","entity_id":"fac_im3_building_01280344153","entity_type":"facility","footprint_sqft":218698.0,"geography_assignment_method":"point_in_polygon","primary_county_fips":"41059","release_vintage":"2026.02.09","source_layer":"building","source_name":"Amazon Web Services","source_operator":"Amazon Web Services","source_record_id":"01280344153","source_ref":null,"source_reported_county_fipses":["41059"]},"type":"Feature"},{"geometry":{"coordinates":[-119.60511168543225,45.86225295877379],"type":"Point"},"id":"fac_im3_building_01280344154","properties":{"county_fipses":["41049"],"data_status":"provisional_source_record","display_name":"Amazon Web Services","entity_id":"fac_im3_building_01280344154","entity_type":"facility","footprint_sqft":211930.0,"geography_assignment_method":"point_in_polygon","primary_county_fips":"41049","release_vintage":"2026.02.09","source_layer":"building","source_name":"Amazon Web Services","source_operator":"Amazon Web Services","source_record_id":"01280344154","source_ref":null,"source_reported_county_fipses":["41049"]},"type":"Feature"},{"geometry":{"coordinates":[-119.60487161226038,45.85803760730771],"type":"Point"},"id":"fac_im3_building_01280344155","properties":{"county_fipses":["41049"],"data_status":"provisional_source_record","display_name":"Amazon Web Services","entity_id":"fac_im3_building_01280344155","entity_type":"facility","footprint_sqft":12811.0,"geography_assignment_method":"point_in_polygon","primary_county_fips":"41049","release_vintage":"2026.02.09","source_layer":"building","source_name":"Amazon Web Services","source_operator":"Amazon Web Services","source_record_id":"01280344155","source_ref":null,"source_reported_county_fipses":["41049"]},"type":"Feature"},{"geometry":{"coordinates":[-119.65130207689772,45.840670297393935],"type":"Point"},"id":"fac_im3_building_01280344156","properties":{"county_fipses":["41049"],"data_status":"provisional_source_record","display_name":"Amazon Web Services","entity_id":"fac_im3_building_01280344156","entity_type":"facility","footprint_sqft":13923.0,"geography_assignment_method":"point_in_polygon","primary_county_fips":"41049","release_vintage":"2026.02.09","source_layer":"building","source_name":"Amazon Web Services","source_operator":"Amazon Web Services","source_record_id":"01280344156","source_ref":null,"source_reported_county_fipses":["41049"]},"type":"Feature"},{"geometry":{"coordinates":[-119.63208588156591,45.81993095962179],"type":"Point"},"id":"fac_im3_building_01280344157","properties":{"county_fipses":["41049"],"data_status":"provisional_source_record","display_name":"Amazon Web Services","entity_id":"fac_im3_building_01280344157","entity_type":"facility","footprint_sqft":212775.0,"geography_assignment_method":"point_in_polygon","primary_county_fips":"41049","release_vintage":"2026.02.09","source_layer":"building","source_name":"Amazon Web Services","source_operator":"Amazon Web Services","source_record_id":"01280344157","source_ref":null,"source_reported_county_fipses":["41049"]},"type":"Feature"},{"geometry":{"coordinates":[-84.2149739266172,34.10338317620051],"type":"Point"},"id":"fac_im3_building_01282332209","properties":{"county_fipses":["13117"],"data_status":"provisional_source_record","display_name":"UPS Data Center","entity_id":"fac_im3_building_01282332209","entity_type":"facility","footprint_sqft":173693.0,"geography_assignment_method":"point_in_polygon","primary_county_fips":"13117","release_vintage":"2026.02.09","source_layer":"building","source_name":"UPS Data Center","source_operator":null,"source_record_id":"01282332209","source_ref":null,"source_reported_county_fipses":["13117"]},"type":"Feature"},{"geometry":{"coordinates":[-77.54520013096746,38.77550687563078],"type":"Point"},"id":"fac_im3_building_01283698132","properties":{"county_fipses":["51153"],"data_status":"provisional_source_record","display_name":"Iron Mountain VA-3","entity_id":"fac_im3_building_01283698132","entity_type":"facility","footprint_sqft":181174.0,"geography_assignment_method":"point_in_polygon","primary_county_fips":"51153","release_vintage":"2026.02.09","source_layer":"building","source_name":"Iron Mountain VA-3","source_operator":null,"source_record_id":"01283698132","source_ref":"VA-3","source_reported_county_fipses":["51153"]},"type":"Feature"},{"geometry":{"coordinates":[-112.37391953991316,33.44634015387983],"type":"Point"},"id":"fac_im3_building_01283734104","properties":{"county_fipses":["04013"],"data_status":"provisional_source_record","display_name":"Microsoft","entity_id":"fac_im3_building_01283734104","entity_type":"facility","footprint_sqft":238581.0,"geography_assignment_method":"point_in_polygon","primary_county_fips":"04013","release_vintage":"2026.02.09","source_layer":"building","source_name":"Microsoft","source_operator":"Microsoft","source_record_id":"01283734104","source_ref":null,"source_reported_county_fipses":["04013"]},"type":"Feature"},{"geometry":{"coordinates":[-77.58562711780785,38.7744165289811],"type":"Point"},"id":"fac_im3_building_01287260553","properties":{"county_fipses":["51153"],"data_status":"provisional_source_record","display_name":"Google","entity_id":"fac_im3_building_01287260553","entity_type":"facility","footprint_sqft":289621.0,"geography_assignment_method":"point_in_polygon","primary_county_fips":"51153","release_vintage":"2026.02.09","source_layer":"building","source_name":"Google","source_operator":"Google","source_record_id":"01287260553","source_ref":null,"source_reported_county_fipses":["51153"]},"type":"Feature"},{"geometry":{"coordinates":[-77.62121027768342,38.80185736221658],"type":"Point"},"id":"fac_im3_building_01287260554","properties":{"county_fipses":["51153"],"data_status":"provisional_source_record","display_name":"Amazon Web Services","entity_id":"fac_im3_building_01287260554","entity_type":"facility","footprint_sqft":127010.0,"geography_assignment_method":"point_in_polygon","primary_county_fips":"51153","release_vintage":"2026.02.09","source_layer":"building","source_name":"Amazon Web Services","source_operator":"Amazon Web Services","source_record_id":"01287260554","source_ref":null,"source_reported_county_fipses":["51153"]},"type":"Feature"},{"geometry":{"coordinates":[-77.62048061962223,38.80125678726276],"type":"Point"},"id":"fac_im3_building_01287260555","properties":{"county_fipses":["51153"],"data_status":"provisional_source_record","display_name":"Amazon Web Services","entity_id":"fac_im3_building_01287260555","entity_type":"facility","footprint_sqft":130170.0,"geography_assignment_method":"point_in_polygon","primary_county_fips":"51153","release_vintage":"2026.02.09","source_layer":"building","source_name":"Amazon Web Services","source_operator":"Amazon Web Services","source_record_id":"01287260555","source_ref":null,"source_reported_county_fipses":["51153"]},"type":"Feature"},{"geometry":{"coordinates":[-77.54222100424613,38.77442331044019],"type":"Point"},"id":"fac_im3_building_01287260556","properties":{"county_fipses":["51153"],"data_status":"provisional_source_record","display_name":"Iron Mountain VA-4","entity_id":"fac_im3_building_01287260556","entity_type":"facility","footprint_sqft":89044.0,"geography_assignment_method":"point_in_polygon","primary_county_fips":"51153","release_vintage":"2026.02.09","source_layer":"building","source_name":"Iron Mountain VA-4","source_operator":null,"source_record_id":"01287260556","source_ref":null,"source_reported_county_fipses":["51153"]},"type":"Feature"},{"geometry":{"coordinates":[-77.54116863541392,38.77304294726684],"type":"Point"},"id":"fac_im3_building_01287260557","properties":{"county_fipses":["51153"],"data_status":"provisional_source_record","display_name":"Iron Mountain VA-5","entity_id":"fac_im3_building_01287260557","entity_type":"facility","footprint_sqft":106629.0,"geography_assignment_method":"point_in_polygon","primary_county_fips":"51153","release_vintage":"2026.02.09","source_layer":"building","source_name":"Iron Mountain VA-5","source_operator":null,"source_record_id":"01287260557","source_ref":null,"source_reported_county_fipses":["51153"]},"type":"Feature"},{"geometry":{"coordinates":[-77.51079702257591,38.75319464399268],"type":"Point"},"id":"fac_im3_building_01287260558","properties":{"county_fipses":["51153"],"data_status":"provisional_source_record","display_name":"QTS Manassas DC2","entity_id":"fac_im3_building_01287260558","entity_type":"facility","footprint_sqft":137971.0,"geography_assignment_method":"point_in_polygon","primary_county_fips":"51153","release_vintage":"2026.02.09","source_layer":"building","source_name":"QTS Manassas DC2","source_operator":"Quality Technology Services","source_record_id":"01287260558","source_ref":null,"source_reported_county_fipses":["51153"]},"type":"Feature"},{"geometry":{"coordinates":[-77.51665238523324,38.758875222417394],"type":"Point"},"id":"fac_im3_building_01287260559","properties":{"county_fipses":["51153"],"data_status":"provisional_source_record","display_name":"Unnamed IM3 building 01287260559","entity_id":"fac_im3_building_01287260559","entity_type":"facility","footprint_sqft":139592.0,"geography_assignment_method":"point_in_polygon","primary_county_fips":"51153","release_vintage":"2026.02.09","source_layer":"building","source_name":null,"source_operator":null,"source_record_id":"01287260559","source_ref":null,"source_reported_county_fipses":["51153"]},"type":"Feature"},{"geometry":{"coordinates":[-95.79220329121617,41.17359488843065],"type":"Point"},"id":"fac_im3_building_01287260560","properties":{"county_fipses":["19155"],"data_status":"provisional_source_record","display_name":"Google","entity_id":"fac_im3_building_01287260560","entity_type":"facility","footprint_sqft":294718.0,"geography_assignment_method":"point_in_polygon","primary_county_fips":"19155","release_vintage":"2026.02.09","source_layer":"building","source_name":"Google","source_operator":"Google","source_record_id":"01287260560","source_ref":null,"source_reported_county_fipses":["19155"]},"type":"Feature"},{"geometry":{"coordinates":[-95.78867836937772,41.17359750472643],"type":"Point"},"id":"fac_im3_building_01287260561","properties":{"county_fipses":["19155"],"data_status":"provisional_source_record","display_name":"Google","entity_id":"fac_im3_building_01287260561","entity_type":"facility","footprint_sqft":296835.0,"geography_assignment_method":"point_in_polygon","primary_county_fips":"19155","release_vintage":"2026.02.09","source_layer":"building","source_name":"Google","source_operator":"Google","source_record_id":"01287260561","source_ref":null,"source_reported_county_fipses":["19155"]},"type":"Feature"},{"geometry":{"coordinates":[-77.53829965963824,39.042552536948456],"type":"Point"},"id":"fac_im3_building_01292897241","properties":{"county_fipses":["51107"],"data_status":"provisional_source_record","display_name":"42311 THUNDERBALL DR","entity_id":"fac_im3_building_01292897241","entity_type":"facility","footprint_sqft":40683.0,"geography_assignment_method":"point_in_polygon","primary_county_fips":"51107","release_vintage":"2026.02.09","source_layer":"building","source_name":"42311 THUNDERBALL DR","source_operator":"True North Data Solutions","source_record_id":"01292897241","source_ref":null,"source_reported_county_fipses":["51107"]},"type":"Feature"},{"geometry":{"coordinates":[-77.53922373708994,39.04162316420013],"type":"Point"},"id":"fac_im3_building_01292897242","properties":{"county_fipses":["51107"],"data_status":"provisional_source_record","display_name":"42255 THUNDERBALL DR","entity_id":"fac_im3_building_01292897242","entity_type":"facility","footprint_sqft":60458.0,"geography_assignment_method":"point_in_polygon","primary_county_fips":"51107","release_vintage":"2026.02.09","source_layer":"building","source_name":"42255 THUNDERBALL DR","source_operator":"True North Data Solutions","source_record_id":"01292897242","source_ref":null,"source_reported_county_fipses":["51107"]},"type":"Feature"},{"geometry":{"coordinates":[-77.54087429950766,39.04350173521111],"type":"Point"},"id":"fac_im3_building_01292897243","properties":{"county_fipses":["51107"],"data_status":"provisional_source_record","display_name":"42254 THUNDERBALL DR","entity_id":"fac_im3_building_01292897243","entity_type":"facility","footprint_sqft":77498.0,"geography_assignment_method":"point_in_polygon","primary_county_fips":"51107","release_vintage":"2026.02.09","source_layer":"building","source_name":"42254 THUNDERBALL DR","source_operator":"True North Data Solutions","source_record_id":"01292897243","source_ref":null,"source_reported_county_fipses":["51107"]},"type":"Feature"},{"geometry":{"coordinates":[-86.36966140352041,36.411865445114714],"type":"Point"},"id":"fac_im3_building_01294595615","properties":{"county_fipses":["47165"],"data_status":"provisional_source_record","display_name":"Meta Gallatin Data Center","entity_id":"fac_im3_building_01294595615","entity_type":"facility","footprint_sqft":626571.0,"geography_assignment_method":"point_in_polygon","primary_county_fips":"47165","release_vintage":"2026.02.09","source_layer":"building","source_name":"Meta Gallatin Data Center","source_operator":"Meta","source_record_id":"01294595615","source_ref":null,"source_reported_county_fipses":["47165"]},"type":"Feature"},{"geometry":{"coordinates":[-121.04003747175075,37.66514737401328],"type":"Point"},"id":"fac_im3_building_01296163129","properties":{"county_fipses":["06099"],"data_status":"provisional_source_record","display_name":"Modesto Junior College West Data Center","entity_id":"fac_im3_building_01296163129","entity_type":"facility","footprint_sqft":6017.0,"geography_assignment_method":"point_in_polygon","primary_county_fips":"06099","release_vintage":"2026.02.09","source_layer":"building","source_name":"Modesto Junior College West Data Center","source_operator":"Yosemite Community College District","source_record_id":"01296163129","source_ref":null,"source_reported_county_fipses":["06099"]},"type":"Feature"},{"geometry":{"coordinates":[-98.4626474985889,29.68640301722139],"type":"Point"},"id":"fac_im3_building_01296723872","properties":{"county_fipses":["48029"],"data_status":"provisional_source_record","display_name":"GVTC","entity_id":"fac_im3_building_01296723872","entity_type":"facility","footprint_sqft":445.0,"geography_assignment_method":"point_in_polygon","primary_county_fips":"48029","release_vintage":"2026.02.09","source_layer":"building","source_name":"GVTC","source_operator":"GVTC","source_record_id":"01296723872","source_ref":null,"source_reported_county_fipses":["48029"]},"type":"Feature"},{"geometry":{"coordinates":[-96.65427329455417,32.9836681552358],"type":"Point"},"id":"fac_im3_building_01300765126","properties":{"county_fipses":["48113"],"data_status":"provisional_source_record","display_name":"Stream Data Centers","entity_id":"fac_im3_building_01300765126","entity_type":"facility","footprint_sqft":280635.0,"geography_assignment_method":"point_in_polygon","primary_county_fips":"48113","release_vintage":"2026.02.09","source_layer":"building","source_name":"Stream Data Centers","source_operator":null,"source_record_id":"01300765126","source_ref":null,"source_reported_county_fipses":["48113"]},"type":"Feature"},{"geometry":{"coordinates":[-77.55898682593282,38.94801698707017],"type":"Point"},"id":"fac_im3_building_01301654223","properties":{"county_fipses":["51107"],"data_status":"provisional_source_record","display_name":"Unnamed IM3 building 01301654223","entity_id":"fac_im3_building_01301654223","entity_type":"facility","footprint_sqft":130181.0,"geography_assignment_method":"point_in_polygon","primary_county_fips":"51107","release_vintage":"2026.02.09","source_layer":"building","source_name":null,"source_operator":null,"source_record_id":"01301654223","source_ref":null,"source_reported_county_fipses":["51107"]},"type":"Feature"},{"geometry":{"coordinates":[-77.55887032015698,38.95006466711818],"type":"Point"},"id":"fac_im3_building_01301654224","properties":{"county_fipses":["51107"],"data_status":"provisional_source_record","display_name":"Unnamed IM3 building 01301654224","entity_id":"fac_im3_building_01301654224","entity_type":"facility","footprint_sqft":130174.0,"geography_assignment_method":"point_in_polygon","primary_county_fips":"51107","release_vintage":"2026.02.09","source_layer":"building","source_name":null,"source_operator":null,"source_record_id":"01301654224","source_ref":null,"source_reported_county_fipses":["51107"]},"type":"Feature"},{"geometry":{"coordinates":[-77.53864812619635,38.76814288611768],"type":"Point"},"id":"fac_im3_building_01304357577","properties":{"county_fipses":["51153"],"data_status":"provisional_source_record","display_name":"Iron Mountain VA-6","entity_id":"fac_im3_building_01304357577","entity_type":"facility","footprint_sqft":181918.0,"geography_assignment_method":"point_in_polygon","primary_county_fips":"51153","release_vintage":"2026.02.09","source_layer":"building","source_name":"Iron Mountain VA-6","source_operator":null,"source_record_id":"01304357577","source_ref":null,"source_reported_county_fipses":["51153"]},"type":"Feature"},{"geometry":{"coordinates":[-92.13043071418325,46.82746658999977],"type":"Point"},"id":"fac_im3_building_01307072785","properties":{"county_fipses":["27137"],"data_status":"provisional_source_record","display_name":"Ark Duluth Data Center","entity_id":"fac_im3_building_01307072785","entity_type":"facility","footprint_sqft":27162.0,"geography_assignment_method":"point_in_polygon","primary_county_fips":"27137","release_vintage":"2026.02.09","source_layer":"building","source_name":"Ark Duluth Data Center","source_operator":null,"source_record_id":"01307072785","source_ref":null,"source_reported_county_fipses":["27137"]},"type":"Feature"},{"geometry":{"coordinates":[-80.76578188627896,35.32975386752092],"type":"Point"},"id":"fac_im3_building_01307920829","properties":{"county_fipses":["37119"],"data_status":"provisional_source_record","display_name":"Flexential Charlotte - North","entity_id":"fac_im3_building_01307920829","entity_type":"facility","footprint_sqft":62809.0,"geography_assignment_method":"point_in_polygon","primary_county_fips":"37119","release_vintage":"2026.02.09","source_layer":"building","source_name":"Flexential Charlotte - North","source_operator":"Flexential","source_record_id":"01307920829","source_ref":null,"source_reported_county_fipses":["37119"]},"type":"Feature"},{"geometry":{"coordinates":[-77.4595379709394,39.01519834588525],"type":"Point"},"id":"fac_im3_building_01309123033","properties":{"county_fipses":["51107"],"data_status":"provisional_source_record","display_name":"Equinix Ashburn DC6","entity_id":"fac_im3_building_01309123033","entity_type":"facility","footprint_sqft":70526.0,"geography_assignment_method":"point_in_polygon","primary_county_fips":"51107","release_vintage":"2026.02.09","source_layer":"building","source_name":"Equinix Ashburn DC6","source_operator":"Equinix","source_record_id":"01309123033","source_ref":"DC6","source_reported_county_fipses":["51107"]},"type":"Feature"},{"geometry":{"coordinates":[-77.46188736227928,39.016407623551665],"type":"Point"},"id":"fac_im3_building_01309123034","properties":{"county_fipses":["51107"],"data_status":"provisional_source_record","display_name":"Equinix Ashburn DC4","entity_id":"fac_im3_building_01309123034","entity_type":"facility","footprint_sqft":101052.0,"geography_assignment_method":"point_in_polygon","primary_county_fips":"51107","release_vintage":"2026.02.09","source_layer":"building","source_name":"Equinix Ashburn DC4","source_operator":"Equinix","source_record_id":"01309123034","source_ref":"DC4","source_reported_county_fipses":["51107"]},"type":"Feature"},{"geometry":{"coordinates":[-98.54132736832202,29.580141455082334],"type":"Point"},"id":"fac_im3_building_01310628998","properties":{"county_fipses":["48029"],"data_status":"provisional_source_record","display_name":"HEB","entity_id":"fac_im3_building_01310628998","entity_type":"facility","footprint_sqft":36241.0,"geography_assignment_method":"point_in_polygon","primary_county_fips":"48029","release_vintage":"2026.02.09","source_layer":"building","source_name":null,"source_operator":"HEB","source_record_id":"01310628998","source_ref":null,"source_reported_county_fipses":["48029"]},"type":"Feature"},{"geometry":{"coordinates":[-88.72185807435966,41.88853040860736],"type":"Point"},"id":"fac_im3_building_01312792611","properties":{"county_fipses":["17037"],"data_status":"provisional_source_record","display_name":"Meta","entity_id":"fac_im3_building_01312792611","entity_type":"facility","footprint_sqft":568454.0,"geography_assignment_method":"point_in_polygon","primary_county_fips":"17037","release_vintage":"2026.02.09","source_layer":"building","source_name":null,"source_operator":"Meta","source_record_id":"01312792611","source_ref":null,"source_reported_county_fipses":["17037"]},"type":"Feature"},{"geometry":{"coordinates":[-88.73105377072714,41.88928381978822],"type":"Point"},"id":"fac_im3_building_01312792612","properties":{"county_fipses":["17037"],"data_status":"provisional_source_record","display_name":"Meta","entity_id":"fac_im3_building_01312792612","entity_type":"facility","footprint_sqft":568442.0,"geography_assignment_method":"point_in_polygon","primary_county_fips":"17037","release_vintage":"2026.02.09","source_layer":"building","source_name":null,"source_operator":"Meta","source_record_id":"01312792612","source_ref":null,"source_reported_county_fipses":["17037"]},"type":"Feature"},{"geometry":{"coordinates":[-88.72635519613044,41.89027497092366],"type":"Point"},"id":"fac_im3_building_01312792613","properties":{"county_fipses":["17037"],"data_status":"provisional_source_record","display_name":"Meta","entity_id":"fac_im3_building_01312792613","entity_type":"facility","footprint_sqft":320184.0,"geography_assignment_method":"point_in_polygon","primary_county_fips":"17037","release_vintage":"2026.02.09","source_layer":"building","source_name":null,"source_operator":"Meta","source_record_id":"01312792613","source_ref":null,"source_reported_county_fipses":["17037"]},"type":"Feature"},{"geometry":{"coordinates":[-86.3660125010422,36.41135065140836],"type":"Point"},"id":"fac_im3_building_01312795639","properties":{"county_fipses":["47165"],"data_status":"provisional_source_record","display_name":"Meta Gallatin Data Center","entity_id":"fac_im3_building_01312795639","entity_type":"facility","footprint_sqft":626568.0,"geography_assignment_method":"point_in_polygon","primary_county_fips":"47165","release_vintage":"2026.02.09","source_layer":"building","source_name":"Meta Gallatin Data Center","source_operator":"Meta","source_record_id":"01312795639","source_ref":null,"source_reported_county_fipses":["47165"]},"type":"Feature"},{"geometry":{"coordinates":[-86.36660783519794,36.40604868216981],"type":"Point"},"id":"fac_im3_building_01312795640","properties":{"county_fipses":["47165"],"data_status":"provisional_source_record","display_name":"Meta Gallatin Data Center","entity_id":"fac_im3_building_01312795640","entity_type":"facility","footprint_sqft":626683.0,"geography_assignment_method":"point_in_polygon","primary_county_fips":"47165","release_vintage":"2026.02.09","source_layer":"building","source_name":"Meta Gallatin Data Center","source_operator":"Meta","source_record_id":"01312795640","source_ref":null,"source_reported_county_fipses":["47165"]},"type":"Feature"},{"geometry":{"coordinates":[-96.15143114556095,41.1379099302681],"type":"Point"},"id":"fac_im3_building_01312801354","properties":{"county_fipses":["31153"],"data_status":"provisional_source_record","display_name":"Google","entity_id":"fac_im3_building_01312801354","entity_type":"facility","footprint_sqft":297414.0,"geography_assignment_method":"point_in_polygon","primary_county_fips":"31153","release_vintage":"2026.02.09","source_layer":"building","source_name":"Google","source_operator":"Google","source_record_id":"01312801354","source_ref":null,"source_reported_county_fipses":["31153"]},"type":"Feature"},{"geometry":{"coordinates":[-121.97450722223287,37.370642952923895],"type":"Point"},"id":"fac_im3_building_01313995085","properties":{"county_fipses":["06085"],"data_status":"provisional_source_record","display_name":"Unnamed IM3 building 01313995085","entity_id":"fac_im3_building_01313995085","entity_type":"facility","footprint_sqft":124069.0,"geography_assignment_method":"point_in_polygon","primary_county_fips":"06085","release_vintage":"2026.02.09","source_layer":"building","source_name":null,"source_operator":null,"source_record_id":"01313995085","source_ref":null,"source_reported_county_fipses":["06085"]},"type":"Feature"},{"geometry":{"coordinates":[-121.9468448755741,37.36403183434052],"type":"Point"},"id":"fac_im3_building_01314010354","properties":{"county_fipses":["06085"],"data_status":"provisional_source_record","display_name":"Vantage Santa Clara CA2","entity_id":"fac_im3_building_01314010354","entity_type":"facility","footprint_sqft":132031.0,"geography_assignment_method":"point_in_polygon","primary_county_fips":"06085","release_vintage":"2026.02.09","source_layer":"building","source_name":"Vantage Santa Clara CA2","source_operator":"Vantage Data Centers","source_record_id":"01314010354","source_ref":null,"source_reported_county_fipses":["06085"]},"type":"Feature"},{"geometry":{"coordinates":[-121.9472163527582,37.37093636866237],"type":"Point"},"id":"fac_im3_building_01314012931","properties":{"county_fipses":["06085"],"data_status":"provisional_source_record","display_name":"Digital Realty Silicon Valley SJC37","entity_id":"fac_im3_building_01314012931","entity_type":"facility","footprint_sqft":155689.0,"geography_assignment_method":"point_in_polygon","primary_county_fips":"06085","release_vintage":"2026.02.09","source_layer":"building","source_name":"Digital Realty Silicon Valley SJC37","source_operator":"Digital Realty","source_record_id":"01314012931","source_ref":"SJC37","source_reported_county_fipses":["06085"]},"type":"Feature"},{"geometry":{"coordinates":[-111.99753426906965,33.46474691950877],"type":"Point"},"id":"fac_im3_building_01315636714","properties":{"county_fipses":["04013"],"data_status":"provisional_source_record","display_name":"QTS","entity_id":"fac_im3_building_01315636714","entity_type":"facility","footprint_sqft":162484.0,"geography_assignment_method":"point_in_polygon","primary_county_fips":"04013","release_vintage":"2026.02.09","source_layer":"building","source_name":"QTS","source_operator":"Quality Technology Services","source_record_id":"01315636714","source_ref":null,"source_reported_county_fipses":["04013"]},"type":"Feature"},{"geometry":{"coordinates":[-77.49143162866764,38.96085555401278],"type":"Point"},"id":"fac_im3_building_01317733642","properties":{"county_fipses":["51107"],"data_status":"provisional_source_record","display_name":"Digital Realty Northern Virginia IAD44","entity_id":"fac_im3_building_01317733642","entity_type":"facility","footprint_sqft":399540.0,"geography_assignment_method":"point_in_polygon","primary_county_fips":"51107","release_vintage":"2026.02.09","source_layer":"building","source_name":"Digital Realty Northern Virginia IAD44","source_operator":"Digital Realty","source_record_id":"01317733642","source_ref":"IAD44","source_reported_county_fipses":["51107"]},"type":"Feature"},{"geometry":{"coordinates":[-93.78705539830351,41.49580619609169],"type":"Point"},"id":"fac_im3_building_01318322071","properties":{"county_fipses":["19181"],"data_status":"provisional_source_record","display_name":"Microsoft","entity_id":"fac_im3_building_01318322071","entity_type":"facility","footprint_sqft":247197.0,"geography_assignment_method":"point_in_polygon","primary_county_fips":"19181","release_vintage":"2026.02.09","source_layer":"building","source_name":"Microsoft","source_operator":"Microsoft","source_record_id":"01318322071","source_ref":null,"source_reported_county_fipses":["19181"]},"type":"Feature"},{"geometry":{"coordinates":[-93.7870205983035,41.494749896092024],"type":"Point"},"id":"fac_im3_building_01318322073","properties":{"county_fipses":["19181"],"data_status":"provisional_source_record","display_name":"Microsoft","entity_id":"fac_im3_building_01318322073","entity_type":"facility","footprint_sqft":247201.0,"geography_assignment_method":"point_in_polygon","primary_county_fips":"19181","release_vintage":"2026.02.09","source_layer":"building","source_name":"Microsoft","source_operator":"Microsoft","source_record_id":"01318322073","source_ref":null,"source_reported_county_fipses":["19181"]},"type":"Feature"},{"geometry":{"coordinates":[-93.92440196315309,41.616851127761585],"type":"Point"},"id":"fac_im3_building_01318322780","properties":{"county_fipses":["19049"],"data_status":"provisional_source_record","display_name":"Apple","entity_id":"fac_im3_building_01318322780","entity_type":"facility","footprint_sqft":313804.0,"geography_assignment_method":"point_in_polygon","primary_county_fips":"19049","release_vintage":"2026.02.09","source_layer":"building","source_name":"Apple","source_operator":"Apple","source_record_id":"01318322780","source_ref":null,"source_reported_county_fipses":["19049"]},"type":"Feature"},{"geometry":{"coordinates":[-77.5495090011084,38.94986181026408],"type":"Point"},"id":"fac_im3_building_01319637945","properties":{"county_fipses":["51107"],"data_status":"provisional_source_record","display_name":"Unnamed IM3 building 01319637945","entity_id":"fac_im3_building_01319637945","entity_type":"facility","footprint_sqft":172204.0,"geography_assignment_method":"point_in_polygon","primary_county_fips":"51107","release_vintage":"2026.02.09","source_layer":"building","source_name":null,"source_operator":null,"source_record_id":"01319637945","source_ref":null,"source_reported_county_fipses":["51107"]},"type":"Feature"},{"geometry":{"coordinates":[-83.04586008454727,40.22452425388648],"type":"Point"},"id":"fac_im3_building_01319724559","properties":{"county_fipses":["39041"],"data_status":"provisional_source_record","display_name":"Unnamed IM3 building 01319724559","entity_id":"fac_im3_building_01319724559","entity_type":"facility","footprint_sqft":307645.0,"geography_assignment_method":"point_in_polygon","primary_county_fips":"39041","release_vintage":"2026.02.09","source_layer":"building","source_name":null,"source_operator":null,"source_record_id":"01319724559","source_ref":null,"source_reported_county_fipses":["39041"]},"type":"Feature"},{"geometry":{"coordinates":[-78.94369603285817,33.674583221801456],"type":"Point"},"id":"fac_im3_building_01320038649","properties":{"county_fipses":["45051"],"data_status":"provisional_source_record","display_name":"DC BLOX Myrtle Beach Cable Landing Station","entity_id":"fac_im3_building_01320038649","entity_type":"facility","footprint_sqft":91946.0,"geography_assignment_method":"point_in_polygon","primary_county_fips":"45051","release_vintage":"2026.02.09","source_layer":"building","source_name":"DC BLOX Myrtle Beach Cable Landing Station","source_operator":null,"source_record_id":"01320038649","source_ref":null,"source_reported_county_fipses":["45051"]},"type":"Feature"},{"geometry":{"coordinates":[-119.48330528884722,39.51151960465572],"type":"Point"},"id":"fac_im3_building_01320683840","properties":{"county_fipses":["32029"],"data_status":"provisional_source_record","display_name":"Unnamed IM3 building 01320683840","entity_id":"fac_im3_building_01320683840","entity_type":"facility","footprint_sqft":390893.0,"geography_assignment_method":"point_in_polygon","primary_county_fips":"32029","release_vintage":"2026.02.09","source_layer":"building","source_name":null,"source_operator":null,"source_record_id":"01320683840","source_ref":null,"source_reported_county_fipses":["32029"]},"type":"Feature"},{"geometry":{"coordinates":[-77.54975704380365,39.05842724907653],"type":"Point"},"id":"fac_im3_building_01333205262","properties":{"county_fipses":["51107"],"data_status":"provisional_source_record","display_name":"Unnamed IM3 building 01333205262","entity_id":"fac_im3_building_01333205262","entity_type":"facility","footprint_sqft":200169.0,"geography_assignment_method":"point_in_polygon","primary_county_fips":"51107","release_vintage":"2026.02.09","source_layer":"building","source_name":null,"source_operator":null,"source_record_id":"01333205262","source_ref":null,"source_reported_county_fipses":["51107"]},"type":"Feature"},{"geometry":{"coordinates":[-77.55856949362979,39.066015331021106],"type":"Point"},"id":"fac_im3_building_01333205263","properties":{"county_fipses":["51107"],"data_status":"provisional_source_record","display_name":"Unnamed IM3 building 01333205263","entity_id":"fac_im3_building_01333205263","entity_type":"facility","footprint_sqft":153155.0,"geography_assignment_method":"point_in_polygon","primary_county_fips":"51107","release_vintage":"2026.02.09","source_layer":"building","source_name":null,"source_operator":null,"source_record_id":"01333205263","source_ref":null,"source_reported_county_fipses":["51107"]},"type":"Feature"},{"geometry":{"coordinates":[-106.78246827061649,34.825823197722954],"type":"Point"},"id":"fac_im3_building_01340746574","properties":{"county_fipses":["35061"],"data_status":"provisional_source_record","display_name":"Meta","entity_id":"fac_im3_building_01340746574","entity_type":"facility","footprint_sqft":588461.0,"geography_assignment_method":"point_in_polygon","primary_county_fips":"35061","release_vintage":"2026.02.09","source_layer":"building","source_name":"Meta","source_operator":"Meta","source_record_id":"01340746574","source_ref":"5","source_reported_county_fipses":["35061"]},"type":"Feature"},{"geometry":{"coordinates":[-93.38712828955705,45.14371136905177],"type":"Point"},"id":"fac_im3_building_01343100173","properties":{"county_fipses":["27053"],"data_status":"provisional_source_record","display_name":"DataBank","entity_id":"fac_im3_building_01343100173","entity_type":"facility","footprint_sqft":114648.0,"geography_assignment_method":"point_in_polygon","primary_county_fips":"27053","release_vintage":"2026.02.09","source_layer":"building","source_name":"DataBank","source_operator":null,"source_record_id":"01343100173","source_ref":"MSP3","source_reported_county_fipses":["27053"]},"type":"Feature"},{"geometry":{"coordinates":[-119.81362252658953,47.25252755404145],"type":"Point"},"id":"fac_im3_building_01343760339","properties":{"county_fipses":["53025"],"data_status":"provisional_source_record","display_name":"Vantage WA13","entity_id":"fac_im3_building_01343760339","entity_type":"facility","footprint_sqft":252025.0,"geography_assignment_method":"point_in_polygon","primary_county_fips":"53025","release_vintage":"2026.02.09","source_layer":"building","source_name":"Vantage WA13","source_operator":null,"source_record_id":"01343760339","source_ref":null,"source_reported_county_fipses":["53025"]},"type":"Feature"},{"geometry":{"coordinates":[-119.86905124992496,47.243644913836484],"type":"Point"},"id":"fac_im3_building_01343761104","properties":{"county_fipses":["53025"],"data_status":"provisional_source_record","display_name":"Unnamed IM3 building 01343761104","entity_id":"fac_im3_building_01343761104","entity_type":"facility","footprint_sqft":119147.0,"geography_assignment_method":"point_in_polygon","primary_county_fips":"53025","release_vintage":"2026.02.09","source_layer":"building","source_name":null,"source_operator":null,"source_record_id":"01343761104","source_ref":null,"source_reported_county_fipses":["53025"]},"type":"Feature"},{"geometry":{"coordinates":[-77.42787142077401,38.92277280028818],"type":"Point"},"id":"fac_im3_building_01343764880","properties":{"county_fipses":["51059"],"data_status":"provisional_source_record","display_name":"Unnamed IM3 building 01343764880","entity_id":"fac_im3_building_01343764880","entity_type":"facility","footprint_sqft":135479.0,"geography_assignment_method":"point_in_polygon","primary_county_fips":"51059","release_vintage":"2026.02.09","source_layer":"building","source_name":null,"source_operator":null,"source_record_id":"01343764880","source_ref":null,"source_reported_county_fipses":["51059"]},"type":"Feature"},{"geometry":{"coordinates":[-77.42655352213022,38.921124573021366],"type":"Point"},"id":"fac_im3_building_01343764881","properties":{"county_fipses":["51059"],"data_status":"provisional_source_record","display_name":"Unnamed IM3 building 01343764881","entity_id":"fac_im3_building_01343764881","entity_type":"facility","footprint_sqft":130413.0,"geography_assignment_method":"point_in_polygon","primary_county_fips":"51059","release_vintage":"2026.02.09","source_layer":"building","source_name":null,"source_operator":null,"source_record_id":"01343764881","source_ref":null,"source_reported_county_fipses":["51059"]},"type":"Feature"},{"geometry":{"coordinates":[-77.42630675543383,38.9226915826871],"type":"Point"},"id":"fac_im3_building_01343764882","properties":{"county_fipses":["51059"],"data_status":"provisional_source_record","display_name":"Unnamed IM3 building 01343764882","entity_id":"fac_im3_building_01343764882","entity_type":"facility","footprint_sqft":132753.0,"geography_assignment_method":"point_in_polygon","primary_county_fips":"51059","release_vintage":"2026.02.09","source_layer":"building","source_name":null,"source_operator":null,"source_record_id":"01343764882","source_ref":null,"source_reported_county_fipses":["51059"]},"type":"Feature"},{"geometry":{"coordinates":[-98.63871379564972,29.450736236167327],"type":"Point"},"id":"fac_im3_building_01344369104","properties":{"county_fipses":["48029"],"data_status":"provisional_source_record","display_name":"Amazon","entity_id":"fac_im3_building_01344369104","entity_type":"facility","footprint_sqft":104910.0,"geography_assignment_method":"point_in_polygon","primary_county_fips":"48029","release_vintage":"2026.02.09","source_layer":"building","source_name":"Amazon","source_operator":null,"source_record_id":"01344369104","source_ref":null,"source_reported_county_fipses":["48029"]},"type":"Feature"},{"geometry":{"coordinates":[-98.788807852764,29.41845384292862],"type":"Point"},"id":"fac_im3_building_01344369111","properties":{"county_fipses":["48029"],"data_status":"provisional_source_record","display_name":"Unnamed IM3 building 01344369111","entity_id":"fac_im3_building_01344369111","entity_type":"facility","footprint_sqft":64212.0,"geography_assignment_method":"point_in_polygon","primary_county_fips":"48029","release_vintage":"2026.02.09","source_layer":"building","source_name":null,"source_operator":null,"source_record_id":"01344369111","source_ref":null,"source_reported_county_fipses":["48029"]},"type":"Feature"},{"geometry":{"coordinates":[-121.95626909177358,37.375755231047876],"type":"Point"},"id":"fac_im3_building_01344376231","properties":{"county_fipses":["06085"],"data_status":"provisional_source_record","display_name":"Csquare SFO4","entity_id":"fac_im3_building_01344376231","entity_type":"facility","footprint_sqft":32249.0,"geography_assignment_method":"point_in_polygon","primary_county_fips":"06085","release_vintage":"2026.02.09","source_layer":"building","source_name":"Csquare SFO4","source_operator":"Csquare","source_record_id":"01344376231","source_ref":"SFO4","source_reported_county_fipses":["06085"]},"type":"Feature"},{"geometry":{"coordinates":[-77.46077416535871,39.00044576934913],"type":"Point"},"id":"fac_im3_building_01344901567","properties":{"county_fipses":["51107"],"data_status":"provisional_source_record","display_name":"Unnamed IM3 building 01344901567","entity_id":"fac_im3_building_01344901567","entity_type":"facility","footprint_sqft":128835.0,"geography_assignment_method":"point_in_polygon","primary_county_fips":"51107","release_vintage":"2026.02.09","source_layer":"building","source_name":null,"source_operator":null,"source_record_id":"01344901567","source_ref":null,"source_reported_county_fipses":["51107"]},"type":"Feature"},{"geometry":{"coordinates":[-77.46086691565762,38.99911305239166],"type":"Point"},"id":"fac_im3_building_01344901568","properties":{"county_fipses":["51107"],"data_status":"provisional_source_record","display_name":"Unnamed IM3 building 01344901568","entity_id":"fac_im3_building_01344901568","entity_type":"facility","footprint_sqft":130571.0,"geography_assignment_method":"point_in_polygon","primary_county_fips":"51107","release_vintage":"2026.02.09","source_layer":"building","source_name":null,"source_operator":null,"source_record_id":"01344901568","source_ref":null,"source_reported_county_fipses":["51107"]},"type":"Feature"},{"geometry":{"coordinates":[-77.4302535156073,38.997958810114476],"type":"Point"},"id":"fac_im3_building_01344901575","properties":{"county_fipses":["51107"],"data_status":"provisional_source_record","display_name":"Vantage VA2","entity_id":"fac_im3_building_01344901575","entity_type":"facility","footprint_sqft":187488.0,"geography_assignment_method":"point_in_polygon","primary_county_fips":"51107","release_vintage":"2026.02.09","source_layer":"building","source_name":"Vantage VA2","source_operator":null,"source_record_id":"01344901575","source_ref":null,"source_reported_county_fipses":["51107"]},"type":"Feature"},{"geometry":{"coordinates":[-121.96595642250189,37.40729868242747],"type":"Point"},"id":"fac_im3_building_01351049826","properties":{"county_fipses":["06085"],"data_status":"provisional_source_record","display_name":"DataBank Santa Clara SFO1","entity_id":"fac_im3_building_01351049826","entity_type":"facility","footprint_sqft":26781.0,"geography_assignment_method":"point_in_polygon","primary_county_fips":"06085","release_vintage":"2026.02.09","source_layer":"building","source_name":"DataBank Santa Clara SFO1","source_operator":"DataBank","source_record_id":"01351049826","source_ref":"SFO1","source_reported_county_fipses":["06085"]},"type":"Feature"},{"geometry":{"coordinates":[-122.61593123751021,44.77521879334287],"type":"Point"},"id":"fac_im3_building_01365213539","properties":{"county_fipses":["41043"],"data_status":"provisional_source_record","display_name":"PTC","entity_id":"fac_im3_building_01365213539","entity_type":"facility","footprint_sqft":2521.0,"geography_assignment_method":"point_in_polygon","primary_county_fips":"41043","release_vintage":"2026.02.09","source_layer":"building","source_name":"PTC","source_operator":"Stayton Cooperative Telephone Company","source_record_id":"01365213539","source_ref":null,"source_reported_county_fipses":["41043"]},"type":"Feature"},{"geometry":{"coordinates":[-93.72031237839327,41.51586406763058],"type":"Point"},"id":"fac_im3_building_01368776076","properties":{"county_fipses":["19153"],"data_status":"provisional_source_record","display_name":"Unnamed IM3 building 01368776076","entity_id":"fac_im3_building_01368776076","entity_type":"facility","footprint_sqft":263940.0,"geography_assignment_method":"point_in_polygon","primary_county_fips":"19153","release_vintage":"2026.02.09","source_layer":"building","source_name":null,"source_operator":null,"source_record_id":"01368776076","source_ref":null,"source_reported_county_fipses":["19153"]},"type":"Feature"},{"geometry":{"coordinates":[-93.71976722360252,41.516863672550784],"type":"Point"},"id":"fac_im3_building_01368776077","properties":{"county_fipses":["19153"],"data_status":"provisional_source_record","display_name":"Unnamed IM3 building 01368776077","entity_id":"fac_im3_building_01368776077","entity_type":"facility","footprint_sqft":248069.0,"geography_assignment_method":"point_in_polygon","primary_county_fips":"19153","release_vintage":"2026.02.09","source_layer":"building","source_name":null,"source_operator":null,"source_record_id":"01368776077","source_ref":null,"source_reported_county_fipses":["19153"]},"type":"Feature"},{"geometry":{"coordinates":[-93.9973760190651,39.74404823646494],"type":"Point"},"id":"fac_im3_building_01371348227","properties":{"county_fipses":["29025"],"data_status":"provisional_source_record","display_name":"CenturyLink","entity_id":"fac_im3_building_01371348227","entity_type":"facility","footprint_sqft":1433.0,"geography_assignment_method":"point_in_polygon","primary_county_fips":"29025","release_vintage":"2026.02.09","source_layer":"building","source_name":"CenturyLink","source_operator":null,"source_record_id":"01371348227","source_ref":null,"source_reported_county_fipses":["29025"]},"type":"Feature"},{"geometry":{"coordinates":[-111.67808965639534,33.35323014577916],"type":"Point"},"id":"fac_im3_building_01372772726","properties":{"county_fipses":["04013"],"data_status":"provisional_source_record","display_name":"Unnamed IM3 building 01372772726","entity_id":"fac_im3_building_01372772726","entity_type":"facility","footprint_sqft":241211.0,"geography_assignment_method":"point_in_polygon","primary_county_fips":"04013","release_vintage":"2026.02.09","source_layer":"building","source_name":null,"source_operator":null,"source_record_id":"01372772726","source_ref":null,"source_reported_county_fipses":["04013"]},"type":"Feature"},{"geometry":{"coordinates":[-119.34163563129185,45.87953253861672],"type":"Point"},"id":"fac_im3_building_01374895921","properties":{"county_fipses":["41059"],"data_status":"provisional_source_record","display_name":"Amazon Web Services","entity_id":"fac_im3_building_01374895921","entity_type":"facility","footprint_sqft":218723.0,"geography_assignment_method":"point_in_polygon","primary_county_fips":"41059","release_vintage":"2026.02.09","source_layer":"building","source_name":"Amazon Web Services","source_operator":"Amazon Web Services","source_record_id":"01374895921","source_ref":null,"source_reported_county_fipses":["41059"]},"type":"Feature"},{"geometry":{"coordinates":[-119.3396900641125,45.88252484149941],"type":"Point"},"id":"fac_im3_building_01374895922","properties":{"county_fipses":["41059"],"data_status":"provisional_source_record","display_name":"Amazon Web Services","entity_id":"fac_im3_building_01374895922","entity_type":"facility","footprint_sqft":218708.0,"geography_assignment_method":"point_in_polygon","primary_county_fips":"41059","release_vintage":"2026.02.09","source_layer":"building","source_name":"Amazon Web Services","source_operator":"Amazon Web Services","source_record_id":"01374895922","source_ref":null,"source_reported_county_fipses":["41059"]},"type":"Feature"},{"geometry":{"coordinates":[-82.76269811748983,40.05924761990545],"type":"Point"},"id":"fac_im3_building_01375443893","properties":{"county_fipses":["39089"],"data_status":"provisional_source_record","display_name":"Unnamed IM3 building 01375443893","entity_id":"fac_im3_building_01375443893","entity_type":"facility","footprint_sqft":95190.0,"geography_assignment_method":"point_in_polygon","primary_county_fips":"39089","release_vintage":"2026.02.09","source_layer":"building","source_name":null,"source_operator":null,"source_record_id":"01375443893","source_ref":null,"source_reported_county_fipses":["39089"]},"type":"Feature"},{"geometry":{"coordinates":[-93.86343863715007,41.53391629522377],"type":"Point"},"id":"fac_im3_building_01375475071","properties":{"county_fipses":["19049"],"data_status":"provisional_source_record","display_name":"Microsoft","entity_id":"fac_im3_building_01375475071","entity_type":"facility","footprint_sqft":250490.0,"geography_assignment_method":"point_in_polygon","primary_county_fips":"19049","release_vintage":"2026.02.09","source_layer":"building","source_name":"Microsoft","source_operator":"Microsoft","source_record_id":"01375475071","source_ref":null,"source_reported_county_fipses":["19049"]},"type":"Feature"},{"geometry":{"coordinates":[-93.86346169206517,41.53283774495582],"type":"Point"},"id":"fac_im3_building_01375475072","properties":{"county_fipses":["19049"],"data_status":"provisional_source_record","display_name":"Microsoft","entity_id":"fac_im3_building_01375475072","entity_type":"facility","footprint_sqft":250494.0,"geography_assignment_method":"point_in_polygon","primary_county_fips":"19049","release_vintage":"2026.02.09","source_layer":"building","source_name":"Microsoft","source_operator":"Microsoft","source_record_id":"01375475072","source_ref":null,"source_reported_county_fipses":["19049"]},"type":"Feature"},{"geometry":{"coordinates":[-93.86344214206296,41.53181414495484],"type":"Point"},"id":"fac_im3_building_01375475073","properties":{"county_fipses":["19049"],"data_status":"provisional_source_record","display_name":"Microsoft","entity_id":"fac_im3_building_01375475073","entity_type":"facility","footprint_sqft":250498.0,"geography_assignment_method":"point_in_polygon","primary_county_fips":"19049","release_vintage":"2026.02.09","source_layer":"building","source_name":"Microsoft","source_operator":"Microsoft","source_record_id":"01375475073","source_ref":null,"source_reported_county_fipses":["19049"]},"type":"Feature"},{"geometry":{"coordinates":[-115.14314455000994,36.168643800000766],"type":"Point"},"id":"fac_im3_building_01379421123","properties":{"county_fipses":["32003"],"data_status":"provisional_source_record","display_name":"Flexential Las Vegas - Downtown","entity_id":"fac_im3_building_01379421123","entity_type":"facility","footprint_sqft":439.0,"geography_assignment_method":"point_in_polygon","primary_county_fips":"32003","release_vintage":"2026.02.09","source_layer":"building","source_name":"Flexential Las Vegas - Downtown","source_operator":"Flexential","source_record_id":"01379421123","source_ref":null,"source_reported_county_fipses":["32003"]},"type":"Feature"},{"geometry":{"coordinates":[-77.82624892405599,38.73721263324728],"type":"Point"},"id":"fac_im3_building_01380114462","properties":{"county_fipses":["51061"],"data_status":"provisional_source_record","display_name":"Unnamed IM3 building 01380114462","entity_id":"fac_im3_building_01380114462","entity_type":"facility","footprint_sqft":59703.0,"geography_assignment_method":"point_in_polygon","primary_county_fips":"51061","release_vintage":"2026.02.09","source_layer":"building","source_name":null,"source_operator":null,"source_record_id":"01380114462","source_ref":null,"source_reported_county_fipses":["51061"]},"type":"Feature"},{"geometry":{"coordinates":[-77.82580618898835,38.73822200703171],"type":"Point"},"id":"fac_im3_building_01380114463","properties":{"county_fipses":["51061"],"data_status":"provisional_source_record","display_name":"Unnamed IM3 building 01380114463","entity_id":"fac_im3_building_01380114463","entity_type":"facility","footprint_sqft":107125.0,"geography_assignment_method":"point_in_polygon","primary_county_fips":"51061","release_vintage":"2026.02.09","source_layer":"building","source_name":null,"source_operator":null,"source_record_id":"01380114463","source_ref":null,"source_reported_county_fipses":["51061"]},"type":"Feature"},{"geometry":{"coordinates":[-90.15645222216364,35.05996022239821],"type":"Point"},"id":"fac_im3_building_01381264361","properties":{"county_fipses":["47157"],"data_status":"provisional_source_record","display_name":"xAI Colossus","entity_id":"fac_im3_building_01381264361","entity_type":"facility","footprint_sqft":776966.0,"geography_assignment_method":"point_in_polygon","primary_county_fips":"47157","release_vintage":"2026.02.09","source_layer":"building","source_name":"xAI Colossus","source_operator":null,"source_record_id":"01381264361","source_ref":null,"source_reported_county_fipses":["47157"]},"type":"Feature"},{"geometry":{"coordinates":[-77.47199251742943,39.002357506539106],"type":"Point"},"id":"fac_im3_building_01381994242","properties":{"county_fipses":["51107"],"data_status":"provisional_source_record","display_name":"CloudHQ","entity_id":"fac_im3_building_01381994242","entity_type":"facility","footprint_sqft":460596.0,"geography_assignment_method":"point_in_polygon","primary_county_fips":"51107","release_vintage":"2026.02.09","source_layer":"building","source_name":null,"source_operator":"CloudHQ","source_record_id":"01381994242","source_ref":"LC4","source_reported_county_fipses":["51107"]},"type":"Feature"},{"geometry":{"coordinates":[-81.80215430324107,41.44246938202044],"type":"Point"},"id":"fac_im3_building_01382205749","properties":{"county_fipses":["39035"],"data_status":"provisional_source_record","display_name":"T5@Cleveland","entity_id":"fac_im3_building_01382205749","entity_type":"facility","footprint_sqft":244723.0,"geography_assignment_method":"point_in_polygon","primary_county_fips":"39035","release_vintage":"2026.02.09","source_layer":"building","source_name":"T5@Cleveland","source_operator":"T5 Data Centers","source_record_id":"01382205749","source_ref":null,"source_reported_county_fipses":["39035"]},"type":"Feature"},{"geometry":{"coordinates":[-73.98965093105873,41.0399432449328],"type":"Point"},"id":"fac_im3_building_01383913490","properties":{"county_fipses":["36087"],"data_status":"provisional_source_record","display_name":"Databank LGA3","entity_id":"fac_im3_building_01383913490","entity_type":"facility","footprint_sqft":197452.0,"geography_assignment_method":"point_in_polygon","primary_county_fips":"36087","release_vintage":"2026.02.09","source_layer":"building","source_name":"Databank LGA3","source_operator":"Databank","source_record_id":"01383913490","source_ref":null,"source_reported_county_fipses":["36087"]},"type":"Feature"},{"geometry":{"coordinates":[-74.06535725613013,40.784903830537054],"type":"Point"},"id":"fac_im3_building_01383916144","properties":{"county_fipses":["34017"],"data_status":"provisional_source_record","display_name":"CoreSite NY3","entity_id":"fac_im3_building_01383916144","entity_type":"facility","footprint_sqft":39679.0,"geography_assignment_method":"point_in_polygon","primary_county_fips":"34017","release_vintage":"2026.02.09","source_layer":"building","source_name":"CoreSite NY3","source_operator":"CoreSite","source_record_id":"01383916144","source_ref":"NY3","source_reported_county_fipses":["34017"]},"type":"Feature"},{"geometry":{"coordinates":[-82.75012924483033,40.10242869167073],"type":"Point"},"id":"fac_im3_building_01386016627","properties":{"county_fipses":["39089"],"data_status":"provisional_source_record","display_name":"Amazon Web Services","entity_id":"fac_im3_building_01386016627","entity_type":"facility","footprint_sqft":213519.0,"geography_assignment_method":"point_in_polygon","primary_county_fips":"39089","release_vintage":"2026.02.09","source_layer":"building","source_name":"Amazon Web Services","source_operator":"Amazon Web Services","source_record_id":"01386016627","source_ref":null,"source_reported_county_fipses":["39089"]},"type":"Feature"},{"geometry":{"coordinates":[-82.75191229497905,40.10197816995511],"type":"Point"},"id":"fac_im3_building_01386016628","properties":{"county_fipses":["39089"],"data_status":"provisional_source_record","display_name":"Amazon Web Services","entity_id":"fac_im3_building_01386016628","entity_type":"facility","footprint_sqft":125656.0,"geography_assignment_method":"point_in_polygon","primary_county_fips":"39089","release_vintage":"2026.02.09","source_layer":"building","source_name":"Amazon Web Services","source_operator":"Amazon Web Services","source_record_id":"01386016628","source_ref":null,"source_reported_county_fipses":["39089"]},"type":"Feature"},{"geometry":{"coordinates":[-82.73211149672552,40.09421858757698],"type":"Point"},"id":"fac_im3_building_01386016629","properties":{"county_fipses":["39089"],"data_status":"provisional_source_record","display_name":"Amazon Web Services","entity_id":"fac_im3_building_01386016629","entity_type":"facility","footprint_sqft":213118.0,"geography_assignment_method":"point_in_polygon","primary_county_fips":"39089","release_vintage":"2026.02.09","source_layer":"building","source_name":"Amazon Web Services","source_operator":"Amazon Web Services","source_record_id":"01386016629","source_ref":null,"source_reported_county_fipses":["39089"]},"type":"Feature"},{"geometry":{"coordinates":[-82.72928126568107,40.09437825776618],"type":"Point"},"id":"fac_im3_building_01386016630","properties":{"county_fipses":["39089"],"data_status":"provisional_source_record","display_name":"Amazon Web Services","entity_id":"fac_im3_building_01386016630","entity_type":"facility","footprint_sqft":72426.0,"geography_assignment_method":"point_in_polygon","primary_county_fips":"39089","release_vintage":"2026.02.09","source_layer":"building","source_name":"Amazon Web Services","source_operator":"Amazon Web Services","source_record_id":"01386016630","source_ref":null,"source_reported_county_fipses":["39089"]},"type":"Feature"},{"geometry":{"coordinates":[-82.73200435141196,40.0955017340038],"type":"Point"},"id":"fac_im3_building_01386016631","properties":{"county_fipses":["39089"],"data_status":"provisional_source_record","display_name":"Amazon Web Services","entity_id":"fac_im3_building_01386016631","entity_type":"facility","footprint_sqft":211441.0,"geography_assignment_method":"point_in_polygon","primary_county_fips":"39089","release_vintage":"2026.02.09","source_layer":"building","source_name":"Amazon Web Services","source_operator":"Amazon Web Services","source_record_id":"01386016631","source_ref":null,"source_reported_county_fipses":["39089"]},"type":"Feature"},{"geometry":{"coordinates":[-82.772048580204,40.05652000741912],"type":"Point"},"id":"fac_im3_building_01386016632","properties":{"county_fipses":["39049"],"data_status":"provisional_source_record","display_name":"Google NBY-5","entity_id":"fac_im3_building_01386016632","entity_type":"facility","footprint_sqft":287008.0,"geography_assignment_method":"point_in_polygon","primary_county_fips":"39049","release_vintage":"2026.02.09","source_layer":"building","source_name":"Google NBY-5","source_operator":"Google","source_record_id":"01386016632","source_ref":null,"source_reported_county_fipses":["39049"]},"type":"Feature"},{"geometry":{"coordinates":[-82.76761078944944,40.05392734996134],"type":"Point"},"id":"fac_im3_building_01386016633","properties":{"county_fipses":["39049","39089"],"data_status":"provisional_source_record","display_name":"Google NBY-6","entity_id":"fac_im3_building_01386016633","entity_type":"facility","footprint_sqft":287583.0,"geography_assignment_method":"geometry_intersection","primary_county_fips":"39049","release_vintage":"2026.02.09","source_layer":"building","source_name":"Google NBY-6","source_operator":"Google","source_record_id":"01386016633","source_ref":null,"source_reported_county_fipses":["39049","39089"]},"type":"Feature"},{"geometry":{"coordinates":[-82.74054460541299,40.06149628180154],"type":"Point"},"id":"fac_im3_building_01386016634","properties":{"county_fipses":["39089"],"data_status":"provisional_source_record","display_name":"Meta","entity_id":"fac_im3_building_01386016634","entity_type":"facility","footprint_sqft":365548.0,"geography_assignment_method":"point_in_polygon","primary_county_fips":"39089","release_vintage":"2026.02.09","source_layer":"building","source_name":"Meta","source_operator":"Meta","source_record_id":"01386016634","source_ref":null,"source_reported_county_fipses":["39089"]},"type":"Feature"},{"geometry":{"coordinates":[-82.74114938512078,40.065239403615855],"type":"Point"},"id":"fac_im3_building_01386016635","properties":{"county_fipses":["39089"],"data_status":"provisional_source_record","display_name":"Meta","entity_id":"fac_im3_building_01386016635","entity_type":"facility","footprint_sqft":304109.0,"geography_assignment_method":"point_in_polygon","primary_county_fips":"39089","release_vintage":"2026.02.09","source_layer":"building","source_name":"Meta","source_operator":"Meta","source_record_id":"01386016635","source_ref":null,"source_reported_county_fipses":["39089"]},"type":"Feature"},{"geometry":{"coordinates":[-83.21264447651147,40.13579696334773],"type":"Point"},"id":"fac_im3_building_01386016636","properties":{"county_fipses":["39159"],"data_status":"provisional_source_record","display_name":"Amazon Web Services","entity_id":"fac_im3_building_01386016636","entity_type":"facility","footprint_sqft":210421.0,"geography_assignment_method":"point_in_polygon","primary_county_fips":"39159","release_vintage":"2026.02.09","source_layer":"building","source_name":"Amazon Web Services","source_operator":"Amazon Web Services","source_record_id":"01386016636","source_ref":null,"source_reported_county_fipses":["39159"]},"type":"Feature"},{"geometry":{"coordinates":[-83.19930886076622,40.12007223395813],"type":"Point"},"id":"fac_im3_building_01386016637","properties":{"county_fipses":["39159"],"data_status":"provisional_source_record","display_name":"Amazon Web Services","entity_id":"fac_im3_building_01386016637","entity_type":"facility","footprint_sqft":156855.0,"geography_assignment_method":"point_in_polygon","primary_county_fips":"39159","release_vintage":"2026.02.09","source_layer":"building","source_name":"Amazon Web Services","source_operator":"Amazon Web Services","source_record_id":"01386016637","source_ref":null,"source_reported_county_fipses":["39159"]},"type":"Feature"},{"geometry":{"coordinates":[-83.20321748466178,40.11930148042772],"type":"Point"},"id":"fac_im3_building_01386016638","properties":{"county_fipses":["39159"],"data_status":"provisional_source_record","display_name":"Amazon Web Services","entity_id":"fac_im3_building_01386016638","entity_type":"facility","footprint_sqft":211969.0,"geography_assignment_method":"point_in_polygon","primary_county_fips":"39159","release_vintage":"2026.02.09","source_layer":"building","source_name":"Amazon Web Services","source_operator":"Amazon Web Services","source_record_id":"01386016638","source_ref":null,"source_reported_county_fipses":["39159"]},"type":"Feature"},{"geometry":{"coordinates":[-83.20252284370741,40.11811210088951],"type":"Point"},"id":"fac_im3_building_01386016639","properties":{"county_fipses":["39159"],"data_status":"provisional_source_record","display_name":"Amazon Web Services","entity_id":"fac_im3_building_01386016639","entity_type":"facility","footprint_sqft":216190.0,"geography_assignment_method":"point_in_polygon","primary_county_fips":"39159","release_vintage":"2026.02.09","source_layer":"building","source_name":"Amazon Web Services","source_operator":"Amazon Web Services","source_record_id":"01386016639","source_ref":null,"source_reported_county_fipses":["39159"]},"type":"Feature"},{"geometry":{"coordinates":[-83.17552394889911,40.05017566216084],"type":"Point"},"id":"fac_im3_building_01386016640","properties":{"county_fipses":["39049"],"data_status":"provisional_source_record","display_name":"Amazon Web Services","entity_id":"fac_im3_building_01386016640","entity_type":"facility","footprint_sqft":214085.0,"geography_assignment_method":"point_in_polygon","primary_county_fips":"39049","release_vintage":"2026.02.09","source_layer":"building","source_name":"Amazon Web Services","source_operator":"Amazon Web Services","source_record_id":"01386016640","source_ref":null,"source_reported_county_fipses":["39049"]},"type":"Feature"},{"geometry":{"coordinates":[-83.17571627041164,40.05152799488423],"type":"Point"},"id":"fac_im3_building_01386016641","properties":{"county_fipses":["39049"],"data_status":"provisional_source_record","display_name":"Amazon Web Services","entity_id":"fac_im3_building_01386016641","entity_type":"facility","footprint_sqft":211155.0,"geography_assignment_method":"point_in_polygon","primary_county_fips":"39049","release_vintage":"2026.02.09","source_layer":"building","source_name":"Amazon Web Services","source_operator":"Amazon Web Services","source_record_id":"01386016641","source_ref":null,"source_reported_county_fipses":["39049"]},"type":"Feature"},{"geometry":{"coordinates":[-83.12585830529049,40.01641808152992],"type":"Point"},"id":"fac_im3_building_01386016642","properties":{"county_fipses":["39049"],"data_status":"provisional_source_record","display_name":"Amazon Web Services","entity_id":"fac_im3_building_01386016642","entity_type":"facility","footprint_sqft":212842.0,"geography_assignment_method":"point_in_polygon","primary_county_fips":"39049","release_vintage":"2026.02.09","source_layer":"building","source_name":"Amazon Web Services","source_operator":"Amazon Web Services","source_record_id":"01386016642","source_ref":null,"source_reported_county_fipses":["39049"]},"type":"Feature"},{"geometry":{"coordinates":[-83.12602357320513,40.02101728573019],"type":"Point"},"id":"fac_im3_building_01386016643","properties":{"county_fipses":["39049"],"data_status":"provisional_source_record","display_name":"Amazon Web Services","entity_id":"fac_im3_building_01386016643","entity_type":"facility","footprint_sqft":217920.0,"geography_assignment_method":"point_in_polygon","primary_county_fips":"39049","release_vintage":"2026.02.09","source_layer":"building","source_name":"Amazon Web Services","source_operator":"Amazon Web Services","source_record_id":"01386016643","source_ref":null,"source_reported_county_fipses":["39049"]},"type":"Feature"},{"geometry":{"coordinates":[-119.61966295645043,45.85173142305967],"type":"Point"},"id":"fac_im3_building_01386017490","properties":{"county_fipses":["41049"],"data_status":"provisional_source_record","display_name":"Amazon Web Services","entity_id":"fac_im3_building_01386017490","entity_type":"facility","footprint_sqft":214042.0,"geography_assignment_method":"point_in_polygon","primary_county_fips":"41049","release_vintage":"2026.02.09","source_layer":"building","source_name":"Amazon Web Services","source_operator":"Amazon Web Services","source_record_id":"01386017490","source_ref":null,"source_reported_county_fipses":["41049"]},"type":"Feature"},{"geometry":{"coordinates":[-119.61968497991583,45.85310039256019],"type":"Point"},"id":"fac_im3_building_01386017491","properties":{"county_fipses":["41049"],"data_status":"provisional_source_record","display_name":"Amazon Web Services","entity_id":"fac_im3_building_01386017491","entity_type":"facility","footprint_sqft":210337.0,"geography_assignment_method":"point_in_polygon","primary_county_fips":"41049","release_vintage":"2026.02.09","source_layer":"building","source_name":"Amazon Web Services","source_operator":"Amazon Web Services","source_record_id":"01386017491","source_ref":null,"source_reported_county_fipses":["41049"]},"type":"Feature"},{"geometry":{"coordinates":[-119.63200543136975,45.81870682167566],"type":"Point"},"id":"fac_im3_building_01386017492","properties":{"county_fipses":["41049"],"data_status":"provisional_source_record","display_name":"Amazon Web Services","entity_id":"fac_im3_building_01386017492","entity_type":"facility","footprint_sqft":210662.0,"geography_assignment_method":"point_in_polygon","primary_county_fips":"41049","release_vintage":"2026.02.09","source_layer":"building","source_name":"Amazon Web Services","source_operator":"Amazon Web Services","source_record_id":"01386017492","source_ref":null,"source_reported_county_fipses":["41049"]},"type":"Feature"},{"geometry":{"coordinates":[-119.63626874113693,45.8186963213564],"type":"Point"},"id":"fac_im3_building_01386017493","properties":{"county_fipses":["41049"],"data_status":"provisional_source_record","display_name":"Amazon Web Services","entity_id":"fac_im3_building_01386017493","entity_type":"facility","footprint_sqft":215555.0,"geography_assignment_method":"point_in_polygon","primary_county_fips":"41049","release_vintage":"2026.02.09","source_layer":"building","source_name":"Amazon Web Services","source_operator":"Amazon Web Services","source_record_id":"01386017493","source_ref":null,"source_reported_county_fipses":["41049"]},"type":"Feature"},{"geometry":{"coordinates":[-119.6362869627198,45.819956584120796],"type":"Point"},"id":"fac_im3_building_01386017494","properties":{"county_fipses":["41049"],"data_status":"provisional_source_record","display_name":"Amazon Web Services","entity_id":"fac_im3_building_01386017494","entity_type":"facility","footprint_sqft":209033.0,"geography_assignment_method":"point_in_polygon","primary_county_fips":"41049","release_vintage":"2026.02.09","source_layer":"building","source_name":"Amazon Web Services","source_operator":"Amazon Web Services","source_record_id":"01386017494","source_ref":null,"source_reported_county_fipses":["41049"]},"type":"Feature"},{"geometry":{"coordinates":[-119.26861513231998,45.80963737114029],"type":"Point"},"id":"fac_im3_building_01386017495","properties":{"county_fipses":["41059"],"data_status":"provisional_source_record","display_name":"Amazon Web Services","entity_id":"fac_im3_building_01386017495","entity_type":"facility","footprint_sqft":211502.0,"geography_assignment_method":"point_in_polygon","primary_county_fips":"41059","release_vintage":"2026.02.09","source_layer":"building","source_name":"Amazon Web Services","source_operator":"Amazon Web Services","source_record_id":"01386017495","source_ref":null,"source_reported_county_fipses":["41059"]},"type":"Feature"},{"geometry":{"coordinates":[-119.26861305271855,45.808273447298724],"type":"Point"},"id":"fac_im3_building_01386017496","properties":{"county_fipses":["41059"],"data_status":"provisional_source_record","display_name":"Amazon Web Services","entity_id":"fac_im3_building_01386017496","entity_type":"facility","footprint_sqft":212806.0,"geography_assignment_method":"point_in_polygon","primary_county_fips":"41059","release_vintage":"2026.02.09","source_layer":"building","source_name":"Amazon Web Services","source_operator":"Amazon Web Services","source_record_id":"01386017496","source_ref":null,"source_reported_county_fipses":["41059"]},"type":"Feature"},{"geometry":{"coordinates":[-119.36173272155504,45.79902106441417],"type":"Point"},"id":"fac_im3_building_01386017497","properties":{"county_fipses":["41059"],"data_status":"provisional_source_record","display_name":"Amazon Web Services","entity_id":"fac_im3_building_01386017497","entity_type":"facility","footprint_sqft":215405.0,"geography_assignment_method":"point_in_polygon","primary_county_fips":"41059","release_vintage":"2026.02.09","source_layer":"building","source_name":"Amazon Web Services","source_operator":"Amazon Web Services","source_record_id":"01386017497","source_ref":null,"source_reported_county_fipses":["41059"]},"type":"Feature"},{"geometry":{"coordinates":[-119.35844453136586,45.799686801643226],"type":"Point"},"id":"fac_im3_building_01386017498","properties":{"county_fipses":["41059"],"data_status":"provisional_source_record","display_name":"Amazon Web Services","entity_id":"fac_im3_building_01386017498","entity_type":"facility","footprint_sqft":13837.0,"geography_assignment_method":"point_in_polygon","primary_county_fips":"41059","release_vintage":"2026.02.09","source_layer":"building","source_name":"Amazon Web Services","source_operator":"Amazon Web Services","source_record_id":"01386017498","source_ref":null,"source_reported_county_fipses":["41059"]},"type":"Feature"},{"geometry":{"coordinates":[-119.3589196247444,45.79773907760564],"type":"Point"},"id":"fac_im3_building_01386017499","properties":{"county_fipses":["41059"],"data_status":"provisional_source_record","display_name":"Amazon Web Services","entity_id":"fac_im3_building_01386017499","entity_type":"facility","footprint_sqft":13867.0,"geography_assignment_method":"point_in_polygon","primary_county_fips":"41059","release_vintage":"2026.02.09","source_layer":"building","source_name":"Amazon Web Services","source_operator":"Amazon Web Services","source_record_id":"01386017499","source_ref":null,"source_reported_county_fipses":["41059"]},"type":"Feature"},{"geometry":{"coordinates":[-104.89701277770264,41.12439345701424],"type":"Point"},"id":"fac_im3_building_01386017500","properties":{"county_fipses":["56021"],"data_status":"provisional_source_record","display_name":"CYS41 Datacenter","entity_id":"fac_im3_building_01386017500","entity_type":"facility","footprint_sqft":46211.0,"geography_assignment_method":"point_in_polygon","primary_county_fips":"56021","release_vintage":"2026.02.09","source_layer":"building","source_name":"CYS41 Datacenter","source_operator":"Microsoft","source_record_id":"01386017500","source_ref":null,"source_reported_county_fipses":["56021"]},"type":"Feature"},{"geometry":{"coordinates":[-104.90891013785874,41.12538272388359],"type":"Point"},"id":"fac_im3_building_01386017501","properties":{"county_fipses":["56021"],"data_status":"provisional_source_record","display_name":"CYS42 Datacenter","entity_id":"fac_im3_building_01386017501","entity_type":"facility","footprint_sqft":60368.0,"geography_assignment_method":"point_in_polygon","primary_county_fips":"56021","release_vintage":"2026.02.09","source_layer":"building","source_name":"CYS42 Datacenter","source_operator":"Microsoft","source_record_id":"01386017501","source_ref":null,"source_reported_county_fipses":["56021"]},"type":"Feature"},{"geometry":{"coordinates":[-90.03486737827305,34.997983048006375],"type":"Point"},"id":"fac_im3_building_01386926534","properties":{"county_fipses":["47157"],"data_status":"provisional_source_record","display_name":"xAI Macrohard Colossus 2","entity_id":"fac_im3_building_01386926534","entity_type":"facility","footprint_sqft":961601.0,"geography_assignment_method":"point_in_polygon","primary_county_fips":"47157","release_vintage":"2026.02.09","source_layer":"building","source_name":"xAI Macrohard Colossus 2","source_operator":"xAI","source_record_id":"01386926534","source_ref":null,"source_reported_county_fipses":["47157"]},"type":"Feature"},{"geometry":{"coordinates":[-95.51241664405323,35.56813484793012],"type":"Point"},"id":"fac_im3_building_01387080629","properties":{"county_fipses":["40101"],"data_status":"provisional_source_record","display_name":"Unnamed IM3 building 01387080629","entity_id":"fac_im3_building_01387080629","entity_type":"facility","footprint_sqft":112466.0,"geography_assignment_method":"point_in_polygon","primary_county_fips":"40101","release_vintage":"2026.02.09","source_layer":"building","source_name":null,"source_operator":null,"source_record_id":"01387080629","source_ref":null,"source_reported_county_fipses":["40101"]},"type":"Feature"},{"geometry":{"coordinates":[-77.53799755610363,39.04424691818141],"type":"Point"},"id":"fac_im3_building_01387391201","properties":{"county_fipses":["51107"],"data_status":"provisional_source_record","display_name":"TikTok Data Center","entity_id":"fac_im3_building_01387391201","entity_type":"facility","footprint_sqft":169768.0,"geography_assignment_method":"point_in_polygon","primary_county_fips":"51107","release_vintage":"2026.02.09","source_layer":"building","source_name":"TikTok Data Center","source_operator":"True North Data Solutions","source_record_id":"01387391201","source_ref":null,"source_reported_county_fipses":["51107"]},"type":"Feature"},{"geometry":{"coordinates":[-93.09562181940242,45.13219704691406],"type":"Point"},"id":"fac_im3_building_01391966326","properties":{"county_fipses":["27003"],"data_status":"provisional_source_record","display_name":"Encompass Minneapolis Facility","entity_id":"fac_im3_building_01391966326","entity_type":"facility","footprint_sqft":74101.0,"geography_assignment_method":"point_in_polygon","primary_county_fips":"27003","release_vintage":"2026.02.09","source_layer":"building","source_name":"Encompass Minneapolis Facility","source_operator":"Encompass","source_record_id":"01391966326","source_ref":null,"source_reported_county_fipses":["27003"]},"type":"Feature"},{"geometry":{"coordinates":[-94.86018510466296,38.939199687290184],"type":"Point"},"id":"fac_im3_building_01392657385","properties":{"county_fipses":["20091"],"data_status":"provisional_source_record","display_name":"Unnamed IM3 building 01392657385","entity_id":"fac_im3_building_01392657385","entity_type":"facility","footprint_sqft":86525.0,"geography_assignment_method":"point_in_polygon","primary_county_fips":"20091","release_vintage":"2026.02.09","source_layer":"building","source_name":null,"source_operator":null,"source_record_id":"01392657385","source_ref":null,"source_reported_county_fipses":["20091"]},"type":"Feature"},{"geometry":{"coordinates":[-83.12742344787743,40.05267287889233],"type":"Point"},"id":"fac_im3_building_01411056682","properties":{"county_fipses":["39049"],"data_status":"provisional_source_record","display_name":"Oppidan","entity_id":"fac_im3_building_01411056682","entity_type":"facility","footprint_sqft":89315.0,"geography_assignment_method":"point_in_polygon","primary_county_fips":"39049","release_vintage":"2026.02.09","source_layer":"building","source_name":null,"source_operator":"Oppidan","source_record_id":"01411056682","source_ref":null,"source_reported_county_fipses":["39049"]},"type":"Feature"},{"geometry":{"coordinates":[-105.61048019591456,44.18923686731807],"type":"Point"},"id":"fac_im3_building_01414729942","properties":{"county_fipses":["56005"],"data_status":"provisional_source_record","display_name":"Unnamed IM3 building 01414729942","entity_id":"fac_im3_building_01414729942","entity_type":"facility","footprint_sqft":5975.0,"geography_assignment_method":"point_in_polygon","primary_county_fips":"56005","release_vintage":"2026.02.09","source_layer":"building","source_name":null,"source_operator":null,"source_record_id":"01414729942","source_ref":null,"source_reported_county_fipses":["56005"]},"type":"Feature"},{"geometry":{"coordinates":[-105.82064474453561,46.40689745786043],"type":"Point"},"id":"fac_im3_building_01417637306","properties":{"county_fipses":["30017"],"data_status":"provisional_source_record","display_name":"State of Montana Data Center","entity_id":"fac_im3_building_01417637306","entity_type":"facility","footprint_sqft":8493.0,"geography_assignment_method":"point_in_polygon","primary_county_fips":"30017","release_vintage":"2026.02.09","source_layer":"building","source_name":"State of Montana Data Center","source_operator":"State of Montana","source_record_id":"01417637306","source_ref":null,"source_reported_county_fipses":["30017"]},"type":"Feature"},{"geometry":{"coordinates":[-115.22204498756159,36.065207561022845],"type":"Point"},"id":"fac_im3_building_01421212901","properties":{"county_fipses":["32003"],"data_status":"provisional_source_record","display_name":"Switch Las Vegas 14","entity_id":"fac_im3_building_01421212901","entity_type":"facility","footprint_sqft":223997.0,"geography_assignment_method":"point_in_polygon","primary_county_fips":"32003","release_vintage":"2026.02.09","source_layer":"building","source_name":"Switch Las Vegas 14","source_operator":"Switch","source_record_id":"01421212901","source_ref":null,"source_reported_county_fipses":["32003"]},"type":"Feature"},{"geometry":{"coordinates":[-96.08466909067687,41.339141584175756],"type":"Point"},"id":"fac_im3_building_01422101108","properties":{"county_fipses":["31055"],"data_status":"provisional_source_record","display_name":"Google","entity_id":"fac_im3_building_01422101108","entity_type":"facility","footprint_sqft":290161.0,"geography_assignment_method":"point_in_polygon","primary_county_fips":"31055","release_vintage":"2026.02.09","source_layer":"building","source_name":"Google","source_operator":"Google","source_record_id":"01422101108","source_ref":null,"source_reported_county_fipses":["31055"]},"type":"Feature"},{"geometry":{"coordinates":[-96.08771931019497,41.34193880105854],"type":"Point"},"id":"fac_im3_building_01422101112","properties":{"county_fipses":["31055"],"data_status":"provisional_source_record","display_name":"Google","entity_id":"fac_im3_building_01422101112","entity_type":"facility","footprint_sqft":290130.0,"geography_assignment_method":"point_in_polygon","primary_county_fips":"31055","release_vintage":"2026.02.09","source_layer":"building","source_name":"Google","source_operator":"Google","source_record_id":"01422101112","source_ref":null,"source_reported_county_fipses":["31055"]},"type":"Feature"},{"geometry":{"coordinates":[-96.0935333091696,41.345162392266765],"type":"Point"},"id":"fac_im3_building_01422101116","properties":{"county_fipses":["31055"],"data_status":"provisional_source_record","display_name":"Google","entity_id":"fac_im3_building_01422101116","entity_type":"facility","footprint_sqft":290105.0,"geography_assignment_method":"point_in_polygon","primary_county_fips":"31055","release_vintage":"2026.02.09","source_layer":"building","source_name":"Google","source_operator":"Google","source_record_id":"01422101116","source_ref":null,"source_reported_county_fipses":["31055"]},"type":"Feature"},{"geometry":{"coordinates":[-82.75637526337734,40.0556836587917],"type":"Point"},"id":"fac_im3_building_01425043212","properties":{"county_fipses":["39089"],"data_status":"provisional_source_record","display_name":"QTS NAL 2 DC1","entity_id":"fac_im3_building_01425043212","entity_type":"facility","footprint_sqft":163319.0,"geography_assignment_method":"point_in_polygon","primary_county_fips":"39089","release_vintage":"2026.02.09","source_layer":"building","source_name":"QTS NAL 2 DC1","source_operator":"Quality Technology Services","source_record_id":"01425043212","source_ref":null,"source_reported_county_fipses":["39089"]},"type":"Feature"},{"geometry":{"coordinates":[-82.75657723017025,40.053119892107304],"type":"Point"},"id":"fac_im3_building_01425043213","properties":{"county_fipses":["39089"],"data_status":"provisional_source_record","display_name":"QTS NAL 2 DC2","entity_id":"fac_im3_building_01425043213","entity_type":"facility","footprint_sqft":147657.0,"geography_assignment_method":"point_in_polygon","primary_county_fips":"39089","release_vintage":"2026.02.09","source_layer":"building","source_name":"QTS NAL 2 DC2","source_operator":"Quality Technology Services","source_record_id":"01425043213","source_ref":null,"source_reported_county_fipses":["39089"]},"type":"Feature"},{"geometry":{"coordinates":[-82.75816917488658,40.06356213641001],"type":"Point"},"id":"fac_im3_building_01425043214","properties":{"county_fipses":["39089"],"data_status":"provisional_source_record","display_name":"QTS NAL1 DC2","entity_id":"fac_im3_building_01425043214","entity_type":"facility","footprint_sqft":226711.0,"geography_assignment_method":"point_in_polygon","primary_county_fips":"39089","release_vintage":"2026.02.09","source_layer":"building","source_name":"QTS NAL1 DC2","source_operator":"Quality Technology Services","source_record_id":"01425043214","source_ref":null,"source_reported_county_fipses":["39089"]},"type":"Feature"},{"geometry":{"coordinates":[-82.75805608235054,40.06510848413083],"type":"Point"},"id":"fac_im3_building_01425043215","properties":{"county_fipses":["39089"],"data_status":"provisional_source_record","display_name":"QTS NAL1 DC1","entity_id":"fac_im3_building_01425043215","entity_type":"facility","footprint_sqft":225116.0,"geography_assignment_method":"point_in_polygon","primary_county_fips":"39089","release_vintage":"2026.02.09","source_layer":"building","source_name":"QTS NAL1 DC1","source_operator":"Quality Technology Services","source_record_id":"01425043215","source_ref":null,"source_reported_county_fipses":["39089"]},"type":"Feature"},{"geometry":{"coordinates":[-88.2469228118375,41.795384289880126],"type":"Point"},"id":"fac_im3_building_01426146790","properties":{"county_fipses":["17043"],"data_status":"provisional_source_record","display_name":"Unnamed IM3 building 01426146790","entity_id":"fac_im3_building_01426146790","entity_type":"facility","footprint_sqft":169253.0,"geography_assignment_method":"point_in_polygon","primary_county_fips":"17043","release_vintage":"2026.02.09","source_layer":"building","source_name":null,"source_operator":null,"source_record_id":"01426146790","source_ref":null,"source_reported_county_fipses":["17043"]},"type":"Feature"},{"geometry":{"coordinates":[-96.79316889732078,32.5389942949367],"type":"Point"},"id":"fac_im3_building_01426525184","properties":{"county_fipses":["48139"],"data_status":"provisional_source_record","display_name":"Google","entity_id":"fac_im3_building_01426525184","entity_type":"facility","footprint_sqft":288830.0,"geography_assignment_method":"point_in_polygon","primary_county_fips":"48139","release_vintage":"2026.02.09","source_layer":"building","source_name":"Google","source_operator":"Google","source_record_id":"01426525184","source_ref":null,"source_reported_county_fipses":["48139"]},"type":"Feature"},{"geometry":{"coordinates":[-96.80209872095472,32.54551791172823],"type":"Point"},"id":"fac_im3_building_01426525212","properties":{"county_fipses":["48139"],"data_status":"provisional_source_record","display_name":"Compass Data Center","entity_id":"fac_im3_building_01426525212","entity_type":"facility","footprint_sqft":248978.0,"geography_assignment_method":"point_in_polygon","primary_county_fips":"48139","release_vintage":"2026.02.09","source_layer":"building","source_name":"Compass Data Center","source_operator":null,"source_record_id":"01426525212","source_ref":null,"source_reported_county_fipses":["48139"]},"type":"Feature"},{"geometry":{"coordinates":[-96.80208059236521,32.54420541262749],"type":"Point"},"id":"fac_im3_building_01426525213","properties":{"county_fipses":["48139"],"data_status":"provisional_source_record","display_name":"Compass Data Center","entity_id":"fac_im3_building_01426525213","entity_type":"facility","footprint_sqft":248985.0,"geography_assignment_method":"point_in_polygon","primary_county_fips":"48139","release_vintage":"2026.02.09","source_layer":"building","source_name":"Compass Data Center","source_operator":null,"source_record_id":"01426525213","source_ref":null,"source_reported_county_fipses":["48139"]},"type":"Feature"},{"geometry":{"coordinates":[-96.80208539236521,32.542912612627966],"type":"Point"},"id":"fac_im3_building_01426525214","properties":{"county_fipses":["48139"],"data_status":"provisional_source_record","display_name":"Compass Data Center","entity_id":"fac_im3_building_01426525214","entity_type":"facility","footprint_sqft":248988.0,"geography_assignment_method":"point_in_polygon","primary_county_fips":"48139","release_vintage":"2026.02.09","source_layer":"building","source_name":"Compass Data Center","source_operator":null,"source_record_id":"01426525214","source_ref":null,"source_reported_county_fipses":["48139"]},"type":"Feature"},{"geometry":{"coordinates":[-96.80209902095476,32.541602011729644],"type":"Point"},"id":"fac_im3_building_01426525215","properties":{"county_fipses":["48139"],"data_status":"provisional_source_record","display_name":"Compass Data Center","entity_id":"fac_im3_building_01426525215","entity_type":"facility","footprint_sqft":248989.0,"geography_assignment_method":"point_in_polygon","primary_county_fips":"48139","release_vintage":"2026.02.09","source_layer":"building","source_name":"Compass Data Center","source_operator":null,"source_record_id":"01426525215","source_ref":null,"source_reported_county_fipses":["48139"]},"type":"Feature"},{"geometry":{"coordinates":[-96.80210588253378,32.54029016067398],"type":"Point"},"id":"fac_im3_building_01426525216","properties":{"county_fipses":["48139"],"data_status":"provisional_source_record","display_name":"Compass Data Center","entity_id":"fac_im3_building_01426525216","entity_type":"facility","footprint_sqft":247998.0,"geography_assignment_method":"point_in_polygon","primary_county_fips":"48139","release_vintage":"2026.02.09","source_layer":"building","source_name":"Compass Data Center","source_operator":null,"source_record_id":"01426525216","source_ref":null,"source_reported_county_fipses":["48139"]},"type":"Feature"},{"geometry":{"coordinates":[-96.79361041648711,32.54267431004566],"type":"Point"},"id":"fac_im3_building_01426525217","properties":{"county_fipses":["48139"],"data_status":"provisional_source_record","display_name":"Compass Data Center","entity_id":"fac_im3_building_01426525217","entity_type":"facility","footprint_sqft":251939.0,"geography_assignment_method":"point_in_polygon","primary_county_fips":"48139","release_vintage":"2026.02.09","source_layer":"building","source_name":"Compass Data Center","source_operator":null,"source_record_id":"01426525217","source_ref":null,"source_reported_county_fipses":["48139"]},"type":"Feature"},{"geometry":{"coordinates":[-96.7936108455581,32.54399253578879],"type":"Point"},"id":"fac_im3_building_01426525218","properties":{"county_fipses":["48139"],"data_status":"provisional_source_record","display_name":"Compass Data Center","entity_id":"fac_im3_building_01426525218","entity_type":"facility","footprint_sqft":251912.0,"geography_assignment_method":"point_in_polygon","primary_county_fips":"48139","release_vintage":"2026.02.09","source_layer":"building","source_name":"Compass Data Center","source_operator":null,"source_record_id":"01426525218","source_ref":null,"source_reported_county_fipses":["48139"]},"type":"Feature"},{"geometry":{"coordinates":[-96.79364757119879,32.54529698511378],"type":"Point"},"id":"fac_im3_building_01426525219","properties":{"county_fipses":["48139"],"data_status":"provisional_source_record","display_name":"Compass Data Center","entity_id":"fac_im3_building_01426525219","entity_type":"facility","footprint_sqft":251911.0,"geography_assignment_method":"point_in_polygon","primary_county_fips":"48139","release_vintage":"2026.02.09","source_layer":"building","source_name":"Compass Data Center","source_operator":null,"source_record_id":"01426525219","source_ref":null,"source_reported_county_fipses":["48139"]},"type":"Feature"},{"geometry":{"coordinates":[-96.7885069389561,32.543965285497585],"type":"Point"},"id":"fac_im3_building_01426525220","properties":{"county_fipses":["48139"],"data_status":"provisional_source_record","display_name":"Compass Data Center","entity_id":"fac_im3_building_01426525220","entity_type":"facility","footprint_sqft":251923.0,"geography_assignment_method":"point_in_polygon","primary_county_fips":"48139","release_vintage":"2026.02.09","source_layer":"building","source_name":"Compass Data Center","source_operator":null,"source_record_id":"01426525220","source_ref":null,"source_reported_county_fipses":["48139"]},"type":"Feature"},{"geometry":{"coordinates":[-96.7884905818255,32.545296653507904],"type":"Point"},"id":"fac_im3_building_01426525221","properties":{"county_fipses":["48139"],"data_status":"provisional_source_record","display_name":"Compass Data Center","entity_id":"fac_im3_building_01426525221","entity_type":"facility","footprint_sqft":251941.0,"geography_assignment_method":"point_in_polygon","primary_county_fips":"48139","release_vintage":"2026.02.09","source_layer":"building","source_name":"Compass Data Center","source_operator":null,"source_record_id":"01426525221","source_ref":null,"source_reported_county_fipses":["48139"]},"type":"Feature"},{"geometry":{"coordinates":[-77.42497941796181,38.92310082624394],"type":"Point"},"id":"fac_im3_building_01426663252","properties":{"county_fipses":["51059"],"data_status":"provisional_source_record","display_name":"Unnamed IM3 building 01426663252","entity_id":"fac_im3_building_01426663252","entity_type":"facility","footprint_sqft":113584.0,"geography_assignment_method":"point_in_polygon","primary_county_fips":"51059","release_vintage":"2026.02.09","source_layer":"building","source_name":null,"source_operator":null,"source_record_id":"01426663252","source_ref":null,"source_reported_county_fipses":["51059"]},"type":"Feature"},{"geometry":{"coordinates":[-77.42469054341261,38.936479140978506],"type":"Point"},"id":"fac_im3_building_01426663253","properties":{"county_fipses":["51059"],"data_status":"provisional_source_record","display_name":"Unnamed IM3 building 01426663253","entity_id":"fac_im3_building_01426663253","entity_type":"facility","footprint_sqft":131768.0,"geography_assignment_method":"point_in_polygon","primary_county_fips":"51059","release_vintage":"2026.02.09","source_layer":"building","source_name":null,"source_operator":null,"source_record_id":"01426663253","source_ref":null,"source_reported_county_fipses":["51059"]},"type":"Feature"},{"geometry":{"coordinates":[-82.7644472443362,40.05393985497952],"type":"Point"},"id":"fac_im3_building_01427613543","properties":{"county_fipses":["39089"],"data_status":"provisional_source_record","display_name":"Google NBY-7","entity_id":"fac_im3_building_01427613543","entity_type":"facility","footprint_sqft":175532.0,"geography_assignment_method":"point_in_polygon","primary_county_fips":"39089","release_vintage":"2026.02.09","source_layer":"building","source_name":"Google NBY-7","source_operator":"Google","source_record_id":"01427613543","source_ref":null,"source_reported_county_fipses":["39089"]},"type":"Feature"},{"geometry":{"coordinates":[-82.74695373508102,40.10249753450011],"type":"Point"},"id":"fac_im3_building_01427613544","properties":{"county_fipses":["39089"],"data_status":"provisional_source_record","display_name":"Vantage Building 1","entity_id":"fac_im3_building_01427613544","entity_type":"facility","footprint_sqft":245446.0,"geography_assignment_method":"point_in_polygon","primary_county_fips":"39089","release_vintage":"2026.02.09","source_layer":"building","source_name":"Vantage Building 1","source_operator":"Vantage","source_record_id":"01427613544","source_ref":null,"source_reported_county_fipses":["39089"]},"type":"Feature"},{"geometry":{"coordinates":[-82.74711627367479,40.1005314675866],"type":"Point"},"id":"fac_im3_building_01427613545","properties":{"county_fipses":["39089"],"data_status":"provisional_source_record","display_name":"Vantage Building 2","entity_id":"fac_im3_building_01427613545","entity_type":"facility","footprint_sqft":237734.0,"geography_assignment_method":"point_in_polygon","primary_county_fips":"39089","release_vintage":"2026.02.09","source_layer":"building","source_name":"Vantage Building 2","source_operator":"Vantage","source_record_id":"01427613545","source_ref":null,"source_reported_county_fipses":["39089"]},"type":"Feature"},{"geometry":{"coordinates":[-82.74724322674068,40.098765283375776],"type":"Point"},"id":"fac_im3_building_01427613546","properties":{"county_fipses":["39089"],"data_status":"provisional_source_record","display_name":"Vantage Building 3","entity_id":"fac_im3_building_01427613546","entity_type":"facility","footprint_sqft":222450.0,"geography_assignment_method":"point_in_polygon","primary_county_fips":"39089","release_vintage":"2026.02.09","source_layer":"building","source_name":"Vantage Building 3","source_operator":"Vantage","source_record_id":"01427613546","source_ref":null,"source_reported_county_fipses":["39089"]},"type":"Feature"},{"geometry":{"coordinates":[-119.88741175976489,47.238592409813435],"type":"Point"},"id":"fac_im3_building_01429883881","properties":{"county_fipses":["53025"],"data_status":"provisional_source_record","display_name":"Microsoft","entity_id":"fac_im3_building_01429883881","entity_type":"facility","footprint_sqft":143441.0,"geography_assignment_method":"point_in_polygon","primary_county_fips":"53025","release_vintage":"2026.02.09","source_layer":"building","source_name":"Microsoft","source_operator":"Microsoft","source_record_id":"01429883881","source_ref":null,"source_reported_county_fipses":["53025"]},"type":"Feature"},{"geometry":{"coordinates":[-98.71438661856558,29.449680291111807],"type":"Point"},"id":"fac_im3_building_01432637060","properties":{"county_fipses":["48029"],"data_status":"provisional_source_record","display_name":"Unnamed IM3 building 01432637060","entity_id":"fac_im3_building_01432637060","entity_type":"facility","footprint_sqft":154443.0,"geography_assignment_method":"point_in_polygon","primary_county_fips":"48029","release_vintage":"2026.02.09","source_layer":"building","source_name":null,"source_operator":null,"source_record_id":"01432637060","source_ref":null,"source_reported_county_fipses":["48029"]},"type":"Feature"},{"geometry":{"coordinates":[-98.71389142350314,29.450930841457122],"type":"Point"},"id":"fac_im3_building_01432637061","properties":{"county_fipses":["48029"],"data_status":"provisional_source_record","display_name":"Unnamed IM3 building 01432637061","entity_id":"fac_im3_building_01432637061","entity_type":"facility","footprint_sqft":154441.0,"geography_assignment_method":"point_in_polygon","primary_county_fips":"48029","release_vintage":"2026.02.09","source_layer":"building","source_name":null,"source_operator":null,"source_record_id":"01432637061","source_ref":null,"source_reported_county_fipses":["48029"]},"type":"Feature"},{"geometry":{"coordinates":[-98.71404701630988,29.452230540342494],"type":"Point"},"id":"fac_im3_building_01432637062","properties":{"county_fipses":["48029"],"data_status":"provisional_source_record","display_name":"Unnamed IM3 building 01432637062","entity_id":"fac_im3_building_01432637062","entity_type":"facility","footprint_sqft":154439.0,"geography_assignment_method":"point_in_polygon","primary_county_fips":"48029","release_vintage":"2026.02.09","source_layer":"building","source_name":null,"source_operator":null,"source_record_id":"01432637062","source_ref":null,"source_reported_county_fipses":["48029"]},"type":"Feature"},{"geometry":{"coordinates":[-94.59492397885744,39.32263663463124],"type":"Point"},"id":"fac_im3_building_01433936352","properties":{"county_fipses":["29047"],"data_status":"provisional_source_record","display_name":"Unnamed IM3 building 01433936352","entity_id":"fac_im3_building_01433936352","entity_type":"facility","footprint_sqft":307414.0,"geography_assignment_method":"point_in_polygon","primary_county_fips":"29047","release_vintage":"2026.02.09","source_layer":"building","source_name":null,"source_operator":null,"source_record_id":"01433936352","source_ref":null,"source_reported_county_fipses":["29047"]},"type":"Feature"},{"geometry":{"coordinates":[-77.46040491955637,39.01121179839231],"type":"Point"},"id":"fac_im3_building_01443187163","properties":{"county_fipses":["51107"],"data_status":"provisional_source_record","display_name":"CloudHQ LC3","entity_id":"fac_im3_building_01443187163","entity_type":"facility","footprint_sqft":241208.0,"geography_assignment_method":"point_in_polygon","primary_county_fips":"51107","release_vintage":"2026.02.09","source_layer":"building","source_name":"CloudHQ LC3","source_operator":null,"source_record_id":"01443187163","source_ref":null,"source_reported_county_fipses":["51107"]},"type":"Feature"},{"geometry":{"coordinates":[-97.07485524976093,32.54982270825038],"type":"Point"},"id":"fac_im3_building_01443620406","properties":{"county_fipses":["48439"],"data_status":"provisional_source_record","display_name":"Alinged Data Center","entity_id":"fac_im3_building_01443620406","entity_type":"facility","footprint_sqft":188257.0,"geography_assignment_method":"point_in_polygon","primary_county_fips":"48439","release_vintage":"2026.02.09","source_layer":"building","source_name":"Alinged Data Center","source_operator":"Aligned Data Centers, LLC","source_record_id":"01443620406","source_ref":null,"source_reported_county_fipses":["48439"]},"type":"Feature"},{"geometry":{"coordinates":[-77.54733847235092,39.05599415738426],"type":"Point"},"id":"fac_im3_building_01443922527","properties":{"county_fipses":["51107"],"data_status":"provisional_source_record","display_name":"Unnamed IM3 building 01443922527","entity_id":"fac_im3_building_01443922527","entity_type":"facility","footprint_sqft":149008.0,"geography_assignment_method":"point_in_polygon","primary_county_fips":"51107","release_vintage":"2026.02.09","source_layer":"building","source_name":null,"source_operator":null,"source_record_id":"01443922527","source_ref":null,"source_reported_county_fipses":["51107"]},"type":"Feature"},{"geometry":{"coordinates":[-77.54673255066474,39.05781905081905],"type":"Point"},"id":"fac_im3_building_01443922528","properties":{"county_fipses":["51107"],"data_status":"provisional_source_record","display_name":"Unnamed IM3 building 01443922528","entity_id":"fac_im3_building_01443922528","entity_type":"facility","footprint_sqft":106352.0,"geography_assignment_method":"point_in_polygon","primary_county_fips":"51107","release_vintage":"2026.02.09","source_layer":"building","source_name":null,"source_operator":null,"source_record_id":"01443922528","source_ref":null,"source_reported_county_fipses":["51107"]},"type":"Feature"},{"geometry":{"coordinates":[-77.56511220760098,39.08219102890557],"type":"Point"},"id":"fac_im3_building_01443922535","properties":{"county_fipses":["51107"],"data_status":"provisional_source_record","display_name":"Unnamed IM3 building 01443922535","entity_id":"fac_im3_building_01443922535","entity_type":"facility","footprint_sqft":200733.0,"geography_assignment_method":"point_in_polygon","primary_county_fips":"51107","release_vintage":"2026.02.09","source_layer":"building","source_name":null,"source_operator":null,"source_record_id":"01443922535","source_ref":null,"source_reported_county_fipses":["51107"]},"type":"Feature"},{"geometry":{"coordinates":[-88.00800375413563,41.98691359199497],"type":"Point"},"id":"fac_im3_building_01446350367","properties":{"county_fipses":["17043"],"data_status":"provisional_source_record","display_name":"NTT Chicago CH3","entity_id":"fac_im3_building_01446350367","entity_type":"facility","footprint_sqft":83897.0,"geography_assignment_method":"point_in_polygon","primary_county_fips":"17043","release_vintage":"2026.02.09","source_layer":"building","source_name":"NTT Chicago CH3","source_operator":"NTT","source_record_id":"01446350367","source_ref":"CH3","source_reported_county_fipses":["17043"]},"type":"Feature"},{"geometry":{"coordinates":[-88.00476482597362,41.98909513231781],"type":"Point"},"id":"fac_im3_building_01446350370","properties":{"county_fipses":["17043"],"data_status":"provisional_source_record","display_name":"NTT Chicago CH4","entity_id":"fac_im3_building_01446350370","entity_type":"facility","footprint_sqft":101346.0,"geography_assignment_method":"point_in_polygon","primary_county_fips":"17043","release_vintage":"2026.02.09","source_layer":"building","source_name":"NTT Chicago CH4","source_operator":"NTT","source_record_id":"01446350370","source_ref":"CH4","source_reported_county_fipses":["17043"]},"type":"Feature"},{"geometry":{"coordinates":[-77.58337970648039,38.79995610690815],"type":"Point"},"id":"fac_im3_building_01447029365","properties":{"county_fipses":["51153"],"data_status":"provisional_source_record","display_name":"Microsoft Data Center 2","entity_id":"fac_im3_building_01447029365","entity_type":"facility","footprint_sqft":247070.0,"geography_assignment_method":"point_in_polygon","primary_county_fips":"51153","release_vintage":"2026.02.09","source_layer":"building","source_name":"Microsoft Data Center 2","source_operator":"Microsoft","source_record_id":"01447029365","source_ref":"2","source_reported_county_fipses":["51153"]},"type":"Feature"},{"geometry":{"coordinates":[-83.12417577793775,40.0207608591313],"type":"Point"},"id":"fac_im3_building_01447049070","properties":{"county_fipses":["39049"],"data_status":"provisional_source_record","display_name":"Unnamed IM3 building 01447049070","entity_id":"fac_im3_building_01447049070","entity_type":"facility","footprint_sqft":261665.0,"geography_assignment_method":"point_in_polygon","primary_county_fips":"39049","release_vintage":"2026.02.09","source_layer":"building","source_name":null,"source_operator":null,"source_record_id":"01447049070","source_ref":null,"source_reported_county_fipses":["39049"]},"type":"Feature"},{"geometry":{"coordinates":[-83.12318764145307,40.0212015751041],"type":"Point"},"id":"fac_im3_building_01447049071","properties":{"county_fipses":["39049"],"data_status":"provisional_source_record","display_name":"Unnamed IM3 building 01447049071","entity_id":"fac_im3_building_01447049071","entity_type":"facility","footprint_sqft":130027.0,"geography_assignment_method":"point_in_polygon","primary_county_fips":"39049","release_vintage":"2026.02.09","source_layer":"building","source_name":null,"source_operator":null,"source_record_id":"01447049071","source_ref":null,"source_reported_county_fipses":["39049"]},"type":"Feature"},{"geometry":{"coordinates":[-93.06186047500412,44.7347589273926],"type":"Point"},"id":"fac_im3_building_01454573842","properties":{"county_fipses":["27037"],"data_status":"provisional_source_record","display_name":"Unnamed IM3 building 01454573842","entity_id":"fac_im3_building_01454573842","entity_type":"facility","footprint_sqft":328419.0,"geography_assignment_method":"point_in_polygon","primary_county_fips":"27037","release_vintage":"2026.02.09","source_layer":"building","source_name":null,"source_operator":null,"source_record_id":"01454573842","source_ref":null,"source_reported_county_fipses":["27037"]},"type":"Feature"},{"geometry":{"coordinates":[-93.06488082739824,44.734508305632374],"type":"Point"},"id":"fac_im3_building_01454573843","properties":{"county_fipses":["27037"],"data_status":"provisional_source_record","display_name":"Unnamed IM3 building 01454573843","entity_id":"fac_im3_building_01454573843","entity_type":"facility","footprint_sqft":273743.0,"geography_assignment_method":"point_in_polygon","primary_county_fips":"27037","release_vintage":"2026.02.09","source_layer":"building","source_name":null,"source_operator":null,"source_record_id":"01454573843","source_ref":null,"source_reported_county_fipses":["27037"]},"type":"Feature"},{"geometry":{"coordinates":[-93.72088557839349,41.514853067630966],"type":"Point"},"id":"fac_im3_building_01454813845","properties":{"county_fipses":["19153"],"data_status":"provisional_source_record","display_name":"Unnamed IM3 building 01454813845","entity_id":"fac_im3_building_01454813845","entity_type":"facility","footprint_sqft":263944.0,"geography_assignment_method":"point_in_polygon","primary_county_fips":"19153","release_vintage":"2026.02.09","source_layer":"building","source_name":null,"source_operator":null,"source_record_id":"01454813845","source_ref":null,"source_reported_county_fipses":["19153"]},"type":"Feature"},{"geometry":{"coordinates":[-93.72140957839251,41.51388771763131],"type":"Point"},"id":"fac_im3_building_01454813846","properties":{"county_fipses":["19153"],"data_status":"provisional_source_record","display_name":"Unnamed IM3 building 01454813846","entity_id":"fac_im3_building_01454813846","entity_type":"facility","footprint_sqft":263950.0,"geography_assignment_method":"point_in_polygon","primary_county_fips":"19153","release_vintage":"2026.02.09","source_layer":"building","source_name":null,"source_operator":null,"source_record_id":"01454813846","source_ref":null,"source_reported_county_fipses":["19153"]},"type":"Feature"},{"geometry":{"coordinates":[-103.44862076924288,31.513473610030374],"type":"Point"},"id":"fac_im3_building_01455361421","properties":{"county_fipses":["48475"],"data_status":"provisional_source_record","display_name":"IONIC Digital Cedarvale","entity_id":"fac_im3_building_01455361421","entity_type":"facility","footprint_sqft":2238928.0,"geography_assignment_method":"point_in_polygon","primary_county_fips":"48475","release_vintage":"2026.02.09","source_layer":"building","source_name":"IONIC Digital Cedarvale","source_operator":"IONIC Digital","source_record_id":"01455361421","source_ref":null,"source_reported_county_fipses":["48475"]},"type":"Feature"},{"geometry":{"coordinates":[-116.26822782648121,43.46314906556169],"type":"Point"},"id":"fac_im3_building_01455915217","properties":{"county_fipses":["16001"],"data_status":"provisional_source_record","display_name":"Unnamed IM3 building 01455915217","entity_id":"fac_im3_building_01455915217","entity_type":"facility","footprint_sqft":311564.0,"geography_assignment_method":"point_in_polygon","primary_county_fips":"16001","release_vintage":"2026.02.09","source_layer":"building","source_name":null,"source_operator":null,"source_record_id":"01455915217","source_ref":null,"source_reported_county_fipses":["16001"]},"type":"Feature"},{"geometry":{"coordinates":[-116.27208493714188,43.46334884091311],"type":"Point"},"id":"fac_im3_building_01455915218","properties":{"county_fipses":["16001"],"data_status":"provisional_source_record","display_name":"Unnamed IM3 building 01455915218","entity_id":"fac_im3_building_01455915218","entity_type":"facility","footprint_sqft":374271.0,"geography_assignment_method":"point_in_polygon","primary_county_fips":"16001","release_vintage":"2026.02.09","source_layer":"building","source_name":null,"source_operator":null,"source_record_id":"01455915218","source_ref":null,"source_reported_county_fipses":["16001"]},"type":"Feature"},{"geometry":{"coordinates":[-82.67876276810777,37.600176716138854],"type":"Point"},"id":"fac_im3_building_01456953254","properties":{"county_fipses":["21071"],"data_status":"provisional_source_record","display_name":"East Kentucky Network Datacenter","entity_id":"fac_im3_building_01456953254","entity_type":"facility","footprint_sqft":15594.0,"geography_assignment_method":"point_in_polygon","primary_county_fips":"21071","release_vintage":"2026.02.09","source_layer":"building","source_name":"East Kentucky Network Datacenter","source_operator":null,"source_record_id":"01456953254","source_ref":null,"source_reported_county_fipses":["21071"]},"type":"Feature"},{"geometry":{"coordinates":[-111.6324625173746,33.34718733044236],"type":"Point"},"id":"fac_im3_building_01456975947","properties":{"county_fipses":["04013"],"data_status":"provisional_source_record","display_name":"Unnamed IM3 building 01456975947","entity_id":"fac_im3_building_01456975947","entity_type":"facility","footprint_sqft":652528.0,"geography_assignment_method":"point_in_polygon","primary_county_fips":"04013","release_vintage":"2026.02.09","source_layer":"building","source_name":null,"source_operator":null,"source_record_id":"01456975947","source_ref":null,"source_reported_county_fipses":["04013"]},"type":"Feature"},{"geometry":{"coordinates":[-111.6289166123353,33.346322514530925],"type":"Point"},"id":"fac_im3_building_01456975948","properties":{"county_fipses":["04013"],"data_status":"provisional_source_record","display_name":"Unnamed IM3 building 01456975948","entity_id":"fac_im3_building_01456975948","entity_type":"facility","footprint_sqft":652573.0,"geography_assignment_method":"point_in_polygon","primary_county_fips":"04013","release_vintage":"2026.02.09","source_layer":"building","source_name":null,"source_operator":null,"source_record_id":"01456975948","source_ref":null,"source_reported_county_fipses":["04013"]},"type":"Feature"},{"geometry":{"coordinates":[-111.62596778673522,33.347168811477516],"type":"Point"},"id":"fac_im3_building_01456975949","properties":{"county_fipses":["04013"],"data_status":"provisional_source_record","display_name":"Unnamed IM3 building 01456975949","entity_id":"fac_im3_building_01456975949","entity_type":"facility","footprint_sqft":337459.0,"geography_assignment_method":"point_in_polygon","primary_county_fips":"04013","release_vintage":"2026.02.09","source_layer":"building","source_name":null,"source_operator":null,"source_record_id":"01456975949","source_ref":null,"source_reported_county_fipses":["04013"]},"type":"Feature"},{"geometry":{"coordinates":[-94.79677175730814,31.194175662576733],"type":"Point"},"id":"fac_im3_building_01457383500","properties":{"county_fipses":["48005"],"data_status":"provisional_source_record","display_name":"Unnamed IM3 building 01457383500","entity_id":"fac_im3_building_01457383500","entity_type":"facility","footprint_sqft":12987.0,"geography_assignment_method":"point_in_polygon","primary_county_fips":"48005","release_vintage":"2026.02.09","source_layer":"building","source_name":null,"source_operator":null,"source_record_id":"01457383500","source_ref":null,"source_reported_county_fipses":["48005"]},"type":"Feature"},{"geometry":{"coordinates":[-97.06091510587594,32.44011676786547],"type":"Point"},"id":"fac_im3_building_01458626323","properties":{"county_fipses":["48139"],"data_status":"provisional_source_record","display_name":"Google","entity_id":"fac_im3_building_01458626323","entity_type":"facility","footprint_sqft":282284.0,"geography_assignment_method":"point_in_polygon","primary_county_fips":"48139","release_vintage":"2026.02.09","source_layer":"building","source_name":"Google","source_operator":"Google","source_record_id":"01458626323","source_ref":null,"source_reported_county_fipses":["48139"]},"type":"Feature"},{"geometry":{"coordinates":[-77.54482173192463,39.05526150263189],"type":"Point"},"id":"fac_im3_building_01460776170","properties":{"county_fipses":["51107"],"data_status":"provisional_source_record","display_name":"Unnamed IM3 building 01460776170","entity_id":"fac_im3_building_01460776170","entity_type":"facility","footprint_sqft":139936.0,"geography_assignment_method":"point_in_polygon","primary_county_fips":"51107","release_vintage":"2026.02.09","source_layer":"building","source_name":null,"source_operator":null,"source_record_id":"01460776170","source_ref":null,"source_reported_county_fipses":["51107"]},"type":"Feature"},{"geometry":{"coordinates":[-77.54599489429808,39.05412168578732],"type":"Point"},"id":"fac_im3_building_01460776171","properties":{"county_fipses":["51107"],"data_status":"provisional_source_record","display_name":"Unnamed IM3 building 01460776171","entity_id":"fac_im3_building_01460776171","entity_type":"facility","footprint_sqft":116829.0,"geography_assignment_method":"point_in_polygon","primary_county_fips":"51107","release_vintage":"2026.02.09","source_layer":"building","source_name":null,"source_operator":null,"source_record_id":"01460776171","source_ref":null,"source_reported_county_fipses":["51107"]},"type":"Feature"},{"geometry":{"coordinates":[-77.5347491015584,39.051020513612634],"type":"Point"},"id":"fac_im3_building_01460776174","properties":{"county_fipses":["51107"],"data_status":"provisional_source_record","display_name":"Unnamed IM3 building 01460776174","entity_id":"fac_im3_building_01460776174","entity_type":"facility","footprint_sqft":303500.0,"geography_assignment_method":"point_in_polygon","primary_county_fips":"51107","release_vintage":"2026.02.09","source_layer":"building","source_name":null,"source_operator":null,"source_record_id":"01460776174","source_ref":null,"source_reported_county_fipses":["51107"]},"type":"Feature"},{"geometry":{"coordinates":[-121.96538823847324,37.38371826652648],"type":"Point"},"id":"fac_im3_building_01460847458","properties":{"county_fipses":["06085"],"data_status":"provisional_source_record","display_name":"EdgeCore Silicon Valley","entity_id":"fac_im3_building_01460847458","entity_type":"facility","footprint_sqft":80443.0,"geography_assignment_method":"point_in_polygon","primary_county_fips":"06085","release_vintage":"2026.02.09","source_layer":"building","source_name":"EdgeCore Silicon Valley","source_operator":null,"source_record_id":"01460847458","source_ref":null,"source_reported_county_fipses":["06085"]},"type":"Feature"},{"geometry":{"coordinates":[-121.95374429776638,37.36193156366279],"type":"Point"},"id":"fac_im3_building_01460855151","properties":{"county_fipses":["06085"],"data_status":"provisional_source_record","display_name":"STACK SVY02","entity_id":"fac_im3_building_01460855151","entity_type":"facility","footprint_sqft":136083.0,"geography_assignment_method":"point_in_polygon","primary_county_fips":"06085","release_vintage":"2026.02.09","source_layer":"building","source_name":"STACK SVY02","source_operator":"Stack Infrastructure","source_record_id":"01460855151","source_ref":"SVY02","source_reported_county_fipses":["06085"]},"type":"Feature"},{"geometry":{"coordinates":[-98.39162546590185,29.293005176230842],"type":"Point"},"id":"fac_im3_building_01460861317","properties":{"county_fipses":["48029"],"data_status":"provisional_source_record","display_name":"Amazon AWS SAT - 12807 Donop","entity_id":"fac_im3_building_01460861317","entity_type":"facility","footprint_sqft":110391.0,"geography_assignment_method":"point_in_polygon","primary_county_fips":"48029","release_vintage":"2026.02.09","source_layer":"building","source_name":"Amazon AWS SAT - 12807 Donop","source_operator":"Amazon Web Services","source_record_id":"01460861317","source_ref":null,"source_reported_county_fipses":["48029"]},"type":"Feature"},{"geometry":{"coordinates":[-96.87984573921815,32.83781408062895],"type":"Point"},"id":"fac_im3_building_01461896928","properties":{"county_fipses":["48113"],"data_status":"provisional_source_record","display_name":"Prime DFW01-01","entity_id":"fac_im3_building_01461896928","entity_type":"facility","footprint_sqft":49683.0,"geography_assignment_method":"point_in_polygon","primary_county_fips":"48113","release_vintage":"2026.02.09","source_layer":"building","source_name":"Prime DFW01-01","source_operator":"Prime","source_record_id":"01461896928","source_ref":"DFW01-01","source_reported_county_fipses":["48113"]},"type":"Feature"},{"geometry":{"coordinates":[-83.00154872692079,40.115815974371074],"type":"Point"},"id":"fac_im3_building_01462886682","properties":{"county_fipses":["39049"],"data_status":"provisional_source_record","display_name":"Unnamed IM3 building 01462886682","entity_id":"fac_im3_building_01462886682","entity_type":"facility","footprint_sqft":100131.0,"geography_assignment_method":"point_in_polygon","primary_county_fips":"39049","release_vintage":"2026.02.09","source_layer":"building","source_name":null,"source_operator":null,"source_record_id":"01462886682","source_ref":null,"source_reported_county_fipses":["39049"]},"type":"Feature"},{"geometry":{"coordinates":[-77.58633953014488,38.779293094525954],"type":"Point"},"id":"fac_im3_building_01464257783","properties":{"county_fipses":["51153"],"data_status":"provisional_source_record","display_name":"Google","entity_id":"fac_im3_building_01464257783","entity_type":"facility","footprint_sqft":289592.0,"geography_assignment_method":"point_in_polygon","primary_county_fips":"51153","release_vintage":"2026.02.09","source_layer":"building","source_name":"Google","source_operator":"Google","source_record_id":"01464257783","source_ref":null,"source_reported_county_fipses":["51153"]},"type":"Feature"},{"geometry":{"coordinates":[-77.51252254455412,38.752551271861215],"type":"Point"},"id":"fac_im3_building_01464257784","properties":{"county_fipses":["51153"],"data_status":"provisional_source_record","display_name":"QTS Manassas DC1","entity_id":"fac_im3_building_01464257784","entity_type":"facility","footprint_sqft":128120.0,"geography_assignment_method":"point_in_polygon","primary_county_fips":"51153","release_vintage":"2026.02.09","source_layer":"building","source_name":"QTS Manassas DC1","source_operator":"Quality Technology Services","source_record_id":"01464257784","source_ref":null,"source_reported_county_fipses":["51153"]},"type":"Feature"},{"geometry":{"coordinates":[-119.86320668797937,47.240178688965116],"type":"Point"},"id":"fac_im3_building_01470108469","properties":{"county_fipses":["53025"],"data_status":"provisional_source_record","display_name":"Unnamed IM3 building 01470108469","entity_id":"fac_im3_building_01470108469","entity_type":"facility","footprint_sqft":504350.0,"geography_assignment_method":"point_in_polygon","primary_county_fips":"53025","release_vintage":"2026.02.09","source_layer":"building","source_name":null,"source_operator":null,"source_record_id":"01470108469","source_ref":null,"source_reported_county_fipses":["53025"]},"type":"Feature"},{"geometry":{"coordinates":[-87.25691732953204,36.62405506342714],"type":"Point"},"id":"fac_im3_building_01470261550","properties":{"county_fipses":["47125"],"data_status":"provisional_source_record","display_name":"SPC4A","entity_id":"fac_im3_building_01470261550","entity_type":"facility","footprint_sqft":169749.0,"geography_assignment_method":"point_in_polygon","primary_county_fips":"47125","release_vintage":"2026.02.09","source_layer":"building","source_name":"SPC4A","source_operator":"Google","source_record_id":"01470261550","source_ref":"Building 3","source_reported_county_fipses":["47125"]},"type":"Feature"},{"geometry":{"coordinates":[-84.52265191627977,33.44836060805451],"type":"Point"},"id":"fac_im3_building_01472128597","properties":{"county_fipses":["13113"],"data_status":"provisional_source_record","display_name":"QTS","entity_id":"fac_im3_building_01472128597","entity_type":"facility","footprint_sqft":227238.0,"geography_assignment_method":"point_in_polygon","primary_county_fips":"13113","release_vintage":"2026.02.09","source_layer":"building","source_name":"QTS","source_operator":"Quality Technology Services","source_record_id":"01472128597","source_ref":null,"source_reported_county_fipses":["13113"]},"type":"Feature"},{"geometry":{"coordinates":[-84.52361886278894,33.450931799506705],"type":"Point"},"id":"fac_im3_building_01472128598","properties":{"county_fipses":["13113"],"data_status":"provisional_source_record","display_name":"QTS","entity_id":"fac_im3_building_01472128598","entity_type":"facility","footprint_sqft":340589.0,"geography_assignment_method":"point_in_polygon","primary_county_fips":"13113","release_vintage":"2026.02.09","source_layer":"building","source_name":"QTS","source_operator":"Quality Technology Services","source_record_id":"01472128598","source_ref":null,"source_reported_county_fipses":["13113"]},"type":"Feature"},{"geometry":{"coordinates":[-112.0194203234161,40.26585616535565],"type":"Point"},"id":"fac_im3_building_01473440674","properties":{"county_fipses":["49049"],"data_status":"provisional_source_record","display_name":"Unnamed IM3 building 01473440674","entity_id":"fac_im3_building_01473440674","entity_type":"facility","footprint_sqft":378788.0,"geography_assignment_method":"point_in_polygon","primary_county_fips":"49049","release_vintage":"2026.02.09","source_layer":"building","source_name":null,"source_operator":null,"source_record_id":"01473440674","source_ref":null,"source_reported_county_fipses":["49049"]},"type":"Feature"},{"geometry":{"coordinates":[-112.01945256629081,40.26987560376367],"type":"Point"},"id":"fac_im3_building_01473440676","properties":{"county_fipses":["49049"],"data_status":"provisional_source_record","display_name":"Unnamed IM3 building 01473440676","entity_id":"fac_im3_building_01473440676","entity_type":"facility","footprint_sqft":310201.0,"geography_assignment_method":"point_in_polygon","primary_county_fips":"49049","release_vintage":"2026.02.09","source_layer":"building","source_name":null,"source_operator":null,"source_record_id":"01473440676","source_ref":null,"source_reported_county_fipses":["49049"]},"type":"Feature"},{"geometry":{"coordinates":[-77.0291491,38.902887900000046],"type":"Point"},"id":"fac_im3_point_00751881301","properties":{"county_fipses":["11001"],"data_status":"provisional_source_record","display_name":"CoreSite DC1","entity_id":"fac_im3_point_00751881301","entity_type":"facility","footprint_sqft":null,"geography_assignment_method":"point_in_polygon","primary_county_fips":"11001","release_vintage":"2026.02.09","source_layer":"point","source_name":"CoreSite DC1","source_operator":"CoreSite","source_record_id":"00751881301","source_ref":null,"source_reported_county_fipses":["11001"]},"type":"Feature"},{"geometry":{"coordinates":[-106.5893487,35.10329250000003],"type":"Point"},"id":"fac_im3_point_01825907839","properties":{"county_fipses":["35001"],"data_status":"provisional_source_record","display_name":"Southwest Cyberport","entity_id":"fac_im3_point_01825907839","entity_type":"facility","footprint_sqft":null,"geography_assignment_method":"point_in_polygon","primary_county_fips":"35001","release_vintage":"2026.02.09","source_layer":"point","source_name":"Southwest Cyberport","source_operator":null,"source_record_id":"01825907839","source_ref":null,"source_reported_county_fipses":["35001"]},"type":"Feature"},{"geometry":{"coordinates":[-123.3286299,42.43788240000002],"type":"Point"},"id":"fac_im3_point_02590601520","properties":{"county_fipses":["41033"],"data_status":"provisional_source_record","display_name":"FCR","entity_id":"fac_im3_point_02590601520","entity_type":"facility","footprint_sqft":null,"geography_assignment_method":"point_in_polygon","primary_county_fips":"41033","release_vintage":"2026.02.09","source_layer":"point","source_name":"FCR","source_operator":null,"source_record_id":"02590601520","source_ref":null,"source_reported_county_fipses":["41033"]},"type":"Feature"},{"geometry":{"coordinates":[-117.070888,32.77502519999998],"type":"Point"},"id":"fac_im3_point_02607827436","properties":{"county_fipses":["06073"],"data_status":"provisional_source_record","display_name":"SDSU Computer Room","entity_id":"fac_im3_point_02607827436","entity_type":"facility","footprint_sqft":null,"geography_assignment_method":"point_in_polygon","primary_county_fips":"06073","release_vintage":"2026.02.09","source_layer":"point","source_name":"SDSU Computer Room","source_operator":null,"source_record_id":"02607827436","source_ref":null,"source_reported_county_fipses":["06073"]},"type":"Feature"},{"geometry":{"coordinates":[-80.3177484,25.791545299999996],"type":"Point"},"id":"fac_im3_point_03406467087","properties":{"county_fipses":["12086"],"data_status":"provisional_source_record","display_name":"NocRoom Miami IT Services","entity_id":"fac_im3_point_03406467087","entity_type":"facility","footprint_sqft":null,"geography_assignment_method":"point_in_polygon","primary_county_fips":"12086","release_vintage":"2026.02.09","source_layer":"point","source_name":"NocRoom Miami IT Services","source_operator":null,"source_record_id":"03406467087","source_ref":null,"source_reported_county_fipses":["12086"]},"type":"Feature"},{"geometry":{"coordinates":[-80.42343460000001,25.646561700000035],"type":"Point"},"id":"fac_im3_point_03406476814","properties":{"county_fipses":["12086"],"data_status":"provisional_source_record","display_name":"NocRoom Miami IT Services","entity_id":"fac_im3_point_03406476814","entity_type":"facility","footprint_sqft":null,"geography_assignment_method":"point_in_polygon","primary_county_fips":"12086","release_vintage":"2026.02.09","source_layer":"point","source_name":"NocRoom Miami IT Services","source_operator":null,"source_record_id":"03406476814","source_ref":null,"source_reported_county_fipses":["12086"]},"type":"Feature"},{"geometry":{"coordinates":[-91.1725454,30.407445999999975],"type":"Point"},"id":"fac_im3_point_03468203102","properties":{"county_fipses":["22033"],"data_status":"provisional_source_record","display_name":"Center for Computation & Technology (CCT)","entity_id":"fac_im3_point_03468203102","entity_type":"facility","footprint_sqft":null,"geography_assignment_method":"point_in_polygon","primary_county_fips":"22033","release_vintage":"2026.02.09","source_layer":"point","source_name":"Center for Computation & Technology (CCT)","source_operator":null,"source_record_id":"03468203102","source_ref":null,"source_reported_county_fipses":["22033"]},"type":"Feature"},{"geometry":{"coordinates":[-122.68056199999998,45.52142480000003],"type":"Point"},"id":"fac_im3_point_03732415309","properties":{"county_fipses":["41051"],"data_status":"provisional_source_record","display_name":"The Pittock Internet Exchange","entity_id":"fac_im3_point_03732415309","entity_type":"facility","footprint_sqft":null,"geography_assignment_method":"point_in_polygon","primary_county_fips":"41051","release_vintage":"2026.02.09","source_layer":"point","source_name":"The Pittock Internet Exchange","source_operator":"Alco Properties","source_record_id":"03732415309","source_ref":null,"source_reported_county_fipses":["41051"]},"type":"Feature"},{"geometry":{"coordinates":[-84.3668585,33.77156769999996],"type":"Point"},"id":"fac_im3_point_04879481820","properties":{"county_fipses":["13121"],"data_status":"provisional_source_record","display_name":"Google Fiber","entity_id":"fac_im3_point_04879481820","entity_type":"facility","footprint_sqft":null,"geography_assignment_method":"point_in_polygon","primary_county_fips":"13121","release_vintage":"2026.02.09","source_layer":"point","source_name":"Google Fiber","source_operator":"Google","source_record_id":"04879481820","source_ref":null,"source_reported_county_fipses":["13121"]},"type":"Feature"},{"geometry":{"coordinates":[-122.25982310000002,37.86985210000005],"type":"Point"},"id":"fac_im3_point_05146323411","properties":{"county_fipses":["06001"],"data_status":"provisional_source_record","display_name":"Open Computing Facility","entity_id":"fac_im3_point_05146323411","entity_type":"facility","footprint_sqft":null,"geography_assignment_method":"point_in_polygon","primary_county_fips":"06001","release_vintage":"2026.02.09","source_layer":"point","source_name":"Open Computing Facility","source_operator":null,"source_record_id":"05146323411","source_ref":null,"source_reported_county_fipses":["06001"]},"type":"Feature"},{"geometry":{"coordinates":[-79.1427063,37.41568800000001],"type":"Point"},"id":"fac_im3_point_05225685660","properties":{"county_fipses":["51680"],"data_status":"provisional_source_record","display_name":"Lumos Networks","entity_id":"fac_im3_point_05225685660","entity_type":"facility","footprint_sqft":null,"geography_assignment_method":"point_in_polygon","primary_county_fips":"51680","release_vintage":"2026.02.09","source_layer":"point","source_name":"Lumos Networks","source_operator":null,"source_record_id":"05225685660","source_ref":null,"source_reported_county_fipses":["51680"]},"type":"Feature"},{"geometry":{"coordinates":[-97.6497453,35.46720489999999],"type":"Point"},"id":"fac_im3_point_06401035673","properties":{"county_fipses":["40109"],"data_status":"provisional_source_record","display_name":"Rack59 Data Center","entity_id":"fac_im3_point_06401035673","entity_type":"facility","footprint_sqft":null,"geography_assignment_method":"point_in_polygon","primary_county_fips":"40109","release_vintage":"2026.02.09","source_layer":"point","source_name":"Rack59 Data Center","source_operator":null,"source_record_id":"06401035673","source_ref":null,"source_reported_county_fipses":["40109"]},"type":"Feature"},{"geometry":{"coordinates":[-106.6536712,35.092501500000004],"type":"Point"},"id":"fac_im3_point_06625492701","properties":{"county_fipses":["35001"],"data_status":"provisional_source_record","display_name":"Oso Grande","entity_id":"fac_im3_point_06625492701","entity_type":"facility","footprint_sqft":null,"geography_assignment_method":"point_in_polygon","primary_county_fips":"35001","release_vintage":"2026.02.09","source_layer":"point","source_name":"Oso Grande","source_operator":"Oso Grande","source_record_id":"06625492701","source_ref":"OSO","source_reported_county_fipses":["35001"]},"type":"Feature"},{"geometry":{"coordinates":[-119.4795921,39.51409629999995],"type":"Point"},"id":"fac_im3_point_06685432442","properties":{"county_fipses":["32029"],"data_status":"provisional_source_record","display_name":"Switch Tahoe Reno - The Citadel Campus","entity_id":"fac_im3_point_06685432442","entity_type":"facility","footprint_sqft":null,"geography_assignment_method":"point_in_polygon","primary_county_fips":"32029","release_vintage":"2026.02.09","source_layer":"point","source_name":"Switch Tahoe Reno - The Citadel Campus","source_operator":"Switch","source_record_id":"06685432442","source_ref":null,"source_reported_county_fipses":["32029"]},"type":"Feature"},{"geometry":{"coordinates":[-78.2253196,39.63098509999999],"type":"Point"},"id":"fac_im3_point_06793837329","properties":{"county_fipses":["54065"],"data_status":"provisional_source_record","display_name":"Morgan Wireless","entity_id":"fac_im3_point_06793837329","entity_type":"facility","footprint_sqft":null,"geography_assignment_method":"point_in_polygon","primary_county_fips":"54065","release_vintage":"2026.02.09","source_layer":"point","source_name":"Morgan Wireless","source_operator":null,"source_record_id":"06793837329","source_ref":null,"source_reported_county_fipses":["54065"]},"type":"Feature"},{"geometry":{"coordinates":[-96.7828145,32.7825463],"type":"Point"},"id":"fac_im3_point_06856057098","properties":{"county_fipses":["48113"],"data_status":"provisional_source_record","display_name":"VIRTBIZ","entity_id":"fac_im3_point_06856057098","entity_type":"facility","footprint_sqft":null,"geography_assignment_method":"point_in_polygon","primary_county_fips":"48113","release_vintage":"2026.02.09","source_layer":"point","source_name":"VIRTBIZ","source_operator":null,"source_record_id":"06856057098","source_ref":null,"source_reported_county_fipses":["48113"]},"type":"Feature"},{"geometry":{"coordinates":[-70.26137850000002,43.657838799999986],"type":"Point"},"id":"fac_im3_point_07171975407","properties":{"county_fipses":["23005"],"data_status":"provisional_source_record","display_name":"FirstLight Data Center","entity_id":"fac_im3_point_07171975407","entity_type":"facility","footprint_sqft":null,"geography_assignment_method":"point_in_polygon","primary_county_fips":"23005","release_vintage":"2026.02.09","source_layer":"point","source_name":"FirstLight Data Center","source_operator":"FirstLight","source_record_id":"07171975407","source_ref":null,"source_reported_county_fipses":["23005"]},"type":"Feature"},{"geometry":{"coordinates":[-86.9141546,40.42178999999997],"type":"Point"},"id":"fac_im3_point_07264976228","properties":{"county_fipses":["18157"],"data_status":"provisional_source_record","display_name":"Learning GIS!","entity_id":"fac_im3_point_07264976228","entity_type":"facility","footprint_sqft":null,"geography_assignment_method":"point_in_polygon","primary_county_fips":"18157","release_vintage":"2026.02.09","source_layer":"point","source_name":"Learning GIS!","source_operator":null,"source_record_id":"07264976228","source_ref":null,"source_reported_county_fipses":["18157"]},"type":"Feature"},{"geometry":{"coordinates":[-86.9165454,40.4218543],"type":"Point"},"id":"fac_im3_point_07264976991","properties":{"county_fipses":["18157"],"data_status":"provisional_source_record","display_name":"Agricultural and Biological Engineering","entity_id":"fac_im3_point_07264976991","entity_type":"facility","footprint_sqft":null,"geography_assignment_method":"point_in_polygon","primary_county_fips":"18157","release_vintage":"2026.02.09","source_layer":"point","source_name":"Agricultural and Biological Engineering","source_operator":null,"source_record_id":"07264976991","source_ref":null,"source_reported_county_fipses":["18157"]},"type":"Feature"},{"geometry":{"coordinates":[-78.851552,35.88139699999996],"type":"Point"},"id":"fac_im3_point_07324132050","properties":{"county_fipses":["37063"],"data_status":"provisional_source_record","display_name":"Windstream Communications","entity_id":"fac_im3_point_07324132050","entity_type":"facility","footprint_sqft":null,"geography_assignment_method":"point_in_polygon","primary_county_fips":"37063","release_vintage":"2026.02.09","source_layer":"point","source_name":"Windstream Communications","source_operator":null,"source_record_id":"07324132050","source_ref":null,"source_reported_county_fipses":["37063"]},"type":"Feature"},{"geometry":{"coordinates":[-78.8515726,35.88136400000003],"type":"Point"},"id":"fac_im3_point_07324132051","properties":{"county_fipses":["37063"],"data_status":"provisional_source_record","display_name":"Level 3 Communications","entity_id":"fac_im3_point_07324132051","entity_type":"facility","footprint_sqft":null,"geography_assignment_method":"point_in_polygon","primary_county_fips":"37063","release_vintage":"2026.02.09","source_layer":"point","source_name":"Level 3 Communications","source_operator":null,"source_record_id":"07324132051","source_ref":null,"source_reported_county_fipses":["37063"]},"type":"Feature"},{"geometry":{"coordinates":[-111.7526684,33.38041490000001],"type":"Point"},"id":"fac_im3_point_07557854384","properties":{"county_fipses":["04013"],"data_status":"provisional_source_record","display_name":"OptimumHQ","entity_id":"fac_im3_point_07557854384","entity_type":"facility","footprint_sqft":null,"geography_assignment_method":"point_in_polygon","primary_county_fips":"04013","release_vintage":"2026.02.09","source_layer":"point","source_name":"OptimumHQ","source_operator":null,"source_record_id":"07557854384","source_ref":null,"source_reported_county_fipses":["04013"]},"type":"Feature"},{"geometry":{"coordinates":[-111.7528888,33.38060100000002],"type":"Point"},"id":"fac_im3_point_07557868585","properties":{"county_fipses":["04013"],"data_status":"provisional_source_record","display_name":"The Chatfield Group","entity_id":"fac_im3_point_07557868585","entity_type":"facility","footprint_sqft":null,"geography_assignment_method":"point_in_polygon","primary_county_fips":"04013","release_vintage":"2026.02.09","source_layer":"point","source_name":"The Chatfield Group","source_operator":null,"source_record_id":"07557868585","source_ref":null,"source_reported_county_fipses":["04013"]},"type":"Feature"},{"geometry":{"coordinates":[-111.809686,33.31991570000004],"type":"Point"},"id":"fac_im3_point_07578821329","properties":{"county_fipses":["04013"],"data_status":"provisional_source_record","display_name":"All About Serving Process Server","entity_id":"fac_im3_point_07578821329","entity_type":"facility","footprint_sqft":null,"geography_assignment_method":"point_in_polygon","primary_county_fips":"04013","release_vintage":"2026.02.09","source_layer":"point","source_name":"All About Serving Process Server","source_operator":null,"source_record_id":"07578821329","source_ref":null,"source_reported_county_fipses":["04013"]},"type":"Feature"},{"geometry":{"coordinates":[-111.8405386,33.30296499999996],"type":"Point"},"id":"fac_im3_point_07737996606","properties":{"county_fipses":["04013"],"data_status":"provisional_source_record","display_name":"Emailage","entity_id":"fac_im3_point_07737996606","entity_type":"facility","footprint_sqft":null,"geography_assignment_method":"point_in_polygon","primary_county_fips":"04013","release_vintage":"2026.02.09","source_layer":"point","source_name":"Emailage","source_operator":null,"source_record_id":"07737996606","source_ref":null,"source_reported_county_fipses":["04013"]},"type":"Feature"},{"geometry":{"coordinates":[-111.728405,33.37998619999999],"type":"Point"},"id":"fac_im3_point_07821940847","properties":{"county_fipses":["04013"],"data_status":"provisional_source_record","display_name":"Alliance Technology","entity_id":"fac_im3_point_07821940847","entity_type":"facility","footprint_sqft":null,"geography_assignment_method":"point_in_polygon","primary_county_fips":"04013","release_vintage":"2026.02.09","source_layer":"point","source_name":"Alliance Technology","source_operator":null,"source_record_id":"07821940847","source_ref":null,"source_reported_county_fipses":["04013"]},"type":"Feature"},{"geometry":{"coordinates":[-77.2258825,38.91372360000001],"type":"Point"},"id":"fac_im3_point_07985753364","properties":{"county_fipses":["51059"],"data_status":"provisional_source_record","display_name":"8100 Boone Boulevard","entity_id":"fac_im3_point_07985753364","entity_type":"facility","footprint_sqft":null,"geography_assignment_method":"point_in_polygon","primary_county_fips":"51059","release_vintage":"2026.02.09","source_layer":"point","source_name":"8100 Boone Boulevard","source_operator":"Digital Realty","source_record_id":"07985753364","source_ref":null,"source_reported_county_fipses":["51059"]},"type":"Feature"},{"geometry":{"coordinates":[-82.2997617,29.672818699999958],"type":"Point"},"id":"fac_im3_point_08017899486","properties":{"county_fipses":["12001"],"data_status":"provisional_source_record","display_name":"HiPerGator","entity_id":"fac_im3_point_08017899486","entity_type":"facility","footprint_sqft":null,"geography_assignment_method":"point_in_polygon","primary_county_fips":"12001","release_vintage":"2026.02.09","source_layer":"point","source_name":"HiPerGator","source_operator":"University of Florida","source_record_id":"08017899486","source_ref":"Version 3.0","source_reported_county_fipses":["12001"]},"type":"Feature"},{"geometry":{"coordinates":[-84.3914814,33.755518599999995],"type":"Point"},"id":"fac_im3_point_08109664813","properties":{"county_fipses":["13121"],"data_status":"provisional_source_record","display_name":"Atlanta ATL13","entity_id":"fac_im3_point_08109664813","entity_type":"facility","footprint_sqft":null,"geography_assignment_method":"point_in_polygon","primary_county_fips":"13121","release_vintage":"2026.02.09","source_layer":"point","source_name":"Atlanta ATL13","source_operator":"Digital Realty","source_record_id":"08109664813","source_ref":"ATL13","source_reported_county_fipses":["13121"]},"type":"Feature"},{"geometry":{"coordinates":[-87.9539794,43.04394079999997],"type":"Point"},"id":"fac_im3_point_08165754026","properties":{"county_fipses":["55079"],"data_status":"provisional_source_record","display_name":"Data Holdings Data Center","entity_id":"fac_im3_point_08165754026","entity_type":"facility","footprint_sqft":null,"geography_assignment_method":"point_in_polygon","primary_county_fips":"55079","release_vintage":"2026.02.09","source_layer":"point","source_name":"Data Holdings Data Center","source_operator":null,"source_record_id":"08165754026","source_ref":null,"source_reported_county_fipses":["55079"]},"type":"Feature"},{"geometry":{"coordinates":[-121.891051,37.402744900000016],"type":"Point"},"id":"fac_im3_point_08238715059","properties":{"county_fipses":["06085"],"data_status":"provisional_source_record","display_name":"STACK Infrastructure","entity_id":"fac_im3_point_08238715059","entity_type":"facility","footprint_sqft":null,"geography_assignment_method":"point_in_polygon","primary_county_fips":"06085","release_vintage":"2026.02.09","source_layer":"point","source_name":"STACK Infrastructure","source_operator":"Stack Infrastructure, Incorporated","source_record_id":"08238715059","source_ref":null,"source_reported_county_fipses":["06085"]},"type":"Feature"},{"geometry":{"coordinates":[-121.891057,37.40263410000001],"type":"Point"},"id":"fac_im3_point_08238715061","properties":{"county_fipses":["06085"],"data_status":"provisional_source_record","display_name":"STACK Infrastructure","entity_id":"fac_im3_point_08238715061","entity_type":"facility","footprint_sqft":null,"geography_assignment_method":"point_in_polygon","primary_county_fips":"06085","release_vintage":"2026.02.09","source_layer":"point","source_name":"STACK Infrastructure","source_operator":"Stack Infrastructure, Incorporated","source_record_id":"08238715061","source_ref":null,"source_reported_county_fipses":["06085"]},"type":"Feature"},{"geometry":{"coordinates":[-120.64151280000002,35.25531619999998],"type":"Point"},"id":"fac_im3_point_08477460442","properties":{"county_fipses":["06079"],"data_status":"provisional_source_record","display_name":"Digital West Data Center","entity_id":"fac_im3_point_08477460442","entity_type":"facility","footprint_sqft":null,"geography_assignment_method":"point_in_polygon","primary_county_fips":"06079","release_vintage":"2026.02.09","source_layer":"point","source_name":"Digital West Data Center","source_operator":null,"source_record_id":"08477460442","source_ref":null,"source_reported_county_fipses":["06079"]},"type":"Feature"},{"geometry":{"coordinates":[-82.98839390000002,42.62794240000004],"type":"Point"},"id":"fac_im3_point_08641856300","properties":{"county_fipses":["26099"],"data_status":"provisional_source_record","display_name":"Chick-fil-A Hiring Center","entity_id":"fac_im3_point_08641856300","entity_type":"facility","footprint_sqft":null,"geography_assignment_method":"point_in_polygon","primary_county_fips":"26099","release_vintage":"2026.02.09","source_layer":"point","source_name":"Chick-fil-A Hiring Center","source_operator":"Dennis Sampier","source_record_id":"08641856300","source_ref":null,"source_reported_county_fipses":["26099"]},"type":"Feature"},{"geometry":{"coordinates":[-72.5898636,41.7070776],"type":"Point"},"id":"fac_im3_point_08767284091","properties":{"county_fipses":["09110"],"data_status":"provisional_source_record","display_name":"Ergonomic Group","entity_id":"fac_im3_point_08767284091","entity_type":"facility","footprint_sqft":null,"geography_assignment_method":"point_in_polygon","primary_county_fips":"09110","release_vintage":"2026.02.09","source_layer":"point","source_name":"Ergonomic Group","source_operator":null,"source_record_id":"08767284091","source_ref":null,"source_reported_county_fipses":["09110"]},"type":"Feature"},{"geometry":{"coordinates":[-121.891646,37.3341181],"type":"Point"},"id":"fac_im3_point_08897151054","properties":{"county_fipses":["06085"],"data_status":"provisional_source_record","display_name":"San Jose Colocation Center","entity_id":"fac_im3_point_08897151054","entity_type":"facility","footprint_sqft":null,"geography_assignment_method":"point_in_polygon","primary_county_fips":"06085","release_vintage":"2026.02.09","source_layer":"point","source_name":"San Jose Colocation Center","source_operator":"CoreSite","source_record_id":"08897151054","source_ref":"SV1","source_reported_county_fipses":["06085"]},"type":"Feature"},{"geometry":{"coordinates":[-77.4146998,39.02548510000001],"type":"Point"},"id":"fac_im3_point_09092482804","properties":{"county_fipses":["51107"],"data_status":"provisional_source_record","display_name":"Amazon Web Services IAD69","entity_id":"fac_im3_point_09092482804","entity_type":"facility","footprint_sqft":null,"geography_assignment_method":"point_in_polygon","primary_county_fips":"51107","release_vintage":"2026.02.09","source_layer":"point","source_name":"Amazon Web Services IAD69","source_operator":"Amazon Web Services","source_record_id":"09092482804","source_ref":"IAD69","source_reported_county_fipses":["51107"]},"type":"Feature"},{"geometry":{"coordinates":[-95.4860464,30.178136500000015],"type":"Point"},"id":"fac_im3_point_09190480200","properties":{"county_fipses":["48339"],"data_status":"provisional_source_record","display_name":"Stream Data Centers Houston","entity_id":"fac_im3_point_09190480200","entity_type":"facility","footprint_sqft":null,"geography_assignment_method":"point_in_polygon","primary_county_fips":"48339","release_vintage":"2026.02.09","source_layer":"point","source_name":"Stream Data Centers Houston","source_operator":null,"source_record_id":"09190480200","source_ref":null,"source_reported_county_fipses":["48339"]},"type":"Feature"},{"geometry":{"coordinates":[-76.6064893,39.28770169999999],"type":"Point"},"id":"fac_im3_point_09669340912","properties":{"county_fipses":["24510"],"data_status":"provisional_source_record","display_name":"Crown Castle Baltimore","entity_id":"fac_im3_point_09669340912","entity_type":"facility","footprint_sqft":null,"geography_assignment_method":"point_in_polygon","primary_county_fips":"24510","release_vintage":"2026.02.09","source_layer":"point","source_name":"Crown Castle Baltimore","source_operator":"Crown Castle Fiber","source_record_id":"09669340912","source_ref":"Baltimore","source_reported_county_fipses":["24510"]},"type":"Feature"},{"geometry":{"coordinates":[-76.6203737,39.29175829999999],"type":"Point"},"id":"fac_im3_point_09669405859","properties":{"county_fipses":["24510"],"data_status":"provisional_source_record","display_name":"AiNET One Market Center","entity_id":"fac_im3_point_09669405859","entity_type":"facility","footprint_sqft":null,"geography_assignment_method":"point_in_polygon","primary_county_fips":"24510","release_vintage":"2026.02.09","source_layer":"point","source_name":"AiNET One Market Center","source_operator":"AiNET","source_record_id":"09669405859","source_ref":"BW1","source_reported_county_fipses":["24510"]},"type":"Feature"},{"geometry":{"coordinates":[-77.2115713,38.920853799999996],"type":"Point"},"id":"fac_im3_point_09669639033","properties":{"county_fipses":["51059"],"data_status":"provisional_source_record","display_name":"Lumen McLean","entity_id":"fac_im3_point_09669639033","entity_type":"facility","footprint_sqft":null,"geography_assignment_method":"point_in_polygon","primary_county_fips":"51059","release_vintage":"2026.02.09","source_layer":"point","source_name":"Lumen McLean","source_operator":"Lumen Technologies","source_record_id":"09669639033","source_ref":null,"source_reported_county_fipses":["51059"]},"type":"Feature"},{"geometry":{"coordinates":[-87.9610618,43.00937789999995],"type":"Point"},"id":"fac_im3_point_09721703993","properties":{"county_fipses":["55079"],"data_status":"provisional_source_record","display_name":"TierPoint Milwaukee","entity_id":"fac_im3_point_09721703993","entity_type":"facility","footprint_sqft":null,"geography_assignment_method":"point_in_polygon","primary_county_fips":"55079","release_vintage":"2026.02.09","source_layer":"point","source_name":"TierPoint Milwaukee","source_operator":null,"source_record_id":"09721703993","source_ref":null,"source_reported_county_fipses":["55079"]},"type":"Feature"},{"geometry":{"coordinates":[-78.8123836,42.990201099999986],"type":"Point"},"id":"fac_im3_point_09736262934","properties":{"county_fipses":["36029"],"data_status":"provisional_source_record","display_name":"Frontier Science","entity_id":"fac_im3_point_09736262934","entity_type":"facility","footprint_sqft":null,"geography_assignment_method":"point_in_polygon","primary_county_fips":"36029","release_vintage":"2026.02.09","source_layer":"point","source_name":"Frontier Science","source_operator":null,"source_record_id":"09736262934","source_ref":null,"source_reported_county_fipses":["36029"]},"type":"Feature"},{"geometry":{"coordinates":[-106.65264560000001,35.088628899999954],"type":"Point"},"id":"fac_im3_point_09808044830","properties":{"county_fipses":["35001"],"data_status":"provisional_source_record","display_name":"505 Marquette","entity_id":"fac_im3_point_09808044830","entity_type":"facility","footprint_sqft":null,"geography_assignment_method":"point_in_polygon","primary_county_fips":"35001","release_vintage":"2026.02.09","source_layer":"point","source_name":"505 Marquette","source_operator":null,"source_record_id":"09808044830","source_ref":null,"source_reported_county_fipses":["35001"]},"type":"Feature"},{"geometry":{"coordinates":[-106.6489853,35.08444940000002],"type":"Point"},"id":"fac_im3_point_09808044840","properties":{"county_fipses":["35001"],"data_status":"provisional_source_record","display_name":"123 Central","entity_id":"fac_im3_point_09808044840","entity_type":"facility","footprint_sqft":null,"geography_assignment_method":"point_in_polygon","primary_county_fips":"35001","release_vintage":"2026.02.09","source_layer":"point","source_name":"123 Central","source_operator":"bigbyte.cc","source_record_id":"09808044840","source_ref":null,"source_reported_county_fipses":["35001"]},"type":"Feature"},{"geometry":{"coordinates":[-94.57882090000001,39.101181600000075],"type":"Point"},"id":"fac_im3_point_09861806598","properties":{"county_fipses":["29095"],"data_status":"provisional_source_record","display_name":"Unnamed IM3 point 09861806598","entity_id":"fac_im3_point_09861806598","entity_type":"facility","footprint_sqft":null,"geography_assignment_method":"point_in_polygon","primary_county_fips":"29095","release_vintage":"2026.02.09","source_layer":"point","source_name":null,"source_operator":null,"source_record_id":"09861806598","source_ref":null,"source_reported_county_fipses":["29095"]},"type":"Feature"},{"geometry":{"coordinates":[-94.5811452,39.10090709999998],"type":"Point"},"id":"fac_im3_point_09922928085","properties":{"county_fipses":["29095"],"data_status":"provisional_source_record","display_name":"Netrality Data Centers","entity_id":"fac_im3_point_09922928085","entity_type":"facility","footprint_sqft":null,"geography_assignment_method":"point_in_polygon","primary_county_fips":"29095","release_vintage":"2026.02.09","source_layer":"point","source_name":"Netrality Data Centers","source_operator":null,"source_record_id":"09922928085","source_ref":null,"source_reported_county_fipses":["29095"]},"type":"Feature"},{"geometry":{"coordinates":[-87.63344,41.872881100000015],"type":"Point"},"id":"fac_im3_point_10537283366","properties":{"county_fipses":["17031"],"data_status":"provisional_source_record","display_name":"Netrality","entity_id":"fac_im3_point_10537283366","entity_type":"facility","footprint_sqft":null,"geography_assignment_method":"point_in_polygon","primary_county_fips":"17031","release_vintage":"2026.02.09","source_layer":"point","source_name":"Netrality","source_operator":"Netrality","source_record_id":"10537283366","source_ref":null,"source_reported_county_fipses":["17031"]},"type":"Feature"},{"geometry":{"coordinates":[-78.9385323,36.00309929999997],"type":"Point"},"id":"fac_im3_point_10567817971","properties":{"county_fipses":["37063"],"data_status":"provisional_source_record","display_name":"Brandaleone Lab for Data and Visualization","entity_id":"fac_im3_point_10567817971","entity_type":"facility","footprint_sqft":null,"geography_assignment_method":"point_in_polygon","primary_county_fips":"37063","release_vintage":"2026.02.09","source_layer":"point","source_name":"Brandaleone Lab for Data and Visualization","source_operator":"Duke Libraries","source_record_id":"10567817971","source_ref":null,"source_reported_county_fipses":["37063"]},"type":"Feature"},{"geometry":{"coordinates":[-84.310567,35.92951329999998],"type":"Point"},"id":"fac_im3_point_10648552506","properties":{"county_fipses":["47145"],"data_status":"provisional_source_record","display_name":"Frontier (supercomputer)","entity_id":"fac_im3_point_10648552506","entity_type":"facility","footprint_sqft":null,"geography_assignment_method":"point_in_polygon","primary_county_fips":"47145","release_vintage":"2026.02.09","source_layer":"point","source_name":"Frontier (supercomputer)","source_operator":"Oak Ridge National Laboratory","source_record_id":"10648552506","source_ref":null,"source_reported_county_fipses":["47145"]},"type":"Feature"},{"geometry":{"coordinates":[-122.3940005,37.7796531],"type":"Point"},"id":"fac_im3_point_10780794741","properties":{"county_fipses":["06075"],"data_status":"provisional_source_record","display_name":"Ntirety","entity_id":"fac_im3_point_10780794741","entity_type":"facility","footprint_sqft":null,"geography_assignment_method":"point_in_polygon","primary_county_fips":"06075","release_vintage":"2026.02.09","source_layer":"point","source_name":null,"source_operator":"Ntirety","source_record_id":"10780794741","source_ref":null,"source_reported_county_fipses":["06075"]},"type":"Feature"},{"geometry":{"coordinates":[-111.9017033,33.62736699999998],"type":"Point"},"id":"fac_im3_point_10796113031","properties":{"county_fipses":["04013"],"data_status":"provisional_source_record","display_name":"VaultLogix","entity_id":"fac_im3_point_10796113031","entity_type":"facility","footprint_sqft":null,"geography_assignment_method":"point_in_polygon","primary_county_fips":"04013","release_vintage":"2026.02.09","source_layer":"point","source_name":"VaultLogix","source_operator":null,"source_record_id":"10796113031","source_ref":null,"source_reported_county_fipses":["04013"]},"type":"Feature"},{"geometry":{"coordinates":[-111.9020476,33.627247700000005],"type":"Point"},"id":"fac_im3_point_10796113033","properties":{"county_fipses":["04013"],"data_status":"provisional_source_record","display_name":"Profit Finder Pro Software","entity_id":"fac_im3_point_10796113033","entity_type":"facility","footprint_sqft":null,"geography_assignment_method":"point_in_polygon","primary_county_fips":"04013","release_vintage":"2026.02.09","source_layer":"point","source_name":"Profit Finder Pro Software","source_operator":null,"source_record_id":"10796113033","source_ref":null,"source_reported_county_fipses":["04013"]},"type":"Feature"},{"geometry":{"coordinates":[-111.9139825,33.61166239999997],"type":"Point"},"id":"fac_im3_point_10798644674","properties":{"county_fipses":["04013"],"data_status":"provisional_source_record","display_name":"DataPro USA Web Development","entity_id":"fac_im3_point_10798644674","entity_type":"facility","footprint_sqft":null,"geography_assignment_method":"point_in_polygon","primary_county_fips":"04013","release_vintage":"2026.02.09","source_layer":"point","source_name":"DataPro USA Web Development","source_operator":null,"source_record_id":"10798644674","source_ref":null,"source_reported_county_fipses":["04013"]},"type":"Feature"},{"geometry":{"coordinates":[-122.0437382,37.971080899999976],"type":"Point"},"id":"fac_im3_point_10880725408","properties":{"county_fipses":["06013"],"data_status":"provisional_source_record","display_name":"e360","entity_id":"fac_im3_point_10880725408","entity_type":"facility","footprint_sqft":null,"geography_assignment_method":"point_in_polygon","primary_county_fips":"06013","release_vintage":"2026.02.09","source_layer":"point","source_name":"e360","source_operator":null,"source_record_id":"10880725408","source_ref":null,"source_reported_county_fipses":["06013"]},"type":"Feature"},{"geometry":{"coordinates":[-87.6183067,41.853350700000014],"type":"Point"},"id":"fac_im3_point_10910879064","properties":{"county_fipses":["17031"],"data_status":"provisional_source_record","display_name":"Digital Realty ORD10","entity_id":"fac_im3_point_10910879064","entity_type":"facility","footprint_sqft":null,"geography_assignment_method":"point_in_polygon","primary_county_fips":"17031","release_vintage":"2026.02.09","source_layer":"point","source_name":"Digital Realty ORD10","source_operator":"Digital Realty","source_record_id":"10910879064","source_ref":"ORD10","source_reported_county_fipses":["17031"]},"type":"Feature"},{"geometry":{"coordinates":[-87.6186071,41.85338270000003],"type":"Point"},"id":"fac_im3_point_10910879065","properties":{"county_fipses":["17031"],"data_status":"provisional_source_record","display_name":"Centersquare Chicago Data Center - ORD1","entity_id":"fac_im3_point_10910879065","entity_type":"facility","footprint_sqft":null,"geography_assignment_method":"point_in_polygon","primary_county_fips":"17031","release_vintage":"2026.02.09","source_layer":"point","source_name":"Centersquare Chicago Data Center - ORD1","source_operator":"Centersquare","source_record_id":"10910879065","source_ref":"ORD1","source_reported_county_fipses":["17031"]},"type":"Feature"},{"geometry":{"coordinates":[-111.8843457,33.63448429999997],"type":"Point"},"id":"fac_im3_point_10938672218","properties":{"county_fipses":["04013"],"data_status":"provisional_source_record","display_name":"K-Motion Interactive","entity_id":"fac_im3_point_10938672218","entity_type":"facility","footprint_sqft":null,"geography_assignment_method":"point_in_polygon","primary_county_fips":"04013","release_vintage":"2026.02.09","source_layer":"point","source_name":"K-Motion Interactive","source_operator":null,"source_record_id":"10938672218","source_ref":null,"source_reported_county_fipses":["04013"]},"type":"Feature"},{"geometry":{"coordinates":[-87.6359383,41.8805271],"type":"Point"},"id":"fac_im3_point_10945121336","properties":{"county_fipses":["17031"],"data_status":"provisional_source_record","display_name":"West Monroe","entity_id":"fac_im3_point_10945121336","entity_type":"facility","footprint_sqft":null,"geography_assignment_method":"point_in_polygon","primary_county_fips":"17031","release_vintage":"2026.02.09","source_layer":"point","source_name":"West Monroe","source_operator":null,"source_record_id":"10945121336","source_ref":null,"source_reported_county_fipses":["17031"]},"type":"Feature"},{"geometry":{"coordinates":[-111.8960985,33.64466630000003],"type":"Point"},"id":"fac_im3_point_11018926315","properties":{"county_fipses":["04013"],"data_status":"provisional_source_record","display_name":"Iron Mountain Data Centers AZS-1","entity_id":"fac_im3_point_11018926315","entity_type":"facility","footprint_sqft":null,"geography_assignment_method":"point_in_polygon","primary_county_fips":"04013","release_vintage":"2026.02.09","source_layer":"point","source_name":"Iron Mountain Data Centers AZS-1","source_operator":null,"source_record_id":"11018926315","source_ref":null,"source_reported_county_fipses":["04013"]},"type":"Feature"},{"geometry":{"coordinates":[-87.6314655,41.875940500000006],"type":"Point"},"id":"fac_im3_point_11098469355","properties":{"county_fipses":["17031"],"data_status":"provisional_source_record","display_name":"CoreSite Chicago Data Center (CH1)","entity_id":"fac_im3_point_11098469355","entity_type":"facility","footprint_sqft":null,"geography_assignment_method":"point_in_polygon","primary_county_fips":"17031","release_vintage":"2026.02.09","source_layer":"point","source_name":"CoreSite Chicago Data Center (CH1)","source_operator":"CoreSite","source_record_id":"11098469355","source_ref":"CH1","source_reported_county_fipses":["17031"]},"type":"Feature"},{"geometry":{"coordinates":[-112.1117142,33.664745499999945],"type":"Point"},"id":"fac_im3_point_11113161710","properties":{"county_fipses":["04013"],"data_status":"provisional_source_record","display_name":"Accelera Data Systems","entity_id":"fac_im3_point_11113161710","entity_type":"facility","footprint_sqft":null,"geography_assignment_method":"point_in_polygon","primary_county_fips":"04013","release_vintage":"2026.02.09","source_layer":"point","source_name":"Accelera Data Systems","source_operator":null,"source_record_id":"11113161710","source_ref":null,"source_reported_county_fipses":["04013"]},"type":"Feature"},{"geometry":{"coordinates":[-76.8115503,39.427317800000004],"type":"Point"},"id":"fac_im3_point_11167641842","properties":{"county_fipses":["24005"],"data_status":"provisional_source_record","display_name":"Expedient Owings Mills","entity_id":"fac_im3_point_11167641842","entity_type":"facility","footprint_sqft":null,"geography_assignment_method":"point_in_polygon","primary_county_fips":"24005","release_vintage":"2026.02.09","source_layer":"point","source_name":"Expedient Owings Mills","source_operator":"Expedient","source_record_id":"11167641842","source_ref":null,"source_reported_county_fipses":["24005"]},"type":"Feature"},{"geometry":{"coordinates":[-76.6204024,39.29175920000002],"type":"Point"},"id":"fac_im3_point_11168593074","properties":{"county_fipses":["24510"],"data_status":"provisional_source_record","display_name":"Lumen Baltimore","entity_id":"fac_im3_point_11168593074","entity_type":"facility","footprint_sqft":null,"geography_assignment_method":"point_in_polygon","primary_county_fips":"24510","release_vintage":"2026.02.09","source_layer":"point","source_name":"Lumen Baltimore","source_operator":"Lumen Technologies","source_record_id":"11168593074","source_ref":null,"source_reported_county_fipses":["24510"]},"type":"Feature"},{"geometry":{"coordinates":[-76.5916709,39.2746554],"type":"Point"},"id":"fac_im3_point_11168593094","properties":{"county_fipses":["24510"],"data_status":"provisional_source_record","display_name":"Expedient Tidepoint","entity_id":"fac_im3_point_11168593094","entity_type":"facility","footprint_sqft":null,"geography_assignment_method":"point_in_polygon","primary_county_fips":"24510","release_vintage":"2026.02.09","source_layer":"point","source_name":"Expedient Tidepoint","source_operator":"Expedient","source_record_id":"11168593094","source_ref":null,"source_reported_county_fipses":["24510"]},"type":"Feature"},{"geometry":{"coordinates":[-104.8431597,39.59387330000001],"type":"Point"},"id":"fac_im3_point_11400893880","properties":{"county_fipses":["08005"],"data_status":"provisional_source_record","display_name":"Flexential - Denver - Centennial Data Center","entity_id":"fac_im3_point_11400893880","entity_type":"facility","footprint_sqft":null,"geography_assignment_method":"point_in_polygon","primary_county_fips":"08005","release_vintage":"2026.02.09","source_layer":"point","source_name":"Flexential - Denver - Centennial Data Center","source_operator":"Flexential","source_record_id":"11400893880","source_ref":null,"source_reported_county_fipses":["08005"]},"type":"Feature"},{"geometry":{"coordinates":[-123.05594560000002,43.797155399999994],"type":"Point"},"id":"fac_im3_point_11526819452","properties":{"county_fipses":["41039"],"data_status":"provisional_source_record","display_name":"EarthClick.net LLC","entity_id":"fac_im3_point_11526819452","entity_type":"facility","footprint_sqft":null,"geography_assignment_method":"point_in_polygon","primary_county_fips":"41039","release_vintage":"2026.02.09","source_layer":"point","source_name":"EarthClick.net LLC","source_operator":null,"source_record_id":"11526819452","source_ref":null,"source_reported_county_fipses":["41039"]},"type":"Feature"},{"geometry":{"coordinates":[-111.9700762,33.39558550000002],"type":"Point"},"id":"fac_im3_point_11666916913","properties":{"county_fipses":["04013"],"data_status":"provisional_source_record","display_name":"EdgeConneX Data Center","entity_id":"fac_im3_point_11666916913","entity_type":"facility","footprint_sqft":null,"geography_assignment_method":"point_in_polygon","primary_county_fips":"04013","release_vintage":"2026.02.09","source_layer":"point","source_name":"EdgeConneX Data Center","source_operator":"EdgeConneX","source_record_id":"11666916913","source_ref":null,"source_reported_county_fipses":["04013"]},"type":"Feature"},{"geometry":{"coordinates":[-83.6276287,41.807281700000004],"type":"Point"},"id":"fac_im3_point_11815482844","properties":{"county_fipses":["26115"],"data_status":"provisional_source_record","display_name":"Unnamed IM3 point 11815482844","entity_id":"fac_im3_point_11815482844","entity_type":"facility","footprint_sqft":null,"geography_assignment_method":"point_in_polygon","primary_county_fips":"26115","release_vintage":"2026.02.09","source_layer":"point","source_name":null,"source_operator":null,"source_record_id":"11815482844","source_ref":null,"source_reported_county_fipses":["26115"]},"type":"Feature"},{"geometry":{"coordinates":[-117.5030207,33.910289899999995],"type":"Point"},"id":"fac_im3_point_11924506303","properties":{"county_fipses":["06065"],"data_status":"provisional_source_record","display_name":"IT","entity_id":"fac_im3_point_11924506303","entity_type":"facility","footprint_sqft":null,"geography_assignment_method":"point_in_polygon","primary_county_fips":"06065","release_vintage":"2026.02.09","source_layer":"point","source_name":"IT","source_operator":null,"source_record_id":"11924506303","source_ref":null,"source_reported_county_fipses":["06065"]},"type":"Feature"},{"geometry":{"coordinates":[-111.9773353,33.40513069999998],"type":"Point"},"id":"fac_im3_point_11938614120","properties":{"county_fipses":["04013"],"data_status":"provisional_source_record","display_name":"Alembic Computer Services, Inc.","entity_id":"fac_im3_point_11938614120","entity_type":"facility","footprint_sqft":null,"geography_assignment_method":"point_in_polygon","primary_county_fips":"04013","release_vintage":"2026.02.09","source_layer":"point","source_name":"Alembic Computer Services, Inc.","source_operator":null,"source_record_id":"11938614120","source_ref":null,"source_reported_county_fipses":["04013"]},"type":"Feature"},{"geometry":{"coordinates":[-111.9711539,33.413185599999956],"type":"Point"},"id":"fac_im3_point_11938631189","properties":{"county_fipses":["04013"],"data_status":"provisional_source_record","display_name":"J-Curve Technologies","entity_id":"fac_im3_point_11938631189","entity_type":"facility","footprint_sqft":null,"geography_assignment_method":"point_in_polygon","primary_county_fips":"04013","release_vintage":"2026.02.09","source_layer":"point","source_name":"J-Curve Technologies","source_operator":null,"source_record_id":"11938631189","source_ref":null,"source_reported_county_fipses":["04013"]},"type":"Feature"},{"geometry":{"coordinates":[-84.44946380000002,39.31593130000003],"type":"Point"},"id":"fac_im3_point_12112201416","properties":{"county_fipses":["39017"],"data_status":"provisional_source_record","display_name":"Flexential Cincinnati","entity_id":"fac_im3_point_12112201416","entity_type":"facility","footprint_sqft":null,"geography_assignment_method":"point_in_polygon","primary_county_fips":"39017","release_vintage":"2026.02.09","source_layer":"point","source_name":"Flexential Cincinnati","source_operator":"Flexential","source_record_id":"12112201416","source_ref":null,"source_reported_county_fipses":["39017"]},"type":"Feature"},{"geometry":{"coordinates":[-104.9941589,39.74597020000002],"type":"Point"},"id":"fac_im3_point_12112236372","properties":{"county_fipses":["08031"],"data_status":"provisional_source_record","display_name":"Flexential Denver - Downtown","entity_id":"fac_im3_point_12112236372","entity_type":"facility","footprint_sqft":null,"geography_assignment_method":"point_in_polygon","primary_county_fips":"08031","release_vintage":"2026.02.09","source_layer":"point","source_name":"Flexential Denver - Downtown","source_operator":"Flexential","source_record_id":"12112236372","source_ref":null,"source_reported_county_fipses":["08031"]},"type":"Feature"},{"geometry":{"coordinates":[-96.8193707,32.800410099999986],"type":"Point"},"id":"fac_im3_point_12112238944","properties":{"county_fipses":["48113"],"data_status":"provisional_source_record","display_name":"Flexential Dallas - Downtown Dallas","entity_id":"fac_im3_point_12112238944","entity_type":"facility","footprint_sqft":null,"geography_assignment_method":"point_in_polygon","primary_county_fips":"48113","release_vintage":"2026.02.09","source_layer":"point","source_name":"Flexential Dallas - Downtown Dallas","source_operator":"Flexential","source_record_id":"12112238944","source_ref":null,"source_reported_county_fipses":["48113"]},"type":"Feature"},{"geometry":{"coordinates":[-81.5817226,30.245748200000005],"type":"Point"},"id":"fac_im3_point_12112266917","properties":{"county_fipses":["12031"],"data_status":"provisional_source_record","display_name":"Flexential Jacksonville","entity_id":"fac_im3_point_12112266917","entity_type":"facility","footprint_sqft":null,"geography_assignment_method":"point_in_polygon","primary_county_fips":"12031","release_vintage":"2026.02.09","source_layer":"point","source_name":"Flexential Jacksonville","source_operator":"Flexential","source_record_id":"12112266917","source_ref":null,"source_reported_county_fipses":["12031"]},"type":"Feature"},{"geometry":{"coordinates":[-104.8488321,39.66104880000002],"type":"Point"},"id":"fac_im3_point_12112270180","properties":{"county_fipses":["08005"],"data_status":"provisional_source_record","display_name":"Flexential - Denver - Aurora","entity_id":"fac_im3_point_12112270180","entity_type":"facility","footprint_sqft":null,"geography_assignment_method":"point_in_polygon","primary_county_fips":"08005","release_vintage":"2026.02.09","source_layer":"point","source_name":"Flexential - Denver - Aurora","source_operator":"Flexential","source_record_id":"12112270180","source_ref":null,"source_reported_county_fipses":["08005"]},"type":"Feature"},{"geometry":{"coordinates":[-86.8084949,35.972729399999956],"type":"Point"},"id":"fac_im3_point_12112295055","properties":{"county_fipses":["47187"],"data_status":"provisional_source_record","display_name":"Flexential Nashville - Brentwood","entity_id":"fac_im3_point_12112295055","entity_type":"facility","footprint_sqft":null,"geography_assignment_method":"point_in_polygon","primary_county_fips":"47187","release_vintage":"2026.02.09","source_layer":"point","source_name":"Flexential Nashville - Brentwood","source_operator":"Flexential","source_record_id":"12112295055","source_ref":null,"source_reported_county_fipses":["47187"]},"type":"Feature"},{"geometry":{"coordinates":[-78.8291431,35.850528100000005],"type":"Point"},"id":"fac_im3_point_12112361725","properties":{"county_fipses":["37183"],"data_status":"provisional_source_record","display_name":"Flexential Raleigh","entity_id":"fac_im3_point_12112361725","entity_type":"facility","footprint_sqft":null,"geography_assignment_method":"point_in_polygon","primary_county_fips":"37183","release_vintage":"2026.02.09","source_layer":"point","source_name":"Flexential Raleigh","source_operator":"Flexential","source_record_id":"12112361725","source_ref":null,"source_reported_county_fipses":["37183"]},"type":"Feature"},{"geometry":{"coordinates":[-82.5399781,28.037299100000027],"type":"Point"},"id":"fac_im3_point_12112380995","properties":{"county_fipses":["12057"],"data_status":"provisional_source_record","display_name":"Flexential Tampa - West","entity_id":"fac_im3_point_12112380995","entity_type":"facility","footprint_sqft":null,"geography_assignment_method":"point_in_polygon","primary_county_fips":"12057","release_vintage":"2026.02.09","source_layer":"point","source_name":"Flexential Tampa - West","source_operator":"Flexential","source_record_id":"12112380995","source_ref":null,"source_reported_county_fipses":["12057"]},"type":"Feature"},{"geometry":{"coordinates":[-111.7278754,40.33264800000003],"type":"Point"},"id":"fac_im3_point_12112382397","properties":{"county_fipses":["49049"],"data_status":"provisional_source_record","display_name":"Flexential Salt Lake City - Lindon","entity_id":"fac_im3_point_12112382397","entity_type":"facility","footprint_sqft":null,"geography_assignment_method":"point_in_polygon","primary_county_fips":"49049","release_vintage":"2026.02.09","source_layer":"point","source_name":"Flexential Salt Lake City - Lindon","source_operator":"Flexential","source_record_id":"12112382397","source_ref":null,"source_reported_county_fipses":["49049"]},"type":"Feature"},{"geometry":{"coordinates":[-74.00445830000001,40.71992800000002],"type":"Point"},"id":"fac_im3_point_12221811811","properties":{"county_fipses":["36061"],"data_status":"provisional_source_record","display_name":"Digital Realty New York JFK13","entity_id":"fac_im3_point_12221811811","entity_type":"facility","footprint_sqft":null,"geography_assignment_method":"point_in_polygon","primary_county_fips":"36061","release_vintage":"2026.02.09","source_layer":"point","source_name":"Digital Realty New York JFK13","source_operator":"Digital Realty","source_record_id":"12221811811","source_ref":"JFK13","source_reported_county_fipses":["36061"]},"type":"Feature"},{"geometry":{"coordinates":[-74.0084414,40.717676600000004],"type":"Point"},"id":"fac_im3_point_12221880448","properties":{"county_fipses":["36061"],"data_status":"provisional_source_record","display_name":"Digital Realty New York JFK12","entity_id":"fac_im3_point_12221880448","entity_type":"facility","footprint_sqft":null,"geography_assignment_method":"point_in_polygon","primary_county_fips":"36061","release_vintage":"2026.02.09","source_layer":"point","source_name":"Digital Realty New York JFK12","source_operator":"Digital Realty","source_record_id":"12221880448","source_ref":"JFK12","source_reported_county_fipses":["36061"]},"type":"Feature"},{"geometry":{"coordinates":[-84.3911712,33.75598569999999],"type":"Point"},"id":"fac_im3_point_12331366645","properties":{"county_fipses":["13121"],"data_status":"provisional_source_record","display_name":"CoreSite AT1","entity_id":"fac_im3_point_12331366645","entity_type":"facility","footprint_sqft":null,"geography_assignment_method":"point_in_polygon","primary_county_fips":"13121","release_vintage":"2026.02.09","source_layer":"point","source_name":"CoreSite AT1","source_operator":"CoreSite","source_record_id":"12331366645","source_ref":"AT1","source_reported_county_fipses":["13121"]},"type":"Feature"},{"geometry":{"coordinates":[-106.6153476,35.08673849999998],"type":"Point"},"id":"fac_im3_point_12387534800","properties":{"county_fipses":["35001"],"data_status":"provisional_source_record","display_name":"UNM Data Center","entity_id":"fac_im3_point_12387534800","entity_type":"facility","footprint_sqft":null,"geography_assignment_method":"point_in_polygon","primary_county_fips":"35001","release_vintage":"2026.02.09","source_layer":"point","source_name":"UNM Data Center","source_operator":"UNM","source_record_id":"12387534800","source_ref":"UNM","source_reported_county_fipses":["35001"]},"type":"Feature"},{"geometry":{"coordinates":[-121.96286529999999,37.3666621],"type":"Point"},"id":"fac_im3_point_12437277166","properties":{"county_fipses":["06085"],"data_status":"provisional_source_record","display_name":"Prime Santa Clara","entity_id":"fac_im3_point_12437277166","entity_type":"facility","footprint_sqft":null,"geography_assignment_method":"point_in_polygon","primary_county_fips":"06085","release_vintage":"2026.02.09","source_layer":"point","source_name":"Prime Santa Clara","source_operator":"Prime","source_record_id":"12437277166","source_ref":null,"source_reported_county_fipses":["06085"]},"type":"Feature"},{"geometry":{"coordinates":[-74.4568563,40.55035010000003],"type":"Point"},"id":"fac_im3_point_12452254071","properties":{"county_fipses":["34023"],"data_status":"provisional_source_record","display_name":"Open Data Centers Piscataway","entity_id":"fac_im3_point_12452254071","entity_type":"facility","footprint_sqft":null,"geography_assignment_method":"point_in_polygon","primary_county_fips":"34023","release_vintage":"2026.02.09","source_layer":"point","source_name":"Open Data Centers Piscataway","source_operator":null,"source_record_id":"12452254071","source_ref":null,"source_reported_county_fipses":["34023"]},"type":"Feature"},{"geometry":{"coordinates":[-74.0750122,40.785394800000006],"type":"Point"},"id":"fac_im3_point_12471740457","properties":{"county_fipses":["34017"],"data_status":"provisional_source_record","display_name":"H5 Secaucus","entity_id":"fac_im3_point_12471740457","entity_type":"facility","footprint_sqft":null,"geography_assignment_method":"point_in_polygon","primary_county_fips":"34017","release_vintage":"2026.02.09","source_layer":"point","source_name":"H5 Secaucus","source_operator":"H5","source_record_id":"12471740457","source_ref":null,"source_reported_county_fipses":["34017"]},"type":"Feature"},{"geometry":{"coordinates":[-121.9474176,37.322867500000015],"type":"Point"},"id":"fac_im3_point_12550746951","properties":{"county_fipses":["06085"],"data_status":"provisional_source_record","display_name":"Forescout Technologies, Inc.","entity_id":"fac_im3_point_12550746951","entity_type":"facility","footprint_sqft":null,"geography_assignment_method":"point_in_polygon","primary_county_fips":"06085","release_vintage":"2026.02.09","source_layer":"point","source_name":"Forescout Technologies, Inc.","source_operator":null,"source_record_id":"12550746951","source_ref":null,"source_reported_county_fipses":["06085"]},"type":"Feature"},{"geometry":{"coordinates":[-73.818665,42.73563079999996],"type":"Point"},"id":"fac_im3_point_12682482760","properties":{"county_fipses":["36001"],"data_status":"provisional_source_record","display_name":"Lumen Albany 4","entity_id":"fac_im3_point_12682482760","entity_type":"facility","footprint_sqft":null,"geography_assignment_method":"point_in_polygon","primary_county_fips":"36001","release_vintage":"2026.02.09","source_layer":"point","source_name":"Lumen Albany 4","source_operator":"Lumen Technologies","source_record_id":"12682482760","source_ref":null,"source_reported_county_fipses":["36001"]},"type":"Feature"},{"geometry":{"coordinates":[-87.6180475,41.853557800000004],"type":"Point"},"id":"fac_im3_point_12695496267","properties":{"county_fipses":["17031"],"data_status":"provisional_source_record","display_name":"Equinix Chicago Data Center - CH1","entity_id":"fac_im3_point_12695496267","entity_type":"facility","footprint_sqft":null,"geography_assignment_method":"point_in_polygon","primary_county_fips":"17031","release_vintage":"2026.02.09","source_layer":"point","source_name":"Equinix Chicago Data Center - CH1","source_operator":"Equinix","source_record_id":"12695496267","source_ref":"CH1","source_reported_county_fipses":["17031"]},"type":"Feature"},{"geometry":{"coordinates":[-74.6688514,40.315558000000024],"type":"Point"},"id":"fac_im3_point_12708029111","properties":{"county_fipses":["34021"],"data_status":"provisional_source_record","display_name":"501 West","entity_id":"fac_im3_point_12708029111","entity_type":"facility","footprint_sqft":null,"geography_assignment_method":"point_in_polygon","primary_county_fips":"34021","release_vintage":"2026.02.09","source_layer":"point","source_name":"501 West","source_operator":null,"source_record_id":"12708029111","source_ref":null,"source_reported_county_fipses":["34021"]},"type":"Feature"},{"geometry":{"coordinates":[-74.0048163,40.65769569999999],"type":"Point"},"id":"fac_im3_point_12766117170","properties":{"county_fipses":["36047"],"data_status":"provisional_source_record","display_name":"Dataverge","entity_id":"fac_im3_point_12766117170","entity_type":"facility","footprint_sqft":null,"geography_assignment_method":"point_in_polygon","primary_county_fips":"36047","release_vintage":"2026.02.09","source_layer":"point","source_name":"Dataverge","source_operator":"Dataverge","source_record_id":"12766117170","source_ref":null,"source_reported_county_fipses":["36047"]},"type":"Feature"},{"geometry":{"coordinates":[-95.8382826,36.09947349999995],"type":"Point"},"id":"fac_im3_point_12793428582","properties":{"county_fipses":["40143"],"data_status":"provisional_source_record","display_name":"TulsaConnect DC3","entity_id":"fac_im3_point_12793428582","entity_type":"facility","footprint_sqft":null,"geography_assignment_method":"point_in_polygon","primary_county_fips":"40143","release_vintage":"2026.02.09","source_layer":"point","source_name":"TulsaConnect DC3","source_operator":null,"source_record_id":"12793428582","source_ref":null,"source_reported_county_fipses":["40143"]},"type":"Feature"},{"geometry":{"coordinates":[-111.6352356,33.35667870000003],"type":"Point"},"id":"fac_im3_point_13019681063","properties":{"county_fipses":["04013"],"data_status":"provisional_source_record","display_name":"Comarch","entity_id":"fac_im3_point_13019681063","entity_type":"facility","footprint_sqft":null,"geography_assignment_method":"point_in_polygon","primary_county_fips":"04013","release_vintage":"2026.02.09","source_layer":"point","source_name":"Comarch","source_operator":null,"source_record_id":"13019681063","source_ref":null,"source_reported_county_fipses":["04013"]},"type":"Feature"},{"geometry":{"coordinates":[-118.23591439999998,34.0584789],"type":"Point"},"id":"fac_im3_point_13042311881","properties":{"county_fipses":["06037"],"data_status":"provisional_source_record","display_name":"CoreSite - LA2","entity_id":"fac_im3_point_13042311881","entity_type":"facility","footprint_sqft":null,"geography_assignment_method":"point_in_polygon","primary_county_fips":"06037","release_vintage":"2026.02.09","source_layer":"point","source_name":"CoreSite - LA2","source_operator":"CoreSite","source_record_id":"13042311881","source_ref":"LA2","source_reported_county_fipses":["06037"]},"type":"Feature"},{"geometry":{"coordinates":[-77.45379770000001,39.013791700000006],"type":"Point"},"id":"fac_im3_point_13154826377","properties":{"county_fipses":["51107"],"data_status":"provisional_source_record","display_name":"Equinix","entity_id":"fac_im3_point_13154826377","entity_type":"facility","footprint_sqft":null,"geography_assignment_method":"point_in_polygon","primary_county_fips":"51107","release_vintage":"2026.02.09","source_layer":"point","source_name":"Equinix","source_operator":"Equinix","source_record_id":"13154826377","source_ref":"DC22","source_reported_county_fipses":["51107"]},"type":"Feature"},{"geometry":{"coordinates":[-77.47195400000001,39.01601419999996],"type":"Point"},"id":"fac_im3_point_13154826378","properties":{"county_fipses":["51107"],"data_status":"provisional_source_record","display_name":"NTT Ashburn VA7 Data Center","entity_id":"fac_im3_point_13154826378","entity_type":"facility","footprint_sqft":null,"geography_assignment_method":"point_in_polygon","primary_county_fips":"51107","release_vintage":"2026.02.09","source_layer":"point","source_name":"NTT Ashburn VA7 Data Center","source_operator":"NTT","source_record_id":"13154826378","source_ref":"VA7","source_reported_county_fipses":["51107"]},"type":"Feature"},{"geometry":{"coordinates":[-77.6099636,38.79997309999995],"type":"Point"},"id":"fac_im3_point_13154826379","properties":{"county_fipses":["51153"],"data_status":"provisional_source_record","display_name":"NTT VA11 Data Center","entity_id":"fac_im3_point_13154826379","entity_type":"facility","footprint_sqft":null,"geography_assignment_method":"point_in_polygon","primary_county_fips":"51153","release_vintage":"2026.02.09","source_layer":"point","source_name":"NTT VA11 Data Center","source_operator":"NTT","source_record_id":"13154826379","source_ref":"VA11","source_reported_county_fipses":["51153"]},"type":"Feature"},{"geometry":{"coordinates":[-89.3922794,43.067716100000005],"type":"Point"},"id":"fac_im3_point_13226718075","properties":{"county_fipses":["55025"],"data_status":"provisional_source_record","display_name":"Lumen Madison 1 Data Center","entity_id":"fac_im3_point_13226718075","entity_type":"facility","footprint_sqft":null,"geography_assignment_method":"point_in_polygon","primary_county_fips":"55025","release_vintage":"2026.02.09","source_layer":"point","source_name":"Lumen Madison 1 Data Center","source_operator":"Lumen Technologies","source_record_id":"13226718075","source_ref":null,"source_reported_county_fipses":["55025"]},"type":"Feature"},{"geometry":{"coordinates":[-115.1398835,36.065940500000025],"type":"Point"},"id":"fac_im3_point_13311012216","properties":{"county_fipses":["32003"],"data_status":"provisional_source_record","display_name":"Fiberhub LAS1","entity_id":"fac_im3_point_13311012216","entity_type":"facility","footprint_sqft":null,"geography_assignment_method":"point_in_polygon","primary_county_fips":"32003","release_vintage":"2026.02.09","source_layer":"point","source_name":"Fiberhub LAS1","source_operator":"Fiberhub","source_record_id":"13311012216","source_ref":"LAS1","source_reported_county_fipses":["32003"]},"type":"Feature"},{"geometry":{"coordinates":[-75.3397205,40.087918900000005],"type":"Point"},"id":"fac_im3_point_13409186015","properties":{"county_fipses":["42091"],"data_status":"provisional_source_record","display_name":"DāStor: 3400 Horizon Drive","entity_id":"fac_im3_point_13409186015","entity_type":"facility","footprint_sqft":null,"geography_assignment_method":"point_in_polygon","primary_county_fips":"42091","release_vintage":"2026.02.09","source_layer":"point","source_name":"DāStor: 3400 Horizon Drive","source_operator":null,"source_record_id":"13409186015","source_ref":null,"source_reported_county_fipses":["42091"]},"type":"Feature"},{"geometry":{"coordinates":[-96.798496,32.778446900000006],"type":"Point"},"id":"fac_im3_point_13465438761","properties":{"county_fipses":["48113"],"data_status":"provisional_source_record","display_name":"Rad Web Hosting","entity_id":"fac_im3_point_13465438761","entity_type":"facility","footprint_sqft":null,"geography_assignment_method":"point_in_polygon","primary_county_fips":"48113","release_vintage":"2026.02.09","source_layer":"point","source_name":"Rad Web Hosting","source_operator":null,"source_record_id":"13465438761","source_ref":null,"source_reported_county_fipses":["48113"]},"type":"Feature"},{"geometry":{"coordinates":[-122.19153160000002,47.95874409999997],"type":"Point"},"id":"fac_im3_point_13527396782","properties":{"county_fipses":["53061"],"data_status":"provisional_source_record","display_name":"Unnamed IM3 point 13527396782","entity_id":"fac_im3_point_13527396782","entity_type":"facility","footprint_sqft":null,"geography_assignment_method":"point_in_polygon","primary_county_fips":"53061","release_vintage":"2026.02.09","source_layer":"point","source_name":null,"source_operator":null,"source_record_id":"13527396782","source_ref":null,"source_reported_county_fipses":["53061"]},"type":"Feature"}],"metadata":{"attribution":"© OpenStreetMap contributors; IM3 Open Source Data Center Atlas (PNNL/DOE)","generated_at":"2026-08-31T22:43:00Z","interpretation":"OSM-derived source records; not a deduplicated or lifecycle-verified operating facility inventory.","license":"ODbL 1.0","record_count":1472,"release_vintage":"2026.02.09","schema_version":"1.0.0","source":"IM3 Open Source Data Center Atlas","source_id":"src_im3_atlas_20260209"},"name":"im3_2026_02_09_provisional_source_records","type":"FeatureCollection"}
